2017-04-10 08:36:00,2017-04-05 04:30:55,69
2017-04-10 08:36:00,2017-04-05 04:32:55,69
2017-04-10 08:36:00,2017-04-05 04:33:55,68
2017-04-10 08:36:00,2017-04-05 04:34:55,67
2017-04-10 08:36:00,2017-04-05 04:35:55,67
2017-04-10 08:36:00,2017-04-05 04:36:55,68
2017-04-10 08:36:00,2017-04-05 04:37:55,68
2017-04-10 08:36:00,2017-04-05 04:38:55,67
2017-04-10 08:36:00,2017-04-05 04:39:55,67
2017-04-10 08:36:00,2017-04-05 04:41:55,68
2017-04-10 08:36:00,2017-04-05 04:42:55,68
2017-04-10 08:36:00,2017-04-05 04:43:55,68
2017-04-10 08:36:00,2017-04-05 04:45:55,69
2017-04-10 08:36:00,2017-04-05 04:46:55,68
2017-04-10 08:36:00,2017-04-05 04:47:55,68
2017-04-10 08:36:00,2017-04-05 04:48:55,67
2017-04-10 08:36:00,2017-04-05 04:49:55,67
2017-04-10 08:36:00,2017-04-05 04:50:55,67
2017-04-10 08:36:00,2017-04-05 04:51:55,66
2017-04-10 08:36:00,2017-04-05 04:53:55,67
2017-04-10 08:36:00,2017-04-05 04:54:55,66
2017-04-10 08:36:00,2017-04-05 04:55:55,66
2017-04-10 08:36:00,2017-04-05 04:57:55,68
2017-04-10 08:36:00,2017-04-05 04:58:55,68
2017-04-10 08:36:00,2017-04-05 04:59:55,69
2017-04-10 08:36:00,2017-04-05 05:02:12,69
2017-04-10 08:36:00,2017-04-05 05:03:12,69
2017-04-10 08:36:00,2017-04-05 05:04:12,68
2017-04-10 08:36:00,2017-04-05 05:07:12,67
2017-04-10 08:36:00,2017-04-05 05:08:12,67
2017-04-10 08:36:00,2017-04-05 05:09:12,67
2017-04-10 08:36:00,2017-04-05 05:12:12,67
2017-04-10 08:36:00,2017-04-05 05:14:12,67
2017-04-10 08:36:00,2017-04-05 05:15:12,66
2017-04-10 08:36:00,2017-04-05 05:19:12,64
2017-04-10 08:36:00,2017-04-05 05:20:12,63
2017-04-10 08:36:00,2017-04-05 05:39:12,61
2017-04-10 08:36:00,2017-04-05 05:40:12,59
2017-04-10 08:36:00,2017-04-05 05:42:12,58
2017-04-10 08:36:00,2017-04-05 05:43:12,57
2017-04-10 08:36:00,2017-04-05 05:44:12,57
2017-04-10 08:36:00,2017-04-05 05:46:12,56
2017-04-10 08:36:00,2017-04-05 05:47:12,55
2017-04-10 08:36:00,2017-04-05 05:48:12,55
2017-04-10 08:36:00,2017-04-05 05:50:12,54
2017-04-10 08:36:00,2017-04-05 05:51:12,54
2017-04-10 08:36:00,2017-04-05 05:52:12,54
2017-04-10 08:36:00,2017-04-05 05:53:12,54
2017-04-10 08:36:00,2017-04-05 05:54:12,54
2017-04-10 08:36:00,2017-04-05 05:55:12,54
2017-04-10 08:37:00,2017-04-05 05:56:12,54
2017-04-10 08:37:00,2017-04-05 06:03:12,54
2017-04-10 08:37:00,2017-04-05 06:04:12,54
2017-04-10 08:37:00,2017-04-05 06:07:12,55
2017-04-10 08:37:00,2017-04-05 06:21:12,54
2017-04-10 08:37:00,2017-04-05 06:25:12,56
2017-04-10 08:37:00,2017-04-05 06:35:12,56
2017-04-10 08:37:00,2017-04-05 06:37:12,57
2017-04-10 08:37:00,2017-04-05 06:38:12,57
2017-04-10 08:37:00,2017-04-05 06:39:12,57
2017-04-10 08:37:00,2017-04-05 06:56:12,57
2017-04-10 08:37:00,2017-04-05 06:57:12,61
2017-04-10 08:37:00,2017-04-05 06:58:12,61
2017-04-10 08:37:00,2017-04-05 07:01:12,61
2017-04-10 08:37:00,2017-04-05 07:02:12,58
2017-04-10 08:37:00,2017-04-05 07:03:12,58
2017-04-10 08:37:00,2017-04-05 07:05:12,58
2017-04-10 08:37:00,2017-04-05 07:29:12,54
2017-04-10 08:37:00,2017-04-05 07:30:12,54
2017-04-10 08:37:00,2017-04-05 07:31:12,54
2017-04-10 08:37:00,2017-04-05 07:32:12,53
2017-04-10 08:37:00,2017-04-05 07:33:12,54
2017-04-10 08:37:00,2017-04-05 07:34:12,54
2017-04-10 08:37:00,2017-04-05 07:35:12,54
2017-04-10 08:37:00,2017-04-05 07:46:12,54
2017-04-10 08:37:00,2017-04-05 07:47:12,54
2017-04-10 08:37:00,2017-04-05 07:48:12,55
2017-04-10 08:37:00,2017-04-05 07:49:12,55
2017-04-10 08:37:00,2017-04-05 07:50:12,55
2017-04-10 08:37:00,2017-04-05 07:56:12,55
2017-04-10 08:37:00,2017-04-05 07:57:12,55
2017-04-10 08:37:00,2017-04-05 07:58:12,55
2017-04-10 08:37:00,2017-04-05 07:59:12,55
2017-04-10 08:37:00,2017-04-05 08:00:12,55
2017-04-10 08:37:00,2017-04-05 08:01:12,55
2017-04-10 08:37:00,2017-04-05 08:02:12,55
2017-04-10 08:37:00,2017-04-05 08:03:12,55
2017-04-10 08:37:00,2017-04-05 08:04:12,55
2017-04-10 08:37:00,2017-04-05 08:05:12,55
2017-04-10 08:37:00,2017-04-05 08:06:12,56
2017-04-10 08:37:00,2017-04-05 08:07:12,55
2017-04-10 08:37:00,2017-04-05 08:08:12,55
2017-04-10 08:37:00,2017-04-05 08:09:12,55
2017-04-10 08:37:00,2017-04-05 08:10:12,55
2017-04-10 08:37:00,2017-04-05 08:11:12,55
2017-04-10 08:37:00,2017-04-05 08:13:12,55
2017-04-10 08:37:00,2017-04-05 08:15:12,55
2017-04-10 08:37:00,2017-04-05 08:16:12,56
2017-04-10 08:37:00,2017-04-05 08:17:12,56
2017-04-10 08:37:00,2017-04-05 08:18:12,57
2017-04-10 10:06:00,2017-04-05 08:21:12,54
2017-04-10 10:06:00,2017-04-05 08:22:12,54
2017-04-10 10:06:00,2017-04-05 08:23:12,54
2017-04-10 10:06:00,2017-04-05 08:24:12,53
2017-04-10 10:06:00,2017-04-05 08:25:12,54
2017-04-10 10:06:00,2017-04-05 08:26:12,54
2017-04-10 10:06:00,2017-04-05 08:27:12,54
2017-04-10 10:06:00,2017-04-05 08:38:12,54
2017-04-10 10:06:00,2017-04-05 08:39:12,54
2017-04-10 10:06:00,2017-04-05 08:40:12,55
2017-04-10 10:06:00,2017-04-05 08:41:12,55
2017-04-10 10:06:00,2017-04-05 08:42:12,55
2017-04-10 10:06:00,2017-04-05 08:48:12,55
2017-04-10 10:06:00,2017-04-05 08:49:12,55
2017-04-10 10:06:00,2017-04-05 08:50:12,55
2017-04-10 10:06:00,2017-04-05 08:51:12,55
2017-04-10 10:06:00,2017-04-05 08:52:12,55
2017-04-10 10:06:00,2017-04-05 08:53:12,55
2017-04-10 10:06:00,2017-04-05 08:54:12,55
2017-04-10 10:06:00,2017-04-05 08:55:12,55
2017-04-10 10:06:00,2017-04-05 08:56:12,55
2017-04-10 10:06:00,2017-04-05 08:57:12,55
2017-04-10 10:06:00,2017-04-05 08:58:12,56
2017-04-10 10:06:00,2017-04-05 08:59:12,55
2017-04-10 10:06:00,2017-04-05 09:00:12,55
2017-04-10 10:06:00,2017-04-05 09:01:12,55
2017-04-10 10:06:00,2017-04-05 09:02:12,55
2017-04-10 10:06:00,2017-04-05 09:03:12,55
2017-04-10 10:06:00,2017-04-05 09:05:12,55
2017-04-10 10:06:00,2017-04-05 09:07:12,55
2017-04-10 10:06:00,2017-04-05 09:08:12,56
2017-04-10 10:06:00,2017-04-05 09:09:12,56
2017-04-10 10:06:00,2017-04-05 09:10:12,57
2017-04-10 10:06:00,2017-04-05 09:15:12,56
2017-04-10 10:06:00,2017-04-05 09:16:12,55
2017-04-10 10:06:00,2017-04-05 09:17:12,55
2017-04-10 10:06:00,2017-04-05 09:18:12,55
2017-04-10 10:06:00,2017-04-05 09:19:12,55
2017-04-10 10:06:00,2017-04-05 09:20:12,55
2017-04-10 10:06:00,2017-04-05 09:21:12,55
2017-04-10 10:06:00,2017-04-05 09:22:12,56
2017-04-10 10:06:00,2017-04-05 09:26:12,56
2017-04-10 10:06:00,2017-04-05 09:43:12,56
2017-04-10 10:06:00,2017-04-05 10:07:12,50
2017-04-10 10:06:00,2017-04-05 10:09:12,50
2017-04-10 10:06:00,2017-04-05 10:10:12,52
2017-04-10 10:06:00,2017-04-05 10:23:12,52
2017-04-10 10:06:00,2017-04-05 10:26:12,46
2017-04-10 10:06:00,2017-04-05 10:28:12,48
2017-04-10 10:06:00,2017-04-05 10:29:12,47
2017-04-10 10:07:00,2017-04-05 10:30:12,47
2017-04-10 10:07:00,2017-04-05 10:31:12,47
2017-04-10 10:07:00,2017-04-05 10:32:12,46
2017-04-10 10:07:00,2017-04-05 10:34:12,47
2017-04-10 10:07:00,2017-04-05 10:35:12,48
2017-04-10 10:07:00,2017-04-05 10:36:12,47
2017-04-10 10:07:00,2017-04-05 10:37:12,47
2017-04-10 10:07:00,2017-04-05 10:38:12,47
2017-04-10 10:07:00,2017-04-05 10:39:12,47
2017-04-10 10:07:00,2017-04-05 10:41:12,45
2017-04-10 10:07:00,2017-04-05 10:42:12,44
2017-04-10 10:07:00,2017-04-05 10:43:12,44
2017-04-10 10:07:00,2017-04-05 10:45:12,43
2017-04-10 10:07:00,2017-04-05 10:46:12,43
2017-04-10 10:07:00,2017-04-05 10:47:12,43
2017-04-10 10:07:00,2017-04-05 10:48:12,42
2017-04-10 10:07:00,2017-04-05 10:49:12,42
2017-04-10 10:07:00,2017-04-05 10:50:12,41
2017-04-10 10:07:00,2017-04-05 10:51:12,41
2017-04-10 10:07:00,2017-04-05 10:52:12,42
2017-04-10 10:07:00,2017-04-05 10:53:12,43
2017-04-10 10:07:00,2017-04-05 10:54:12,43
2017-04-10 10:07:00,2017-04-05 10:55:12,43
2017-04-10 10:07:00,2017-04-05 10:56:12,43
2017-04-10 10:07:00,2017-04-05 10:57:12,44
2017-04-10 10:07:00,2017-04-05 10:58:12,44
2017-04-10 10:07:00,2017-04-05 10:59:12,44
2017-04-10 10:07:00,2017-04-05 11:00:12,44
2017-04-10 10:07:00,2017-04-05 11:01:12,44
2017-04-10 10:07:00,2017-04-05 11:02:12,44
2017-04-10 10:07:00,2017-04-05 11:03:12,44
2017-04-10 10:07:00,2017-04-05 11:04:12,43
2017-04-10 10:07:00,2017-04-05 11:05:12,43
2017-04-10 10:07:00,2017-04-05 11:06:12,42
2017-04-10 10:07:00,2017-04-05 11:07:12,42
2017-04-10 10:07:00,2017-04-05 11:08:12,41
2017-04-10 10:07:00,2017-04-05 11:09:12,41
2017-04-10 10:07:00,2017-04-05 11:10:12,42
2017-04-10 10:07:00,2017-04-05 11:11:12,42
2017-04-10 10:07:00,2017-04-05 11:12:12,42
2017-04-10 10:07:00,2017-04-05 11:13:12,43
2017-04-10 10:07:00,2017-04-05 11:14:12,43
2017-04-10 10:07:00,2017-04-05 11:15:12,43
2017-04-10 10:07:00,2017-04-05 11:16:12,43
2017-04-10 10:07:00,2017-04-05 11:17:12,43
2017-04-10 10:07:00,2017-04-05 11:18:12,44
2017-04-10 10:07:00,2017-04-05 11:19:12,44
2017-04-10 10:07:00,2017-04-05 11:20:12,44
2017-04-10 10:07:00,2017-04-05 11:21:12,44
2017-04-10 10:07:00,2017-04-05 11:22:12,44
2017-04-10 10:07:00,2017-04-05 11:23:12,43
2017-04-10 10:07:00,2017-04-05 11:24:12,43
2017-04-10 10:07:00,2017-04-05 11:25:12,43
2017-04-10 10:07:00,2017-04-05 11:26:12,44
2017-04-10 10:07:00,2017-04-05 11:27:12,44
2017-04-10 10:07:00,2017-04-05 11:28:12,46
2017-04-10 10:07:00,2017-04-05 11:29:12,46
2017-04-10 10:07:00,2017-04-05 11:30:12,46
2017-04-10 10:07:00,2017-04-05 11:31:12,48
2017-04-10 10:07:00,2017-04-05 11:33:12,47
2017-04-10 10:07:00,2017-04-05 11:34:12,46
2017-04-10 10:07:00,2017-04-05 11:35:12,46
2017-04-10 10:07:00,2017-04-05 11:37:12,44
2017-04-10 10:07:00,2017-04-05 11:38:12,44
2017-04-10 10:07:00,2017-04-05 11:39:12,44
2017-04-10 10:07:00,2017-04-05 11:40:12,43
2017-04-10 10:07:00,2017-04-05 11:41:12,43
2017-04-10 10:07:00,2017-04-05 11:42:12,43
2017-04-10 10:07:00,2017-04-05 11:43:12,43
2017-04-10 10:07:00,2017-04-05 11:45:12,42
2017-04-10 10:07:00,2017-04-05 11:46:12,42
2017-04-10 10:07:00,2017-04-05 11:47:12,43
2017-04-10 10:07:00,2017-04-05 11:49:12,42
2017-04-10 10:07:00,2017-04-05 11:50:12,42
2017-04-10 10:07:00,2017-04-05 11:51:12,42
2017-04-10 10:07:00,2017-04-05 11:53:12,41
2017-04-10 10:07:00,2017-04-05 11:54:12,41
2017-04-10 10:07:00,2017-04-05 11:55:12,39
2017-04-10 10:07:00,2017-04-05 11:56:12,39
2017-04-10 10:07:00,2017-04-05 11:57:12,40
2017-04-10 10:07:00,2017-04-05 11:58:12,39
2017-04-10 10:07:00,2017-04-05 11:59:12,39
2017-04-10 10:07:00,2017-04-05 12:00:12,39
2017-04-10 10:07:00,2017-04-05 12:01:12,39
2017-04-10 10:07:00,2017-04-05 12:02:12,39
2017-04-10 10:07:00,2017-04-05 12:03:12,39
2017-04-10 10:07:00,2017-04-05 12:04:12,39
2017-04-10 10:07:00,2017-04-05 12:05:12,39
2017-04-10 10:07:00,2017-04-05 12:06:12,40
2017-04-10 10:07:00,2017-04-05 12:07:12,40
2017-04-10 10:07:00,2017-04-05 12:09:12,40
2017-04-10 10:07:00,2017-04-05 12:10:12,40
2017-04-10 10:07:00,2017-04-05 12:12:12,38
2017-04-10 10:07:00,2017-04-05 12:13:12,38
2017-04-10 10:07:00,2017-04-05 12:14:12,38
2017-04-10 10:07:00,2017-04-05 12:15:12,38
2017-04-10 10:07:00,2017-04-05 12:16:12,39
2017-04-10 10:07:00,2017-04-05 12:17:12,39
2017-04-10 10:07:00,2017-04-05 12:18:12,37
2017-04-10 10:07:00,2017-04-05 12:19:12,37
2017-04-10 10:08:00,2017-04-05 12:21:12,37
2017-04-10 10:08:00,2017-04-05 12:22:12,37
2017-04-10 10:08:00,2017-04-05 12:23:12,37
2017-04-10 10:08:00,2017-04-05 12:24:12,38
2017-04-10 10:08:00,2017-04-05 12:25:12,38
2017-04-10 10:08:00,2017-04-05 12:26:12,38
2017-04-10 10:08:00,2017-04-05 12:27:12,38
2017-04-10 10:08:00,2017-04-05 12:28:12,37
2017-04-10 10:08:00,2017-04-05 12:29:12,38
2017-04-10 10:08:00,2017-04-05 12:30:12,38
2017-04-10 10:08:00,2017-04-05 12:31:12,38
2017-04-10 10:08:00,2017-04-05 12:32:12,38
2017-04-10 10:08:00,2017-04-05 12:34:12,39
2017-04-10 10:08:00,2017-04-05 12:35:12,39
2017-04-10 10:08:00,2017-04-05 12:37:12,37
2017-04-10 10:08:00,2017-04-05 12:38:12,37
2017-04-10 10:08:00,2017-04-05 12:39:12,37
2017-04-10 10:08:00,2017-04-05 12:40:12,38
2017-04-10 10:08:00,2017-04-05 12:41:12,38
2017-04-10 10:08:00,2017-04-05 12:42:12,38
2017-04-10 10:08:00,2017-04-05 12:43:12,38
2017-04-10 10:08:00,2017-04-05 12:53:12,37
2017-04-10 10:08:00,2017-04-05 12:54:12,37
2017-04-10 10:08:00,2017-04-05 12:55:12,37
2017-04-10 10:08:00,2017-04-05 12:56:12,37
2017-04-10 10:08:00,2017-04-05 12:57:12,38
2017-04-10 10:08:00,2017-04-05 12:58:12,39
2017-04-10 10:08:00,2017-04-05 12:59:12,40
2017-04-10 10:08:00,2017-04-05 13:02:12,38
2017-04-10 10:08:00,2017-04-05 13:03:12,35
2017-04-10 10:08:00,2017-04-05 13:04:12,36
2017-04-10 10:08:00,2017-04-05 13:05:12,37
2017-04-10 10:08:00,2017-04-05 13:06:12,38
2017-04-10 10:08:00,2017-04-05 13:08:12,38
2017-04-10 10:08:00,2017-04-05 13:09:12,37
2017-04-10 10:08:00,2017-04-05 13:11:12,37
2017-04-10 10:08:00,2017-04-05 13:12:12,38
2017-04-10 10:08:00,2017-04-05 13:13:12,38
2017-04-10 10:08:00,2017-04-05 13:14:12,38
2017-04-10 10:08:00,2017-04-10 04:34:15,69
2017-04-10 10:08:00,2017-04-10 04:35:15,69
2017-04-10 10:08:00,2017-04-10 04:36:15,70
2017-04-10 10:08:00,2017-04-10 04:37:15,70
2017-04-10 10:08:00,2017-04-10 05:11:20,
2017-04-10 10:08:00,2017-04-10 05:12:20,69
2017-04-10 10:08:00,2017-04-10 05:13:20,69
2017-04-10 10:08:00,2017-04-10 05:14:20,70
2017-04-10 10:08:00,2017-04-10 05:15:20,70
2017-04-10 10:08:00,2017-04-10 05:18:20,60
2017-04-10 10:08:00,2017-04-10 05:19:20,60
2017-04-10 10:09:00,2017-04-10 05:21:20,60
2017-04-10 10:09:00,2017-04-10 05:24:20,60
2017-04-10 10:09:00,2017-04-10 05:36:20,56
2017-04-10 10:09:00,2017-04-10 05:38:20,56
2017-04-10 10:09:00,2017-04-10 05:41:20,56
2017-04-10 10:09:00,2017-04-10 05:42:20,55
2017-04-10 10:09:00,2017-04-10 05:43:20,55
2017-04-10 10:09:00,2017-04-10 05:54:20,51
2017-04-10 10:09:00,2017-04-10 05:55:20,51
2017-04-10 10:09:00,2017-04-10 06:04:20,50
2017-04-10 10:09:00,2017-04-10 06:05:20,50
2017-04-10 10:09:00,2017-04-10 06:06:20,50
2017-04-10 10:09:00,2017-04-10 06:07:20,49
2017-04-10 10:09:00,2017-04-10 06:08:20,49
2017-04-10 10:09:00,2017-04-10 06:09:18,48
2017-04-10 10:10:00,2017-04-10 06:10:06,48
2017-04-10 10:10:00,2017-04-10 06:10:54,47
2017-04-10 10:11:00,2017-04-10 06:11:42,47
2017-04-10 10:12:00,2017-04-10 06:12:30,47
2017-04-10 10:13:00,2017-04-10 06:13:18,47
2017-04-10 10:14:00,2017-04-10 06:14:06,47
2017-04-10 10:14:00,2017-04-10 06:14:54,47
2017-04-10 10:15:00,2017-04-10 06:15:42,47
2017-04-10 10:16:00,2017-04-10 06:16:30,48
2017-04-10 10:17:00,2017-04-10 06:17:18,49
2017-04-10 10:18:00,2017-04-10 06:18:06,49
2017-04-10 10:18:00,2017-04-10 06:18:54,49
2017-04-10 10:19:00,2017-04-10 06:19:42,48
2017-04-10 10:20:00,2017-04-10 06:20:30,46
2017-04-10 10:22:00,2017-04-10 06:22:06,46
2017-04-10 11:01:00,2017-04-10 06:23:20,45
2017-04-10 11:01:00,2017-04-10 07:01:18,40
2017-04-10 11:02:00,2017-04-10 07:02:06,39
2017-04-10 11:05:00,2017-04-10 07:03:20,39
2017-04-10 11:05:00,2017-04-10 07:05:03,39
2017-04-10 11:06:00,2017-04-10 07:06:05,38
2017-04-10 12:16:00,2017-04-10 07:07:20,38
2017-04-10 12:16:00,2017-04-10 08:10:44,
2017-04-10 12:16:00,2017-04-10 08:11:44,40
2017-04-10 12:16:00,2017-04-10 08:12:44,40
2017-04-10 12:16:00,2017-04-10 08:13:44,39
2017-04-10 12:16:00,2017-04-10 08:14:44,39
2017-04-10 12:16:00,2017-04-10 08:16:22,39
2017-04-10 12:17:00,2017-04-10 08:17:10,39
2017-04-10 12:18:00,2017-04-10 08:17:58,38
2017-04-10 12:18:00,2017-04-10 08:18:46,56
2017-04-10 12:19:00,2017-04-10 08:19:34,39
2017-04-10 12:20:00,2017-04-10 08:20:22,39
2017-04-10 12:21:00,2017-04-10 08:21:10,39
2017-04-10 12:22:00,2017-04-10 08:21:58,41
2017-04-10 12:23:00,2017-04-10 08:22:44,41
2017-04-10 12:23:00,2017-04-10 08:23:34,41
2017-04-10 12:25:00,2017-04-10 08:25:10,40
2017-04-10 12:26:00,2017-04-10 08:25:58,39
2017-04-10 12:27:00,2017-04-10 08:26:44,39
2017-04-10 12:27:00,2017-04-10 08:27:34,39
2017-04-10 12:28:00,2017-04-10 08:28:22,39
2017-04-10 12:29:00,2017-04-10 08:29:10,36
2017-04-10 12:30:00,2017-04-10 08:29:58,36
2017-04-10 12:31:00,2017-04-10 08:30:44,36
2017-04-10 12:31:00,2017-04-10 08:31:34,36
2017-04-10 12:32:00,2017-04-10 08:32:22,36
2017-04-10 12:33:00,2017-04-10 08:33:10,36
2017-04-10 12:34:00,2017-04-10 08:33:58,36
2017-04-10 12:34:00,2017-04-10 08:34:46,36
2017-04-10 12:35:00,2017-04-10 08:35:34,35
2017-04-10 12:36:00,2017-04-10 08:36:22,34
2017-04-10 12:37:00,2017-04-10 08:37:10,34
2017-04-10 12:38:00,2017-04-10 08:37:58,33
2017-04-10 12:39:00,2017-04-10 08:38:44,33
2017-04-10 12:39:00,2017-04-10 08:39:34,32
2017-04-10 12:40:00,2017-04-10 08:40:22,31
2017-04-10 12:41:00,2017-04-10 08:41:10,30
2017-04-10 12:42:00,2017-04-10 08:41:58,30
2017-04-10 12:43:00,2017-04-10 08:42:44,30
2017-04-10 12:43:00,2017-04-10 08:43:34,32
2017-04-10 12:44:00,2017-04-10 08:44:22,32
2017-04-10 12:45:00,2017-04-10 08:45:10,32
2017-04-10 12:46:00,2017-04-10 08:45:58,32
2017-04-10 12:47:00,2017-04-10 08:46:44,32
2017-04-10 12:47:00,2017-04-10 08:47:34,32
2017-04-10 12:48:00,2017-04-10 08:48:22,32
2017-04-10 12:49:00,2017-04-10 08:49:10,32
2017-04-10 12:50:00,2017-04-10 08:49:58,32
2017-04-10 12:50:00,2017-04-10 08:50:46,40
2017-04-10 12:51:00,2017-04-10 08:51:34,32
2017-04-10 12:52:00,2017-04-10 08:52:22,31
2017-04-10 12:53:00,2017-04-10 08:53:10,31
2017-04-10 12:54:00,2017-04-10 08:53:58,31
2017-04-10 12:54:00,2017-04-10 08:54:46,31
2017-04-10 12:55:00,2017-04-10 08:55:34,31
2017-04-10 12:56:00,2017-04-10 08:56:22,30
2017-04-10 12:57:00,2017-04-10 08:57:10,31
2017-04-10 12:58:00,2017-04-10 08:57:58,32
2017-04-10 12:58:00,2017-04-10 08:58:46,32
2017-04-10 12:59:00,2017-04-10 08:59:34,32
2017-04-10 13:00:00,2017-04-10 09:00:22,32
2017-04-10 13:01:00,2017-04-10 09:01:10,33
2017-04-10 13:02:00,2017-04-10 09:01:58,32
2017-04-10 13:02:00,2017-04-10 09:02:46,31
2017-04-10 13:03:00,2017-04-10 09:03:34,31
2017-04-10 13:04:00,2017-04-10 09:04:22,31
2017-04-10 13:05:00,2017-04-10 09:05:10,31
2017-04-10 13:06:00,2017-04-10 09:05:58,31
2017-04-10 13:07:00,2017-04-10 09:06:44,31
2017-04-10 13:07:00,2017-04-10 09:07:34,31
2017-04-10 13:08:00,2017-04-10 09:08:22,33
2017-04-10 13:09:00,2017-04-10 09:09:10,33
2017-04-10 13:10:00,2017-04-10 09:09:58,33
2017-04-10 13:11:00,2017-04-10 09:10:44,33
2017-04-10 13:11:00,2017-04-10 09:11:34,33
2017-04-10 13:12:00,2017-04-10 09:12:22,33
2017-04-10 13:13:00,2017-04-10 09:13:10,34
2017-04-10 13:14:00,2017-04-10 09:13:58,34
2017-04-10 13:14:00,2017-04-10 09:14:46,34
2017-04-10 13:15:00,2017-04-10 09:15:34,34
2017-04-10 13:16:00,2017-04-10 09:16:22,33
2017-04-10 13:17:00,2017-04-10 09:17:10,33
2017-04-10 13:18:00,2017-04-10 09:17:58,33
2017-04-10 13:19:00,2017-04-10 09:18:44,33
2017-04-10 13:19:00,2017-04-10 09:19:34,33
2017-04-10 13:20:00,2017-04-10 09:20:22,34
2017-04-10 13:21:00,2017-04-10 09:21:10,34
2017-04-10 13:21:00,2017-04-10 09:21:57,34
2017-04-10 13:22:00,2017-04-10 09:22:50,34
2017-04-10 13:23:00,2017-04-10 09:23:38,34
2017-04-10 13:24:00,2017-04-10 09:24:26,34
2017-04-10 13:26:00,2017-04-10 09:26:02,34
2017-04-10 13:27:00,2017-04-10 09:26:44,34
2017-04-10 13:27:00,2017-04-10 09:27:38,34
2017-04-10 13:28:00,2017-04-10 09:28:26,34
2017-04-10 13:29:00,2017-04-10 09:29:14,34
2017-04-10 13:31:00,2017-04-10 09:30:44,33
2017-04-10 13:31:00,2017-04-10 09:31:34,33
2017-04-10 13:32:00,2017-04-10 09:32:22,33
2017-04-10 13:33:00,2017-04-10 09:33:10,34
2017-04-10 13:34:00,2017-04-10 09:33:58,34
2017-04-10 13:34:00,2017-04-10 09:34:46,33
2017-04-10 13:35:00,2017-04-10 09:35:34,33
2017-04-10 13:36:00,2017-04-10 09:36:22,34
2017-04-10 13:37:00,2017-04-10 09:37:10,34
2017-04-10 13:38:00,2017-04-10 09:37:58,34
2017-04-10 13:39:00,2017-04-10 09:38:44,34
2017-04-10 13:39:00,2017-04-10 09:39:34,34
2017-04-10 13:40:00,2017-04-10 09:40:22,34
2017-04-10 13:41:00,2017-04-10 09:41:10,34
2017-04-10 13:42:00,2017-04-10 09:41:58,34
2017-04-10 13:47:00,2017-04-10 09:42:44,34
2017-04-10 13:47:00,2017-04-10 09:43:44,34
2017-04-10 13:47:00,2017-04-10 09:44:44,34
2017-04-10 13:47:00,2017-04-10 09:45:44,34
2017-04-10 13:47:00,2017-04-10 09:46:44,
2017-04-10 13:47:00,2017-04-10 09:47:34,
2017-04-10 13:48:00,2017-04-10 09:48:22,
2017-04-10 13:50:00,2017-04-10 09:49:58,
2017-04-10 14:02:00,2017-04-10 10:01:58,31
2017-04-10 14:02:00,2017-04-10 10:02:46,31
2017-04-10 14:03:00,2017-04-10 10:03:34,31
2017-04-10 14:04:00,2017-04-10 10:04:22,31
2017-04-10 14:05:00,2017-04-10 10:05:10,33
2017-04-10 14:06:00,2017-04-10 10:05:58,33
2017-04-10 14:06:00,2017-04-10 10:06:46,33
2017-04-10 14:07:00,2017-04-10 10:07:34,34
2017-04-10 14:08:00,2017-04-10 10:08:22,33
2017-04-10 14:09:00,2017-04-10 10:09:10,32
2017-04-10 14:10:00,2017-04-10 10:09:58,32
2017-04-10 14:10:00,2017-04-10 10:10:46,31
2017-04-10 14:11:00,2017-04-10 10:11:34,33
2017-04-10 14:12:00,2017-04-10 10:12:22,33
2017-04-10 14:13:00,2017-04-10 10:13:10,34
2017-04-10 14:14:00,2017-04-10 10:13:58,33
2017-04-10 14:14:00,2017-04-10 10:14:46,33
2017-04-10 14:15:00,2017-04-10 10:15:34,34
2017-04-10 14:16:00,2017-04-10 10:16:22,32
2017-04-10 14:17:00,2017-04-10 10:17:10,32
2017-04-10 14:18:00,2017-04-10 10:17:58,33
2017-04-10 14:18:00,2017-04-10 10:18:46,33
2017-04-10 14:19:00,2017-04-10 10:19:34,33
2017-04-10 14:20:00,2017-04-10 10:20:22,35
2017-04-10 14:21:00,2017-04-10 10:21:10,33
2017-04-10 14:22:00,2017-04-10 10:22:46,33
2017-04-10 14:23:00,2017-04-10 10:23:34,33
2017-04-10 14:24:00,2017-04-10 10:24:22,32
2017-04-10 14:25:00,2017-04-10 10:25:10,32
2017-04-10 14:26:00,2017-04-10 10:25:58,32
2017-04-10 14:26:00,2017-04-10 10:26:46,32
2017-04-10 14:27:00,2017-04-10 10:27:34,31
2017-04-10 14:28:00,2017-04-10 10:28:22,31
2017-04-10 14:29:00,2017-04-10 10:29:10,30
2017-04-10 14:30:00,2017-04-10 10:29:58,30
2017-04-10 14:30:00,2017-04-10 10:30:46,29
2017-04-10 14:31:00,2017-04-10 10:31:34,29
2017-04-10 14:32:00,2017-04-10 10:32:22,28
2017-04-10 14:33:00,2017-04-10 10:33:10,28
2017-04-10 14:34:00,2017-04-10 10:33:58,28
2017-04-10 14:34:00,2017-04-10 10:34:46,29
2017-04-10 14:35:00,2017-04-10 10:35:34,29
2017-04-10 14:36:00,2017-04-10 10:36:22,29
2017-04-10 14:37:00,2017-04-10 10:37:10,29
2017-04-10 14:38:00,2017-04-10 10:37:58,29
2017-04-10 14:38:00,2017-04-10 10:38:46,31
2017-04-10 14:39:00,2017-04-10 10:39:34,31
2017-04-10 14:40:00,2017-04-10 10:40:22,31
2017-04-10 14:42:00,2017-04-10 10:41:12,31
2017-04-10 14:42:00,2017-04-10 10:41:58,32
2017-04-10 14:42:00,2017-04-10 10:42:46,31
2017-04-10 14:43:00,2017-04-10 10:43:34,32
2017-04-10 14:44:00,2017-04-10 10:44:22,31
2017-04-10 14:45:00,2017-04-10 10:45:10,32
2017-04-10 14:46:00,2017-04-10 10:45:58,31
2017-04-10 14:46:00,2017-04-10 10:46:46,31
2017-04-10 14:47:00,2017-04-10 10:47:34,31
2017-04-10 14:48:00,2017-04-10 10:48:22,30
2017-04-10 14:49:00,2017-04-10 10:49:10,30
2017-04-10 14:50:00,2017-04-10 10:49:58,29
2017-04-10 14:50:00,2017-04-10 10:50:46,30
2017-04-10 14:51:00,2017-04-10 10:51:34,29
2017-04-10 14:52:00,2017-04-10 10:52:22,29
2017-04-10 14:53:00,2017-04-10 10:53:10,29
2017-04-10 14:54:00,2017-04-10 10:53:58,29
2017-04-10 14:54:00,2017-04-10 10:54:46,28
2017-04-10 14:55:00,2017-04-10 10:55:34,28
2017-04-10 14:56:00,2017-04-10 10:56:22,27
2017-04-10 14:57:00,2017-04-10 10:57:10,27
2017-04-10 14:58:00,2017-04-10 10:57:58,27
2017-04-10 14:58:00,2017-04-10 10:58:46,27
2017-04-10 14:59:00,2017-04-10 10:59:34,28
2017-04-10 15:00:00,2017-04-10 11:00:22,28
2017-04-10 15:01:00,2017-04-10 11:01:10,28
2017-04-10 15:02:00,2017-04-10 11:01:58,27
2017-04-10 15:02:00,2017-04-10 11:02:46,28
2017-04-10 15:03:00,2017-04-10 11:03:34,28
2017-04-10 15:04:00,2017-04-10 11:04:22,28
2017-04-10 15:05:00,2017-04-10 11:05:10,28
2017-04-10 15:06:00,2017-04-10 11:05:58,29
2017-04-10 15:06:00,2017-04-10 11:06:46,29
2017-04-10 15:07:00,2017-04-10 11:07:34,30
2017-04-10 15:08:00,2017-04-10 11:08:22,30
2017-04-10 15:09:00,2017-04-10 11:09:10,30
2017-04-10 15:10:00,2017-04-10 11:09:58,30
2017-04-10 15:10:00,2017-04-10 11:10:46,30
2017-04-10 15:11:00,2017-04-10 11:11:34,30
2017-04-10 15:12:00,2017-04-10 11:12:22,29
2017-04-10 15:13:00,2017-04-10 11:13:10,29
2017-04-10 15:14:00,2017-04-10 11:13:58,29
2017-04-10 15:14:00,2017-04-10 11:14:46,28
2017-04-10 15:15:00,2017-04-10 11:15:34,28
2017-04-10 15:16:00,2017-04-10 11:16:22,28
2017-04-10 15:17:00,2017-04-10 11:17:10,28
2017-04-10 15:18:00,2017-04-10 11:17:58,29
2017-04-10 15:18:00,2017-04-10 11:18:46,29
2017-04-10 15:19:00,2017-04-10 11:19:34,27
2017-04-10 15:20:00,2017-04-10 11:20:22,27
2017-04-10 15:21:00,2017-04-10 11:21:10,27
2017-04-10 15:22:00,2017-04-10 11:21:58,26
2017-04-10 15:22:00,2017-04-10 11:22:46,26
2017-04-10 15:23:00,2017-04-10 11:23:34,26
2017-04-10 15:24:00,2017-04-10 11:24:22,27
2017-04-10 15:25:00,2017-04-10 11:25:10,26
2017-04-10 15:26:00,2017-04-10 11:25:58,25
2017-04-10 15:26:00,2017-04-10 11:26:46,24
2017-04-10 15:27:00,2017-04-10 11:27:34,25
2017-04-10 15:28:00,2017-04-10 11:28:22,26
2017-04-10 15:29:00,2017-04-10 11:29:10,26
2017-04-10 15:30:00,2017-04-10 11:29:58,27
2017-04-10 15:30:00,2017-04-10 11:30:46,27
2017-04-10 15:31:00,2017-04-10 11:31:34,27
2017-04-10 15:32:00,2017-04-10 11:32:22,26
2017-04-10 15:33:00,2017-04-10 11:33:10,26
2017-04-10 15:34:00,2017-04-10 11:33:58,27
2017-04-10 15:34:00,2017-04-10 11:34:46,27
2017-04-10 15:35:00,2017-04-10 11:35:34,27
2017-04-10 15:36:00,2017-04-10 11:36:22,27
2017-04-10 15:37:00,2017-04-10 11:37:10,27
2017-04-10 15:38:00,2017-04-10 11:37:58,27
2017-04-10 15:38:00,2017-04-10 11:38:46,25
2017-04-10 15:39:00,2017-04-10 11:39:34,24
2017-04-10 15:40:00,2017-04-10 11:40:22,25
2017-04-10 15:41:00,2017-04-10 11:41:10,25
2017-04-10 15:42:00,2017-04-10 11:41:58,25
2017-04-10 15:42:00,2017-04-10 11:42:46,25
2017-04-10 15:43:00,2017-04-10 11:43:34,24
2017-04-10 15:44:00,2017-04-10 11:44:22,25
2017-04-10 15:45:00,2017-04-10 11:45:10,26
2017-04-10 15:46:00,2017-04-10 11:45:58,28
2017-04-10 15:46:00,2017-04-10 11:46:46,29
2017-04-10 15:47:00,2017-04-10 11:47:34,30
2017-04-10 15:48:00,2017-04-10 11:48:22,31
2017-04-10 15:49:00,2017-04-10 11:49:10,30
2017-04-10 15:50:00,2017-04-10 11:49:58,29
2017-04-10 15:50:00,2017-04-10 11:50:46,29
2017-04-10 15:51:00,2017-04-10 11:51:34,29
2017-04-10 15:52:00,2017-04-10 11:52:22,30
2017-04-10 15:53:00,2017-04-10 11:53:10,30
2017-04-10 15:54:00,2017-04-10 11:53:58,30
2017-04-10 15:54:00,2017-04-10 11:54:46,28
2017-04-10 15:55:00,2017-04-10 11:55:34,28
2017-04-10 15:56:00,2017-04-10 11:56:22,28
2017-04-10 15:57:00,2017-04-10 11:57:10,28
2017-04-10 15:58:00,2017-04-10 11:57:58,28
2017-04-10 15:59:00,2017-04-10 11:59:34,28
2017-04-10 16:00:00,2017-04-10 12:00:22,28
2017-04-10 16:03:00,2017-04-10 12:01:12,28
2017-04-10 16:03:00,2017-04-10 12:02:12,28
2017-04-10 16:03:00,2017-04-10 12:03:34,28
2017-04-10 16:04:00,2017-04-10 12:04:22,28
2017-04-10 16:05:00,2017-04-10 12:05:10,29
2017-04-10 16:06:00,2017-04-10 12:05:58,29
2017-04-10 16:06:00,2017-04-10 12:06:46,29
2017-04-10 16:07:00,2017-04-10 12:07:34,30
2017-04-10 16:08:00,2017-04-10 12:08:22,30
2017-04-10 16:09:00,2017-04-10 12:09:10,30
2017-04-10 16:10:00,2017-04-10 12:09:58,30
2017-04-10 16:10:00,2017-04-10 12:10:46,29
2017-04-10 16:11:00,2017-04-10 12:11:34,28
2017-04-10 16:12:00,2017-04-10 12:12:22,28
2017-04-10 16:13:00,2017-04-10 12:13:10,28
2017-04-10 16:14:00,2017-04-10 12:13:58,28
2017-04-10 16:14:00,2017-04-10 12:14:46,28
2017-04-10 16:15:00,2017-04-10 12:15:34,28
2017-04-10 16:16:00,2017-04-10 12:16:22,28
2017-04-10 16:17:00,2017-04-10 12:17:10,28
2017-04-10 16:18:00,2017-04-10 12:17:58,28
2017-04-10 16:18:00,2017-04-10 12:18:46,27
2017-04-10 16:19:00,2017-04-10 12:19:34,26
2017-04-10 16:20:00,2017-04-10 12:20:22,27
2017-04-10 16:21:00,2017-04-10 12:21:10,27
2017-04-10 16:22:00,2017-04-10 12:21:58,27
2017-04-10 16:22:00,2017-04-10 12:22:46,27
2017-04-10 16:23:00,2017-04-10 12:23:34,27
2017-04-10 16:24:00,2017-04-10 12:24:22,26
2017-04-10 16:25:00,2017-04-10 12:25:10,27
2017-04-10 16:26:00,2017-04-10 12:25:58,27
2017-04-10 16:26:00,2017-04-10 12:26:46,26
2017-04-10 16:27:00,2017-04-10 12:27:34,26
2017-04-10 16:28:00,2017-04-10 12:28:22,26
2017-04-10 16:29:00,2017-04-10 12:29:10,26
2017-04-10 16:30:00,2017-04-10 12:29:58,27
2017-04-10 16:30:00,2017-04-10 12:30:46,27
2017-04-10 16:31:00,2017-04-10 12:31:34,26
2017-04-10 16:32:00,2017-04-10 12:32:22,25
2017-04-10 16:33:00,2017-04-10 12:33:10,25
2017-04-10 16:34:00,2017-04-10 12:33:58,25
2017-04-10 16:34:00,2017-04-10 12:34:46,25
2017-04-10 16:35:00,2017-04-10 12:35:34,25
2017-04-10 16:36:00,2017-04-10 12:36:22,26
2017-04-10 16:37:00,2017-04-10 12:37:10,27
2017-04-10 16:38:00,2017-04-10 12:37:58,26
2017-04-10 16:38:00,2017-04-10 12:38:46,25
2017-04-10 16:39:00,2017-04-10 12:39:34,25
2017-04-10 16:40:00,2017-04-10 12:40:22,25
2017-04-10 16:41:00,2017-04-10 12:41:10,25
2017-04-10 16:42:00,2017-04-10 12:41:58,25
2017-04-10 16:42:00,2017-04-10 12:42:46,25
2017-04-10 16:43:00,2017-04-10 12:43:34,25
2017-04-10 16:44:00,2017-04-10 12:44:22,25
2017-04-10 16:45:00,2017-04-10 12:45:10,25
2017-04-10 16:46:00,2017-04-10 12:45:58,26
2017-04-10 16:46:00,2017-04-10 12:46:46,26
2017-04-10 16:47:00,2017-04-10 12:47:34,26
2017-04-10 16:48:00,2017-04-10 12:48:22,27
2017-04-10 16:49:00,2017-04-10 12:49:10,27
2017-04-10 16:50:00,2017-04-10 12:49:58,27
2017-04-10 16:50:00,2017-04-10 12:50:46,27
2017-04-10 16:51:00,2017-04-10 12:51:34,26
2017-04-10 16:52:00,2017-04-10 12:52:22,26
2017-04-10 16:53:00,2017-04-10 12:53:10,27
2017-04-10 16:54:00,2017-04-10 12:53:58,27
2017-04-10 16:54:00,2017-04-10 12:54:46,27
2017-04-10 16:55:00,2017-04-10 12:55:34,27
2017-04-10 16:56:00,2017-04-10 12:56:22,26
2017-04-10 16:57:00,2017-04-10 12:57:10,26
2017-04-10 16:58:00,2017-04-10 12:57:58,26
2017-04-10 16:58:00,2017-04-10 12:58:46,27
2017-04-10 16:59:00,2017-04-10 12:59:34,27
2017-04-10 17:00:00,2017-04-10 13:00:22,27
2017-04-10 17:01:00,2017-04-10 13:01:10,27
2017-04-10 17:02:00,2017-04-10 13:01:58,26
2017-04-10 17:02:00,2017-04-10 13:02:46,25
2017-04-10 17:03:00,2017-04-10 13:03:34,25
2017-04-10 17:04:00,2017-04-10 13:04:22,25
2017-04-10 17:05:00,2017-04-10 13:05:10,25
2017-04-10 17:06:00,2017-04-10 13:05:58,26
2017-04-10 17:06:00,2017-04-10 13:06:46,26
2017-04-10 17:07:00,2017-04-10 13:07:34,26
2017-04-10 17:08:00,2017-04-10 13:08:22,27
2017-04-10 17:09:00,2017-04-10 13:09:10,26
2017-04-10 17:10:00,2017-04-10 13:09:58,27
2017-04-10 17:10:00,2017-04-10 13:10:46,27
2017-04-10 17:11:00,2017-04-10 13:11:34,27
2017-04-10 17:12:00,2017-04-10 13:12:22,26
2017-04-10 17:13:00,2017-04-10 13:13:10,26
2017-04-10 17:14:00,2017-04-10 13:13:58,27
2017-04-10 17:14:00,2017-04-10 13:14:46,27
2017-04-10 17:15:00,2017-04-10 13:15:34,26
2017-04-10 17:16:00,2017-04-10 13:16:22,26
2017-04-10 17:17:00,2017-04-10 13:17:10,27
2017-04-10 17:18:00,2017-04-10 13:17:58,27
2017-04-10 17:18:00,2017-04-10 13:18:46,27
2017-04-10 17:19:00,2017-04-10 13:19:34,26
2017-04-10 17:20:00,2017-04-10 13:20:22,27
2017-04-10 17:21:00,2017-04-10 13:21:10,27
2017-04-10 17:22:00,2017-04-10 13:21:58,27
2017-04-10 17:22:00,2017-04-10 13:22:46,27
2017-04-10 17:23:00,2017-04-10 13:23:34,27
2017-04-10 17:24:00,2017-04-10 13:24:22,27
2017-04-10 17:25:00,2017-04-10 13:25:10,27
2017-04-10 17:26:00,2017-04-10 13:25:58,27
2017-04-10 17:26:00,2017-04-10 13:26:46,27
2017-04-10 17:27:00,2017-04-10 13:27:34,26
2017-04-10 17:28:00,2017-04-10 13:28:22,27
2017-04-10 17:29:00,2017-04-10 13:29:10,27
2017-04-10 17:30:00,2017-04-10 13:29:58,27
2017-04-10 17:30:00,2017-04-10 13:30:46,27
2017-04-10 17:31:00,2017-04-10 13:31:34,27
2017-04-10 17:32:00,2017-04-10 13:32:22,28
2017-04-10 17:33:00,2017-04-10 13:33:10,28
2017-04-10 17:34:00,2017-04-10 13:33:58,28
2017-04-10 17:34:00,2017-04-10 13:34:46,28
2017-04-10 17:35:00,2017-04-10 13:35:34,27
2017-04-10 17:36:00,2017-04-10 13:36:22,27
2017-04-10 17:37:00,2017-04-10 13:37:10,28
2017-04-10 17:38:00,2017-04-10 13:37:58,27
2017-04-10 17:38:00,2017-04-10 13:38:46,27
2017-04-10 17:39:00,2017-04-10 13:39:34,27
2017-04-10 17:40:00,2017-04-10 13:40:22,28
2017-04-10 17:41:00,2017-04-10 13:41:10,28
2017-04-10 17:42:00,2017-04-10 13:41:58,28
2017-04-10 17:42:00,2017-04-10 13:42:46,28
2017-04-10 17:43:00,2017-04-10 13:43:34,28
2017-04-10 17:44:00,2017-04-10 13:44:22,27
2017-04-10 17:45:00,2017-04-10 13:45:10,28
2017-04-10 17:46:00,2017-04-10 13:45:58,28
2017-04-10 17:46:00,2017-04-10 13:46:46,28
2017-04-10 17:47:00,2017-04-10 13:47:34,28
2017-04-10 17:48:00,2017-04-10 13:48:22,28
2017-04-10 17:49:00,2017-04-10 13:49:10,28
2017-04-10 17:50:00,2017-04-10 13:49:58,28
2017-04-10 17:50:00,2017-04-10 13:50:46,28
2017-04-10 17:51:00,2017-04-10 13:51:34,28
2017-04-10 17:52:00,2017-04-10 13:52:22,28
2017-04-10 17:53:00,2017-04-10 13:53:10,28
2017-04-10 17:54:00,2017-04-10 13:53:58,28
2017-04-10 17:54:00,2017-04-10 13:54:46,28
2017-04-10 17:55:00,2017-04-10 13:55:34,28
2017-04-10 17:56:00,2017-04-10 13:56:22,28
2017-04-10 17:57:00,2017-04-10 13:57:10,28
2017-04-10 17:58:00,2017-04-10 13:57:58,29
2017-04-10 17:58:00,2017-04-10 13:58:46,29
2017-04-10 17:59:00,2017-04-10 13:59:34,29
2017-04-10 18:00:00,2017-04-10 14:00:22,29
2017-04-10 18:02:00,2017-04-10 14:01:58,29
2017-04-10 18:02:00,2017-04-10 14:02:46,29
2017-04-10 18:04:00,2017-04-10 14:04:22,29
2017-04-10 18:05:00,2017-04-10 14:05:10,28
2017-04-10 18:06:00,2017-04-10 14:05:58,28
2017-04-10 18:06:00,2017-04-10 14:06:46,28
2017-04-10 18:07:00,2017-04-10 14:07:34,28
2017-04-10 18:08:00,2017-04-10 14:08:22,28
2017-04-10 18:09:00,2017-04-10 14:09:10,29
2017-04-10 18:10:00,2017-04-10 14:09:58,28
2017-04-10 18:10:00,2017-04-10 14:10:46,28
2017-04-10 18:11:00,2017-04-10 14:11:34,28
2017-04-10 18:12:00,2017-04-10 14:12:22,28
2017-04-10 18:13:00,2017-04-10 14:13:10,29
2017-04-10 18:14:00,2017-04-10 14:13:58,29
2017-04-10 18:14:00,2017-04-10 14:14:46,29
2017-04-10 18:15:00,2017-04-10 14:15:34,29
2017-04-10 18:16:00,2017-04-10 14:16:22,28
2017-04-10 18:17:00,2017-04-10 14:17:10,28
2017-04-10 18:18:00,2017-04-10 14:17:58,28
2017-04-10 18:18:00,2017-04-10 14:18:46,28
2017-04-10 18:19:00,2017-04-10 14:19:34,28
2017-04-10 18:20:00,2017-04-10 14:20:22,28
2017-04-10 18:21:00,2017-04-10 14:21:10,28
2017-04-10 18:22:00,2017-04-10 14:21:58,28
2017-04-10 18:22:00,2017-04-10 14:22:46,28
2017-04-10 18:23:00,2017-04-10 14:23:34,28
2017-04-10 18:24:00,2017-04-10 14:24:22,28
2017-04-10 18:25:00,2017-04-10 14:25:10,28
2017-04-10 18:26:00,2017-04-10 14:25:58,28
2017-04-10 18:26:00,2017-04-10 14:26:46,28
2017-04-10 18:27:00,2017-04-10 14:27:34,28
2017-04-10 18:28:00,2017-04-10 14:28:22,28
2017-04-10 18:29:00,2017-04-10 14:29:10,28
2017-04-10 18:30:00,2017-04-10 14:29:58,28
2017-04-10 18:30:00,2017-04-10 14:30:46,28
2017-04-10 18:31:00,2017-04-10 14:31:34,28
2017-04-10 18:32:00,2017-04-10 14:32:22,29
2017-04-10 18:33:00,2017-04-10 14:33:10,29
2017-04-10 18:34:00,2017-04-10 14:33:58,30
2017-04-10 18:34:00,2017-04-10 14:34:46,30
2017-04-10 18:35:00,2017-04-10 14:35:34,29
2017-04-10 18:36:00,2017-04-10 14:36:22,29
2017-04-10 18:37:00,2017-04-10 14:37:10,29
2017-04-10 18:38:00,2017-04-10 14:37:58,30
2017-04-10 18:38:00,2017-04-10 14:38:46,30
2017-04-10 18:39:00,2017-04-10 14:39:34,30
2017-04-10 18:40:00,2017-04-10 14:40:22,30
2017-04-10 18:41:00,2017-04-10 14:41:10,30
2017-04-10 18:42:00,2017-04-10 14:41:58,31
2017-04-10 18:42:00,2017-04-10 14:42:46,30
2017-04-10 18:43:00,2017-04-10 14:43:34,30
2017-04-10 18:44:00,2017-04-10 14:44:22,31
2017-04-10 18:45:00,2017-04-10 14:45:10,31
2017-04-10 18:46:00,2017-04-10 14:45:58,31
2017-04-10 18:46:00,2017-04-10 14:46:46,31
2017-04-10 18:47:00,2017-04-10 14:47:34,31
2017-04-10 18:48:00,2017-04-10 14:48:22,30
2017-04-10 18:49:00,2017-04-10 14:49:10,31
2017-04-10 18:50:00,2017-04-10 14:49:58,31
2017-04-10 18:50:00,2017-04-10 14:50:46,31
2017-04-10 18:51:00,2017-04-10 14:51:34,32
2017-04-10 18:52:00,2017-04-10 14:52:22,33
2017-04-10 18:53:00,2017-04-10 14:53:10,33
2017-04-10 18:54:00,2017-04-10 14:53:58,33
2017-04-10 18:54:00,2017-04-10 14:54:46,33
2017-04-10 18:55:00,2017-04-10 14:55:34,33
2017-04-10 18:56:00,2017-04-10 14:56:22,33
2017-04-10 18:57:00,2017-04-10 14:57:10,33
2017-04-10 18:58:00,2017-04-10 14:58:46,33
2017-04-10 18:59:00,2017-04-10 14:59:34,33
2017-04-10 19:00:00,2017-04-10 15:00:22,33
2017-04-10 19:01:00,2017-04-10 15:01:10,34
2017-04-10 19:02:00,2017-04-10 15:01:58,34
2017-04-10 19:02:00,2017-04-10 15:02:46,34
2017-04-10 19:03:00,2017-04-10 15:03:34,34
2017-04-10 19:04:00,2017-04-10 15:04:22,34
2017-04-10 19:05:00,2017-04-10 15:05:10,34
2017-04-10 19:06:00,2017-04-10 15:05:58,35
2017-04-10 19:06:00,2017-04-10 15:06:46,35
2017-04-10 19:07:00,2017-04-10 15:07:34,35
2017-04-10 19:08:00,2017-04-10 15:08:22,35
2017-04-10 19:09:00,2017-04-10 15:09:10,36
2017-04-10 19:10:00,2017-04-10 15:09:58,38
2017-04-10 19:10:00,2017-04-10 15:10:46,39
2017-04-10 19:11:00,2017-04-10 15:11:34,40
2017-04-10 19:12:00,2017-04-10 15:12:22,40
2017-04-10 19:13:00,2017-04-10 15:13:10,40
2017-04-10 19:14:00,2017-04-10 15:13:58,40
2017-04-10 19:14:00,2017-04-10 15:14:46,41
2017-04-10 19:15:00,2017-04-10 15:15:34,41
2017-04-10 19:16:00,2017-04-10 15:16:22,43
2017-04-10 19:17:00,2017-04-10 15:17:10,44
2017-04-10 19:18:00,2017-04-10 15:17:58,43
2017-04-10 19:18:00,2017-04-10 15:18:46,42
2017-04-10 19:19:00,2017-04-10 15:19:34,42
2017-04-10 19:20:00,2017-04-10 15:20:22,42
2017-04-10 19:21:00,2017-04-10 15:21:10,42
2017-04-10 19:22:00,2017-04-10 15:21:58,42
2017-04-10 19:22:00,2017-04-10 15:22:46,42
2017-04-10 19:23:00,2017-04-10 15:23:34,42
2017-04-10 19:24:00,2017-04-10 15:24:22,42
2017-04-10 19:25:00,2017-04-10 15:25:10,42
2017-04-10 19:26:00,2017-04-10 15:25:58,42
2017-04-10 19:26:00,2017-04-10 15:26:46,42
2017-04-10 19:27:00,2017-04-10 15:27:37,42
2017-04-10 19:28:00,2017-04-10 15:28:25,41
2017-04-10 19:29:00,2017-04-10 15:29:13,41
2017-04-10 19:30:00,2017-04-10 15:30:01,41
2017-04-10 19:30:00,2017-04-10 15:30:49,41
2017-04-10 19:31:00,2017-04-10 15:31:37,41
2017-04-10 19:32:00,2017-04-10 15:32:25,40
2017-04-10 19:33:00,2017-04-10 15:33:13,41
2017-04-10 19:34:00,2017-04-10 15:34:01,40
2017-04-10 19:34:00,2017-04-10 15:34:49,39
2017-04-10 19:35:00,2017-04-10 15:35:37,39
2017-04-10 19:36:00,2017-04-10 15:36:25,38
2017-04-10 19:37:00,2017-04-10 15:37:13,38
2017-04-10 19:38:00,2017-04-10 15:38:01,38
2017-04-10 19:38:00,2017-04-10 15:38:49,38
2017-04-10 19:39:00,2017-04-10 15:39:37,38
2017-04-10 19:40:00,2017-04-10 15:40:25,38
2017-04-10 19:41:00,2017-04-10 15:41:13,38
2017-04-10 19:42:00,2017-04-10 15:42:01,38
2017-04-10 19:42:00,2017-04-10 15:42:49,38
2017-04-10 19:43:00,2017-04-10 15:43:37,38
2017-04-10 19:44:00,2017-04-10 15:44:25,38
2017-04-10 19:45:00,2017-04-10 15:45:13,38
2017-04-10 19:46:00,2017-04-10 15:46:01,37
2017-04-10 19:46:00,2017-04-10 15:46:49,37
2017-04-10 19:47:00,2017-04-10 15:47:37,37
2017-04-10 19:48:00,2017-04-10 15:48:25,37
2017-04-10 19:49:00,2017-04-10 15:49:13,37
2017-04-10 19:50:00,2017-04-10 15:50:01,36
2017-04-10 19:50:00,2017-04-10 15:50:49,37
2017-04-10 19:51:00,2017-04-10 15:51:37,36
2017-04-10 19:52:00,2017-04-10 15:52:25,37
2017-04-10 19:53:00,2017-04-10 15:53:13,37
2017-04-10 19:54:00,2017-04-10 15:54:01,37
2017-04-10 19:54:00,2017-04-10 15:54:49,38
2017-04-10 19:55:00,2017-04-10 15:55:37,39
2017-04-10 19:56:00,2017-04-10 15:56:25,39
2017-04-10 19:57:00,2017-04-10 15:57:13,40
2017-04-10 19:58:00,2017-04-10 15:58:01,39
2017-04-10 19:58:00,2017-04-10 15:58:49,39
2017-04-10 19:59:00,2017-04-10 15:59:37,39
2017-04-10 20:00:00,2017-04-10 16:00:25,39
2017-04-10 20:02:00,2017-04-10 16:02:01,39
2017-04-10 20:05:00,2017-04-10 16:03:12,39
2017-04-10 20:05:00,2017-04-10 16:04:12,39
2017-04-10 20:05:00,2017-04-10 16:05:13,39
2017-04-10 20:06:00,2017-04-10 16:06:01,39
2017-04-10 20:06:00,2017-04-10 16:06:49,39
2017-04-10 20:07:00,2017-04-10 16:07:37,39
2017-04-10 20:08:00,2017-04-10 16:08:25,38
2017-04-10 20:09:00,2017-04-10 16:09:13,38
2017-04-10 20:10:00,2017-04-10 16:10:01,38
2017-04-10 20:10:00,2017-04-10 16:10:49,38
2017-04-10 20:11:00,2017-04-10 16:11:37,39
2017-04-10 20:12:00,2017-04-10 16:12:25,39
2017-04-10 20:13:00,2017-04-10 16:13:13,39
2017-04-10 20:14:00,2017-04-10 16:14:49,39
2017-04-10 20:15:00,2017-04-10 16:15:37,40
2017-04-10 20:16:00,2017-04-10 16:16:25,40
2017-04-10 20:18:00,2017-04-10 16:17:12,40
2017-04-10 20:18:00,2017-04-10 16:18:01,41
2017-04-10 20:18:00,2017-04-10 16:18:49,41
2017-04-10 20:19:00,2017-04-10 16:19:37,41
2017-04-10 20:20:00,2017-04-10 16:20:25,41
2017-04-10 20:21:00,2017-04-10 16:21:13,41
2017-04-10 20:22:00,2017-04-10 16:22:01,41
2017-04-10 20:22:00,2017-04-10 16:22:49,41
2017-04-10 20:23:00,2017-04-10 16:23:37,41
2017-04-10 20:24:00,2017-04-10 16:24:25,41
2017-04-10 20:25:00,2017-04-10 16:25:13,41
2017-04-10 20:26:00,2017-04-10 16:26:01,41
2017-04-10 20:26:00,2017-04-10 16:26:49,41
2017-04-10 20:27:00,2017-04-10 16:27:37,41
2017-04-10 20:28:00,2017-04-10 16:28:25,41
2017-04-10 20:29:00,2017-04-10 16:29:13,41
2017-04-10 20:30:00,2017-04-10 16:30:01,41
2017-04-10 20:30:00,2017-04-10 16:30:49,41
2017-04-10 20:31:00,2017-04-10 16:31:37,41
2017-04-10 20:32:00,2017-04-10 16:32:25,41
2017-04-10 20:34:00,2017-04-10 16:33:12,41
2017-04-10 20:34:00,2017-04-10 16:34:01,41
2017-04-10 20:34:00,2017-04-10 16:34:49,41
2017-04-10 20:35:00,2017-04-10 16:35:37,41
2017-04-10 20:36:00,2017-04-10 16:36:25,41
2017-04-10 20:37:00,2017-04-10 16:37:13,41
2017-04-10 20:38:00,2017-04-10 16:38:01,41
2017-04-10 20:38:00,2017-04-10 16:38:49,41
2017-04-10 20:39:00,2017-04-10 16:39:37,41
2017-04-10 20:40:00,2017-04-10 16:40:25,41
2017-04-10 20:41:00,2017-04-10 16:41:13,41
2017-04-10 20:42:00,2017-04-10 16:42:01,41
2017-04-10 20:42:00,2017-04-10 16:42:49,41
2017-04-10 20:43:00,2017-04-10 16:43:37,41
2017-04-10 20:44:00,2017-04-10 16:44:25,41
2017-04-10 20:45:00,2017-04-10 16:45:13,41
2017-04-10 20:46:00,2017-04-10 16:46:01,41
2017-04-10 20:46:00,2017-04-10 16:46:49,41
2017-04-10 20:47:00,2017-04-10 16:47:37,41
2017-04-10 20:48:00,2017-04-10 16:48:25,41
2017-04-10 20:49:00,2017-04-10 16:49:13,42
2017-04-10 20:50:00,2017-04-10 16:50:01,42
2017-04-10 20:50:00,2017-04-10 16:50:49,42
2017-04-10 20:51:00,2017-04-10 16:51:37,42
2017-04-10 20:52:00,2017-04-10 16:52:25,42
2017-04-10 20:53:00,2017-04-10 16:53:13,42
2017-04-10 20:54:00,2017-04-10 16:54:01,42
2017-04-10 20:54:00,2017-04-10 16:54:49,42
2017-04-10 20:55:00,2017-04-10 16:55:37,42
2017-04-10 20:56:00,2017-04-10 16:56:25,42
2017-04-10 20:57:00,2017-04-10 16:57:13,42
2017-04-10 20:58:00,2017-04-10 16:58:01,43
2017-04-10 20:58:00,2017-04-10 16:58:49,44
2017-04-10 20:59:00,2017-04-10 16:59:37,44
2017-04-10 21:00:00,2017-04-10 17:00:25,44
2017-04-10 21:01:00,2017-04-10 17:01:13,45
2017-04-10 21:02:00,2017-04-10 17:02:01,45
2017-04-10 21:02:00,2017-04-10 17:02:49,45
2017-04-10 21:03:00,2017-04-10 17:03:37,46
2017-04-10 21:04:00,2017-04-10 17:04:25,46
2017-04-10 21:05:00,2017-04-10 17:05:13,47
2017-04-10 21:06:00,2017-04-10 17:06:01,49
2017-04-10 21:06:00,2017-04-10 17:06:49,50
2017-04-10 21:07:00,2017-04-10 17:07:37,50
2017-04-10 21:08:00,2017-04-10 17:08:25,50
2017-04-10 21:09:00,2017-04-10 17:09:13,50
2017-04-10 21:10:00,2017-04-10 17:10:01,50
2017-04-10 21:10:00,2017-04-10 17:10:49,50
2017-04-10 21:11:00,2017-04-10 17:11:37,51
2017-04-10 21:12:00,2017-04-10 17:12:25,51
2017-04-10 21:13:00,2017-04-10 17:13:13,51
2017-04-10 21:14:00,2017-04-10 17:14:01,50
2017-04-10 21:14:00,2017-04-10 17:14:49,50
2017-04-10 21:15:00,2017-04-10 17:15:37,50
2017-04-10 21:16:00,2017-04-10 17:16:25,50
2017-04-10 21:17:00,2017-04-10 17:17:13,49
2017-04-10 21:18:00,2017-04-10 17:18:01,49
2017-04-10 21:18:00,2017-04-10 17:18:49,48
2017-04-10 21:19:00,2017-04-10 17:19:37,47
2017-04-10 21:20:00,2017-04-10 17:20:25,46
2017-04-10 21:21:00,2017-04-10 17:21:13,45
2017-04-10 21:22:00,2017-04-10 17:22:01,45
2017-04-10 21:22:00,2017-04-10 17:22:49,48
2017-04-10 21:23:00,2017-04-10 17:23:37,48
2017-04-10 21:24:00,2017-04-10 17:24:25,47
2017-04-10 21:25:00,2017-04-10 17:25:13,47
2017-04-10 21:26:00,2017-04-10 17:26:01,47
2017-04-10 21:26:00,2017-04-10 17:26:49,47
2017-04-10 21:27:00,2017-04-10 17:27:37,47
2017-04-10 21:28:00,2017-04-10 17:28:25,47
2017-04-10 21:29:00,2017-04-10 17:29:13,47
2017-04-10 21:30:00,2017-04-10 17:30:01,46
2017-04-10 21:30:00,2017-04-10 17:30:49,47
2017-04-10 21:31:00,2017-04-10 17:31:37,47
2017-04-10 21:32:00,2017-04-10 17:32:25,46
2017-04-10 21:33:00,2017-04-10 17:33:13,46
2017-04-10 21:34:00,2017-04-10 17:34:01,46
2017-04-10 21:34:00,2017-04-10 17:34:49,46
2017-04-10 21:35:00,2017-04-10 17:35:37,47
2017-04-10 21:36:00,2017-04-10 17:36:25,47
2017-04-10 21:37:00,2017-04-10 17:37:13,47
2017-04-10 21:38:00,2017-04-10 17:38:01,47
2017-04-10 21:38:00,2017-04-10 17:38:49,47
2017-04-10 21:39:00,2017-04-10 17:39:37,47
2017-04-10 21:40:00,2017-04-10 17:40:22,47
2017-04-10 21:41:00,2017-04-10 17:41:59,48
2017-04-10 21:42:00,2017-04-10 17:42:47,48
2017-04-10 21:43:00,2017-04-10 17:43:35,49
2017-04-10 21:44:00,2017-04-10 17:44:23,49
2017-04-10 21:45:00,2017-04-10 17:45:11,50
2017-04-10 21:46:00,2017-04-10 17:45:59,50
2017-04-10 21:46:00,2017-04-10 17:46:47,51
2017-04-10 21:47:00,2017-04-10 17:47:35,51
2017-04-10 21:48:00,2017-04-10 17:48:23,52
2017-04-10 21:49:00,2017-04-10 17:49:11,53
2017-04-10 21:50:00,2017-04-10 17:49:59,53
2017-04-10 21:50:00,2017-04-10 17:50:47,53
2017-04-10 21:51:00,2017-04-10 17:51:35,53
2017-04-10 21:52:00,2017-04-10 17:52:23,53
2017-04-10 21:53:00,2017-04-10 17:53:11,53
2017-04-10 21:54:00,2017-04-10 17:53:59,53
2017-04-10 21:54:00,2017-04-10 17:54:47,53
2017-04-10 21:55:00,2017-04-10 17:55:35,53
2017-04-10 21:56:00,2017-04-10 17:56:23,53
2017-04-10 21:57:00,2017-04-10 17:57:11,53
2017-04-10 21:58:00,2017-04-10 17:57:59,53
2017-04-10 21:58:00,2017-04-10 17:58:47,53
2017-04-10 21:59:00,2017-04-10 17:59:35,53
2017-04-10 22:00:00,2017-04-10 18:00:48,53
2017-04-10 22:02:00,2017-04-10 18:02:00,53
2017-04-10 22:02:00,2017-04-10 18:02:48,53
2017-04-10 22:03:00,2017-04-10 18:03:36,53
2017-04-10 22:04:00,2017-04-10 18:04:24,53
2017-04-10 22:05:00,2017-04-10 18:05:12,53
2017-04-10 22:06:00,2017-04-10 18:06:00,54
2017-04-10 22:07:00,2017-04-10 18:07:36,56
2017-04-10 22:08:00,2017-04-10 18:08:24,56
2017-04-10 22:09:00,2017-04-10 18:09:12,56
2017-04-10 22:10:00,2017-04-10 18:10:00,55
2017-04-10 22:10:00,2017-04-10 18:10:48,55
2017-04-10 22:11:00,2017-04-10 18:11:36,55
2017-04-10 22:12:00,2017-04-10 18:12:24,55
2017-04-10 22:13:00,2017-04-10 18:13:12,55
2017-04-10 22:14:00,2017-04-10 18:14:00,55
2017-04-10 22:14:00,2017-04-10 18:14:48,55
2017-04-10 22:15:00,2017-04-10 18:15:36,55
2017-04-10 22:16:00,2017-04-10 18:16:24,55
2017-04-10 22:17:00,2017-04-10 18:17:12,55
2017-04-10 22:18:00,2017-04-10 18:18:00,55
2017-04-10 22:18:00,2017-04-10 18:18:48,55
2017-04-10 22:19:00,2017-04-10 18:19:36,56
2017-04-10 22:20:00,2017-04-10 18:20:24,56
2017-04-10 22:21:00,2017-04-10 18:21:12,56
2017-04-10 22:22:00,2017-04-10 18:22:00,56
2017-04-10 22:22:00,2017-04-10 18:22:48,56
2017-04-10 22:23:00,2017-04-10 18:23:36,57
2017-04-10 22:24:00,2017-04-10 18:24:24,57
2017-04-10 22:25:00,2017-04-10 18:25:12,57
2017-04-10 22:26:00,2017-04-10 18:26:00,57
2017-04-10 22:26:00,2017-04-10 18:26:48,57
2017-04-10 22:27:00,2017-04-10 18:27:36,57
2017-04-10 22:28:00,2017-04-10 18:28:24,57
2017-04-10 22:29:00,2017-04-10 18:29:12,57
2017-04-10 22:30:00,2017-04-10 18:30:00,56
2017-04-10 22:30:00,2017-04-10 18:30:48,56
2017-04-10 22:31:00,2017-04-10 18:31:36,57
2017-04-10 22:32:00,2017-04-10 18:32:24,57
2017-04-10 22:33:00,2017-04-10 18:33:12,56
2017-04-10 22:34:00,2017-04-10 18:34:00,56
2017-04-10 22:34:00,2017-04-10 18:34:48,57
2017-04-10 22:35:00,2017-04-10 18:35:36,57
2017-04-10 22:36:00,2017-04-10 18:36:24,57
2017-04-10 22:37:00,2017-04-10 18:37:12,57
2017-04-10 22:38:00,2017-04-10 18:38:00,57
2017-04-10 22:38:00,2017-04-10 18:38:48,57
2017-04-10 22:39:00,2017-04-10 18:39:36,57
2017-04-10 22:40:00,2017-04-10 18:40:24,57
2017-04-10 22:41:00,2017-04-10 18:41:12,57
2017-04-10 22:42:00,2017-04-10 18:42:00,57
2017-04-10 22:42:00,2017-04-10 18:42:48,57
2017-04-10 22:46:00,2017-04-10 18:46:00,58
2017-04-10 22:46:00,2017-04-10 18:46:48,58
2017-04-10 22:47:00,2017-04-10 18:47:36,58
2017-04-10 22:48:00,2017-04-10 18:48:24,58
2017-04-10 22:49:00,2017-04-10 18:49:12,58
2017-04-10 22:50:00,2017-04-10 18:50:00,58
2017-04-10 22:50:00,2017-04-10 18:50:48,59
2017-04-10 22:51:00,2017-04-10 18:51:36,59
2017-04-10 22:52:00,2017-04-10 18:52:24,59
2017-04-10 22:53:00,2017-04-10 18:53:12,60
2017-04-10 22:54:00,2017-04-10 18:54:00,60
2017-04-10 22:54:00,2017-04-10 18:54:48,60
2017-04-10 22:55:00,2017-04-10 18:55:36,60
2017-04-10 22:57:00,2017-04-10 18:57:12,60
2017-04-10 22:58:00,2017-04-10 18:58:00,60
2017-04-10 22:58:00,2017-04-10 18:58:48,60
2017-04-10 22:59:00,2017-04-10 18:59:36,60
2017-04-10 23:00:00,2017-04-10 19:00:24,60
2017-04-10 23:01:00,2017-04-10 19:01:12,60
2017-04-11 00:02:00,2017-04-10 19:06:12,59
2017-04-11 00:02:00,2017-04-10 19:07:12,59
2017-04-11 00:02:00,2017-04-10 19:08:12,59
2017-04-11 00:02:00,2017-04-10 19:22:12,60
2017-04-11 00:02:00,2017-04-10 19:24:12,61
2017-04-11 00:02:00,2017-04-10 19:28:12,61
2017-04-11 00:02:00,2017-04-10 19:36:12,63
2017-04-11 00:02:00,2017-04-10 19:39:12,65
2017-04-11 00:02:00,2017-04-10 19:40:12,64
2017-04-11 00:02:00,2017-04-10 19:42:12,63
2017-04-11 00:02:00,2017-04-10 19:43:12,63
2017-04-11 00:02:00,2017-04-10 19:44:12,63
2017-04-11 00:02:00,2017-04-10 19:46:12,63
2017-04-11 00:02:00,2017-04-10 19:47:12,64
2017-04-11 00:02:00,2017-04-10 19:48:12,64
2017-04-11 00:02:00,2017-04-10 19:51:12,65
2017-04-11 00:02:00,2017-04-10 19:56:12,65
2017-04-11 00:02:00,2017-04-10 19:58:12,65
2017-04-11 00:02:00,2017-04-10 19:59:12,65
2017-04-11 00:02:00,2017-04-10 20:00:12,65
2017-04-11 00:02:00,2017-04-10 20:01:12,65
2017-04-11 00:02:00,2017-04-10 20:02:48,65
2017-04-11 00:03:00,2017-04-10 20:03:36,65
2017-04-11 00:04:00,2017-04-10 20:04:24,65
2017-04-11 00:05:00,2017-04-10 20:05:12,65
2017-04-11 00:06:00,2017-04-10 20:06:00,65
2017-04-11 00:07:00,2017-04-10 20:07:36,69
2017-04-11 00:08:00,2017-04-10 20:08:24,69
2017-04-11 00:09:00,2017-04-10 20:09:12,68
2017-04-11 00:10:00,2017-04-10 20:10:00,68
2017-04-11 00:10:00,2017-04-10 20:10:48,67
2017-04-11 00:11:00,2017-04-10 20:11:36,67
2017-04-11 00:12:00,2017-04-10 20:12:24,66
2017-04-11 00:13:00,2017-04-10 20:13:12,66
2017-04-11 00:14:00,2017-04-10 20:14:00,66
2017-04-11 00:14:00,2017-04-10 20:14:48,66
2017-04-11 00:15:00,2017-04-10 20:15:36,66
2017-04-11 00:16:00,2017-04-10 20:16:24,66
2017-04-11 00:17:00,2017-04-10 20:17:12,66
2017-04-11 00:18:00,2017-04-10 20:18:00,66
2017-04-11 00:18:00,2017-04-10 20:18:48,66
2017-04-11 00:19:00,2017-04-10 20:19:36,66
2017-04-11 00:20:00,2017-04-10 20:20:24,66
2017-04-11 00:21:00,2017-04-10 20:21:12,66
2017-04-11 00:22:00,2017-04-10 20:22:00,66
2017-04-11 00:22:00,2017-04-10 20:22:48,66
2017-04-11 00:23:00,2017-04-10 20:23:36,66
2017-04-11 00:24:00,2017-04-10 20:24:24,66
2017-04-11 00:25:00,2017-04-10 20:25:12,66
2017-04-11 00:26:00,2017-04-10 20:26:00,66
2017-04-11 00:26:00,2017-04-10 20:26:48,66
2017-04-11 00:27:00,2017-04-10 20:27:36,66
2017-04-11 00:28:00,2017-04-10 20:28:24,65
2017-04-11 00:29:00,2017-04-10 20:29:12,65
2017-04-11 00:30:00,2017-04-10 20:30:00,65
2017-04-11 01:01:00,2017-04-10 21:01:12,65
2017-04-11 01:02:00,2017-04-10 21:02:00,65
2017-04-11 01:02:00,2017-04-10 21:02:48,65
2017-04-11 01:03:00,2017-04-10 21:03:36,65
2017-04-11 01:04:00,2017-04-10 21:04:24,65
2017-04-11 01:05:00,2017-04-10 21:05:12,65
2017-04-11 01:06:00,2017-04-10 21:06:00,65
2017-04-11 01:06:00,2017-04-10 21:06:48,65
2017-04-11 01:07:00,2017-04-10 21:07:36,65
2017-04-11 01:08:00,2017-04-10 21:08:24,63
2017-04-11 01:09:00,2017-04-10 21:09:12,63
2017-04-11 01:10:00,2017-04-10 21:10:00,63
2017-04-11 01:10:00,2017-04-10 21:10:48,63
2017-04-11 01:11:00,2017-04-10 21:11:36,63
2017-04-11 01:12:00,2017-04-10 21:12:24,62
2017-04-11 01:13:00,2017-04-10 21:13:12,62
2017-04-11 01:14:00,2017-04-10 21:14:00,62
2017-04-11 01:14:00,2017-04-10 21:14:48,62
2017-04-11 01:15:00,2017-04-10 21:15:36,63
2017-04-11 01:16:00,2017-04-10 21:16:24,63
2017-04-11 01:17:00,2017-04-10 21:17:12,63
2017-04-11 01:18:00,2017-04-10 21:18:00,63
2017-04-11 01:18:00,2017-04-10 21:18:48,63
2017-04-11 01:19:00,2017-04-10 21:19:36,63
2017-04-11 01:20:00,2017-04-10 21:20:24,63
2017-04-11 01:21:00,2017-04-10 21:21:12,63
2017-04-11 01:22:00,2017-04-10 21:22:00,63
2017-04-11 01:22:00,2017-04-10 21:22:48,63
2017-04-11 01:23:00,2017-04-10 21:23:36,62
2017-04-11 01:24:00,2017-04-10 21:24:24,62
2017-04-11 01:25:00,2017-04-10 21:25:12,63
2017-04-11 01:26:00,2017-04-10 21:26:00,63
2017-04-11 01:26:00,2017-04-10 21:26:48,64
2017-04-11 01:27:00,2017-04-10 21:27:36,64
2017-04-11 01:28:00,2017-04-10 21:28:24,65
2017-04-11 01:29:00,2017-04-10 21:29:12,65
2017-04-11 01:30:00,2017-04-10 21:30:00,65
2017-04-11 01:30:00,2017-04-10 21:30:48,65
2017-04-11 01:31:00,2017-04-10 21:31:36,65
2017-04-11 01:32:00,2017-04-10 21:32:24,65
2017-04-11 01:33:00,2017-04-10 21:33:12,65
2017-04-11 01:34:00,2017-04-10 21:34:48,65
2017-04-11 01:35:00,2017-04-10 21:35:36,65
2017-04-11 01:36:00,2017-04-10 21:36:24,65
2017-04-11 01:37:00,2017-04-10 21:37:12,65
2017-04-11 01:38:00,2017-04-10 21:38:00,65
2017-04-11 01:38:00,2017-04-10 21:38:48,66
2017-04-11 01:39:00,2017-04-10 21:39:36,66
2017-04-11 01:40:00,2017-04-10 21:40:24,67
2017-04-11 01:41:00,2017-04-10 21:41:12,67
2017-04-11 01:42:00,2017-04-10 21:42:00,68
2017-04-11 01:42:00,2017-04-10 21:42:48,68
2017-04-11 01:43:00,2017-04-10 21:43:36,69
2017-04-11 01:44:00,2017-04-10 21:44:24,69
2017-04-11 01:45:00,2017-04-10 21:45:12,69
2017-04-11 01:46:00,2017-04-10 21:46:00,69
2017-04-11 01:46:00,2017-04-10 21:46:48,69
2017-04-11 01:47:00,2017-04-10 21:47:36,69
2017-04-11 01:48:00,2017-04-10 21:48:24,69
2017-04-11 01:49:00,2017-04-10 21:49:12,69
2017-04-11 01:50:00,2017-04-10 21:50:00,69
2017-04-11 01:50:00,2017-04-10 21:50:48,69
2017-04-11 01:51:00,2017-04-10 21:51:36,69
2017-04-11 01:52:00,2017-04-10 21:52:24,70
2017-04-11 01:53:00,2017-04-10 21:53:12,70
2017-04-11 01:54:00,2017-04-10 21:54:00,70
2017-04-11 01:54:00,2017-04-10 21:54:48,70
2017-04-11 01:55:00,2017-04-10 21:55:36,71
2017-04-11 01:56:00,2017-04-10 21:56:24,72
2017-04-11 01:57:00,2017-04-10 21:57:12,72
2017-04-11 01:58:00,2017-04-10 21:58:00,72
2017-04-11 01:59:00,2017-04-10 21:59:36,72
2017-04-11 02:00:00,2017-04-10 22:00:24,72
2017-04-11 02:02:00,2017-04-10 22:01:12,72
2017-04-11 02:02:00,2017-04-10 22:02:48,72
2017-04-11 02:03:00,2017-04-10 22:03:36,72
2017-04-11 02:04:00,2017-04-10 22:04:24,72
2017-04-11 02:05:00,2017-04-10 22:05:12,72
2017-04-11 02:06:00,2017-04-10 22:06:00,71
2017-04-11 02:06:00,2017-04-10 22:06:48,71
2017-04-11 02:07:00,2017-04-10 22:07:36,70
2017-04-11 02:08:00,2017-04-10 22:08:24,70
2017-04-11 02:09:00,2017-04-10 22:09:12,69
2017-04-11 02:10:00,2017-04-10 22:10:00,68
2017-04-11 02:10:00,2017-04-10 22:10:48,68
2017-04-11 02:11:00,2017-04-10 22:11:36,68
2017-04-11 02:12:00,2017-04-10 22:12:24,67
2017-04-11 02:13:00,2017-04-10 22:13:12,67
2017-04-11 02:14:00,2017-04-10 22:14:00,66
2017-04-11 02:14:00,2017-04-10 22:14:48,66
2017-04-11 02:15:00,2017-04-10 22:15:36,65
2017-04-11 02:16:00,2017-04-10 22:16:24,65
2017-04-11 02:17:00,2017-04-10 22:17:12,65
2017-04-11 02:18:00,2017-04-10 22:18:48,64
2017-04-11 02:19:00,2017-04-10 22:19:36,64
2017-04-11 02:20:00,2017-04-10 22:20:24,63
2017-04-11 02:21:00,2017-04-10 22:21:12,63
2017-04-11 02:22:00,2017-04-10 22:22:00,63
2017-04-11 02:22:00,2017-04-10 22:22:48,62
2017-04-11 02:23:00,2017-04-10 22:23:36,62
2017-04-11 02:24:00,2017-04-10 22:24:24,62
2017-04-11 02:25:00,2017-04-10 22:25:12,62
2017-04-11 02:26:00,2017-04-10 22:26:00,61
2017-04-11 02:26:00,2017-04-10 22:26:48,61
2017-04-11 02:27:00,2017-04-10 22:27:36,61
2017-04-11 02:28:00,2017-04-10 22:28:24,62
2017-04-11 02:29:00,2017-04-10 22:29:12,62
2017-04-11 02:30:00,2017-04-10 22:30:00,62
2017-04-11 02:30:00,2017-04-10 22:30:48,62
2017-04-11 02:31:00,2017-04-10 22:31:36,62
2017-04-11 02:32:00,2017-04-10 22:32:24,62
2017-04-11 03:01:00,2017-04-10 23:01:12,64
2017-04-11 03:02:00,2017-04-10 23:02:00,65
2017-04-11 03:02:00,2017-04-10 23:02:48,65
2017-04-11 03:03:00,2017-04-10 23:03:36,65
2017-04-11 03:04:00,2017-04-10 23:04:24,65
2017-04-11 03:05:00,2017-04-10 23:05:12,65
2017-04-11 03:06:00,2017-04-10 23:06:00,65
2017-04-11 03:06:00,2017-04-10 23:06:48,65
2017-04-11 03:07:00,2017-04-10 23:07:36,65
2017-04-11 03:08:00,2017-04-10 23:08:24,65
2017-04-11 03:09:00,2017-04-10 23:09:12,65
2017-04-11 03:10:00,2017-04-10 23:10:00,65
2017-04-11 03:10:00,2017-04-10 23:10:48,65
2017-04-11 03:11:00,2017-04-10 23:11:36,65
2017-04-11 03:12:00,2017-04-10 23:12:24,66
2017-04-11 03:13:00,2017-04-10 23:13:12,66
2017-04-11 03:14:00,2017-04-10 23:14:00,65
2017-04-11 03:14:00,2017-04-10 23:14:48,66
2017-04-11 03:15:00,2017-04-10 23:15:36,66
2017-04-11 03:16:00,2017-04-10 23:16:24,66
2017-04-11 03:17:00,2017-04-10 23:17:12,66
2017-04-11 03:18:00,2017-04-10 23:18:00,66
2017-04-11 03:18:00,2017-04-10 23:18:48,66
2017-04-11 03:19:00,2017-04-10 23:19:36,66
2017-04-11 03:20:00,2017-04-10 23:20:24,66
2017-04-11 03:22:00,2017-04-10 23:22:00,66
2017-04-11 03:22:00,2017-04-10 23:22:48,66
2017-04-11 04:02:00,2017-04-10 23:26:12,66
2017-04-11 04:02:00,2017-04-10 23:27:12,66
2017-04-11 04:02:00,2017-04-10 23:28:12,66
2017-04-11 04:02:00,2017-04-10 23:30:12,67
2017-04-11 04:02:00,2017-04-10 23:31:12,67
2017-04-11 04:02:00,2017-04-10 23:32:12,67
2017-04-11 04:02:00,2017-04-10 23:34:12,67
2017-04-11 04:02:00,2017-04-10 23:35:12,67
2017-04-11 04:02:00,2017-04-10 23:36:12,67
2017-04-11 04:02:00,2017-04-10 23:38:12,67
2017-04-11 04:02:00,2017-04-10 23:39:12,68
2017-04-11 04:02:00,2017-04-10 23:40:12,68
2017-04-11 04:02:00,2017-04-10 23:42:12,68
2017-04-11 04:02:00,2017-04-10 23:43:12,68
2017-04-11 04:02:00,2017-04-10 23:44:12,68
2017-04-11 04:02:00,2017-04-10 23:46:12,69
2017-04-11 04:02:00,2017-04-10 23:47:12,69
2017-04-11 04:02:00,2017-04-10 23:48:12,68
2017-04-11 04:02:00,2017-04-10 23:50:12,69
2017-04-11 04:02:00,2017-04-10 23:51:12,69
2017-04-11 04:02:00,2017-04-10 23:52:12,69
2017-04-11 04:02:00,2017-04-10 23:54:12,69
2017-04-11 04:02:00,2017-04-10 23:55:12,69
2017-04-11 04:02:00,2017-04-10 23:56:12,69
2017-04-11 04:02:00,2017-04-10 23:58:12,70
2017-04-11 04:02:00,2017-04-10 23:59:12,70
2017-04-11 04:02:00,2017-04-11 00:00:12,70
2017-04-11 04:02:00,2017-04-11 00:01:12,70
2017-04-11 04:02:00,2017-04-11 00:02:00,70
2017-04-11 04:02:00,2017-04-11 00:02:48,70
2017-04-11 04:03:00,2017-04-11 00:03:36,70
2017-04-11 04:06:00,2017-04-11 00:05:12,70
2017-04-11 04:06:00,2017-04-11 00:06:00,70
2017-04-11 04:06:00,2017-04-11 00:06:48,70
2017-04-11 04:07:00,2017-04-11 00:07:36,70
2017-04-11 04:08:00,2017-04-11 00:08:24,70
2017-04-11 04:10:00,2017-04-11 00:09:12,70
2017-04-11 04:10:00,2017-04-11 00:10:48,70
2017-04-11 04:11:00,2017-04-11 00:11:36,70
2017-04-11 04:12:00,2017-04-11 00:12:24,70
2017-04-11 04:15:00,2017-04-11 00:13:12,70
2017-04-11 04:15:00,2017-04-11 00:14:12,70
2017-04-11 04:15:00,2017-04-11 00:15:36,70
2017-04-11 04:18:00,2017-04-11 00:17:12,70
2017-04-11 04:18:00,2017-04-11 00:18:00,70
2017-04-11 04:18:00,2017-04-11 00:18:48,71
2017-04-11 04:19:00,2017-04-11 00:19:36,71
2017-04-11 04:20:00,2017-04-11 00:20:24,71
2017-04-11 04:22:00,2017-04-11 00:21:12,71
2017-04-11 04:22:00,2017-04-11 00:22:48,71
2017-04-11 04:23:00,2017-04-11 00:23:36,71
2017-04-11 04:24:00,2017-04-11 00:24:24,72
2017-04-11 04:26:00,2017-04-11 00:25:12,72
2017-04-11 04:26:00,2017-04-11 00:26:00,72
2017-04-11 04:26:00,2017-04-11 00:26:48,72
2017-04-11 04:27:00,2017-04-11 00:27:36,72
2017-04-11 04:28:00,2017-04-11 00:28:24,72
2017-04-11 04:30:00,2017-04-11 00:29:12,72
2017-04-11 04:30:00,2017-04-11 00:30:00,72
2017-04-11 04:30:00,2017-04-11 00:30:48,72
2017-04-11 04:31:00,2017-04-11 00:31:36,72
2017-04-11 04:32:00,2017-04-11 00:32:24,72
2017-04-11 04:34:00,2017-04-11 00:33:12,72
2017-04-11 04:34:00,2017-04-11 00:34:00,72
2017-04-11 04:34:00,2017-04-11 00:34:48,72
2017-04-11 04:35:00,2017-04-11 00:35:36,72
2017-04-11 04:36:00,2017-04-11 00:36:24,72
2017-04-11 04:38:00,2017-04-11 00:37:12,72
2017-04-11 04:38:00,2017-04-11 00:38:00,72
2017-04-11 04:38:00,2017-04-11 00:38:48,72
2017-04-11 04:39:00,2017-04-11 00:39:36,72
2017-04-11 04:40:00,2017-04-11 00:40:24,72
2017-04-11 04:42:00,2017-04-11 00:41:12,72
2017-04-11 04:42:00,2017-04-11 00:42:00,72
2017-04-11 04:42:00,2017-04-11 00:42:48,72
2017-04-11 04:43:00,2017-04-11 00:43:36,72
2017-04-11 04:44:00,2017-04-11 00:44:24,72
2017-04-11 04:45:00,2017-04-11 00:45:12,72
2017-04-11 04:46:00,2017-04-11 00:46:00,72
2017-04-11 04:46:00,2017-04-11 00:46:48,72
2017-04-11 04:47:00,2017-04-11 00:47:36,72
2017-04-11 04:48:00,2017-04-11 00:48:24,72
2017-04-11 04:50:00,2017-04-11 00:49:12,72
2017-04-11 04:50:00,2017-04-11 00:50:00,73
2017-04-11 04:50:00,2017-04-11 00:50:48,73
2017-04-11 04:51:00,2017-04-11 00:51:36,73
2017-04-11 04:52:00,2017-04-11 00:52:24,73
2017-04-11 04:54:00,2017-04-11 00:53:12,73
2017-04-11 04:54:00,2017-04-11 00:54:00,73
2017-04-11 04:54:00,2017-04-11 00:54:48,73
2017-04-11 04:55:00,2017-04-11 00:55:36,73
2017-04-11 04:56:00,2017-04-11 00:56:24,73
2017-04-11 04:58:00,2017-04-11 00:57:12,73
2017-04-11 04:58:00,2017-04-11 00:58:00,75
2017-04-11 04:58:00,2017-04-11 00:58:48,75
2017-04-11 04:59:00,2017-04-11 00:59:36,75
2017-04-11 05:00:00,2017-04-11 01:00:24,76
2017-04-11 05:02:00,2017-04-11 01:01:12,76
2017-04-11 05:02:00,2017-04-11 01:02:00,76
2017-04-11 05:02:00,2017-04-11 01:02:48,76
2017-04-11 05:04:00,2017-04-11 01:04:24,76
2017-04-11 05:06:00,2017-04-11 01:05:12,76
2017-04-11 05:06:00,2017-04-11 01:06:00,76
2017-04-11 05:07:00,2017-04-11 01:07:36,76
2017-04-11 05:08:00,2017-04-11 01:08:24,76
2017-04-11 05:10:00,2017-04-11 01:09:12,76
2017-04-11 05:10:00,2017-04-11 01:10:00,76
2017-04-11 05:10:00,2017-04-11 01:10:48,76
2017-04-11 05:11:00,2017-04-11 01:11:36,76
2017-04-11 05:12:00,2017-04-11 01:12:24,76
2017-04-11 05:14:00,2017-04-11 01:13:12,76
2017-04-11 05:14:00,2017-04-11 01:14:00,77
2017-04-11 05:14:00,2017-04-11 01:14:48,77
2017-04-11 05:15:00,2017-04-11 01:15:36,77
2017-04-11 05:16:00,2017-04-11 01:16:24,77
2017-04-11 05:18:00,2017-04-11 01:17:12,77
2017-04-11 05:18:00,2017-04-11 01:18:00,77
2017-04-11 05:18:00,2017-04-11 01:18:48,77
2017-04-11 05:19:00,2017-04-11 01:19:36,77
2017-04-11 05:20:00,2017-04-11 01:20:24,77
2017-04-11 05:22:00,2017-04-11 01:21:12,77
2017-04-11 05:22:00,2017-04-11 01:22:00,77
2017-04-11 05:22:00,2017-04-11 01:22:48,77
2017-04-11 05:23:00,2017-04-11 01:23:36,77
2017-04-11 05:24:00,2017-04-11 01:24:24,77
2017-04-11 05:26:00,2017-04-11 01:25:12,77
2017-04-11 05:26:00,2017-04-11 01:26:00,78
2017-04-11 05:26:00,2017-04-11 01:26:48,78
2017-04-11 05:27:00,2017-04-11 01:27:36,78
2017-04-11 05:28:00,2017-04-11 01:28:24,79
2017-04-11 05:30:00,2017-04-11 01:29:12,79
2017-04-11 05:30:00,2017-04-11 01:30:00,79
2017-04-11 05:30:00,2017-04-11 01:30:48,79
2017-04-11 05:31:00,2017-04-11 01:31:36,79
2017-04-11 05:32:00,2017-04-11 01:32:24,79
2017-04-11 05:34:00,2017-04-11 01:33:12,79
2017-04-11 05:34:00,2017-04-11 01:34:00,79
2017-04-11 05:34:00,2017-04-11 01:34:48,79
2017-04-11 05:36:00,2017-04-11 01:36:24,79
2017-04-11 05:37:00,2017-04-11 01:37:12,76
2017-04-11 05:38:00,2017-04-11 01:38:02,79
2017-04-11 05:38:00,2017-04-11 01:38:50,79
2017-04-11 05:39:00,2017-04-11 01:39:38,79
2017-04-11 05:40:00,2017-04-11 01:40:26,79
2017-04-11 05:42:00,2017-04-11 01:41:12,79
2017-04-11 05:42:00,2017-04-11 01:42:02,79
2017-04-11 05:43:00,2017-04-11 01:43:38,79
2017-04-11 05:44:00,2017-04-11 01:44:26,80
2017-04-11 05:46:00,2017-04-11 01:45:12,80
2017-04-11 05:46:00,2017-04-11 01:46:02,80
2017-04-11 05:46:00,2017-04-11 01:46:50,80
2017-04-11 05:50:00,2017-04-11 01:48:12,80
2017-04-11 05:50:00,2017-04-11 01:49:12,80
2017-04-11 05:50:00,2017-04-11 01:50:02,80
2017-04-11 05:50:00,2017-04-11 01:50:50,80
2017-04-11 05:51:00,2017-04-11 01:51:38,80
2017-04-11 05:52:00,2017-04-11 01:52:26,80
2017-04-11 05:54:00,2017-04-11 01:53:12,80
2017-04-11 05:54:00,2017-04-11 01:54:02,80
2017-04-11 05:54:00,2017-04-11 01:54:50,80
2017-04-11 05:55:00,2017-04-11 01:55:38,81
2017-04-11 05:56:00,2017-04-11 01:56:26,81
2017-04-11 05:58:00,2017-04-11 01:57:12,81
2017-04-11 05:58:00,2017-04-11 01:58:02,81
2017-04-11 05:59:00,2017-04-11 01:59:38,81
2017-04-11 06:00:00,2017-04-11 02:00:26,81
2017-04-11 06:02:00,2017-04-11 02:01:12,81
2017-04-11 06:02:00,2017-04-11 02:02:02,81
2017-04-11 06:03:00,2017-04-11 02:03:38,81
2017-04-11 06:04:00,2017-04-11 02:04:26,81
2017-04-11 06:06:00,2017-04-11 02:05:12,81
2017-04-11 06:06:00,2017-04-11 02:06:02,81
2017-04-11 06:06:00,2017-04-11 02:06:50,81
2017-04-11 06:07:00,2017-04-11 02:07:38,82
2017-04-11 06:08:00,2017-04-11 02:08:26,82
2017-04-11 06:10:00,2017-04-11 02:09:12,82
2017-04-11 06:10:00,2017-04-11 02:10:02,82
2017-04-11 06:10:00,2017-04-11 02:10:50,82
2017-04-11 06:11:00,2017-04-11 02:11:38,82
2017-04-11 06:12:00,2017-04-11 02:12:26,82
2017-04-11 06:13:00,2017-04-11 02:13:14,82
2017-04-11 06:14:00,2017-04-11 02:14:02,82
2017-04-11 06:14:00,2017-04-11 02:14:50,82
2017-04-11 06:15:00,2017-04-11 02:15:38,82
2017-04-11 06:16:00,2017-04-11 02:16:26,82
2017-04-11 06:18:00,2017-04-11 02:17:12,82
2017-04-11 06:18:00,2017-04-11 02:18:02,83
2017-04-11 06:18:00,2017-04-11 02:18:50,83
2017-04-11 06:19:00,2017-04-11 02:19:38,83
2017-04-11 06:20:00,2017-04-11 02:20:26,83
2017-04-11 06:21:00,2017-04-11 02:21:14,82
2017-04-11 06:22:00,2017-04-11 02:22:02,82
2017-04-11 06:22:00,2017-04-11 02:22:50,82
2017-04-11 06:23:00,2017-04-11 02:23:38,82
2017-04-11 06:24:00,2017-04-11 02:24:26,82
2017-04-11 06:26:00,2017-04-11 02:25:12,82
2017-04-11 06:26:00,2017-04-11 02:26:02,82
2017-04-11 06:26:00,2017-04-11 02:26:50,82
2017-04-11 06:27:00,2017-04-11 02:27:38,82
2017-04-11 06:28:00,2017-04-11 02:28:26,82
2017-04-11 06:29:00,2017-04-11 02:29:14,82
2017-04-11 06:30:00,2017-04-11 02:30:02,82
2017-04-11 06:30:00,2017-04-11 02:30:50,82
2017-04-11 06:31:00,2017-04-11 02:31:38,82
2017-04-11 06:32:00,2017-04-11 02:32:26,83
2017-04-11 06:34:00,2017-04-11 02:33:12,83
2017-04-11 06:34:00,2017-04-11 02:34:02,83
2017-04-11 06:34:00,2017-04-11 02:34:50,84
2017-04-11 06:35:00,2017-04-11 02:35:38,84
2017-04-11 06:36:00,2017-04-11 02:36:26,85
2017-04-11 06:37:00,2017-04-11 02:37:14,86
2017-04-11 06:38:00,2017-04-11 02:38:02,86
2017-04-11 06:38:00,2017-04-11 02:38:50,87
2017-04-11 06:39:00,2017-04-11 02:39:38,87
2017-04-11 06:40:00,2017-04-11 02:40:26,87
2017-04-11 06:42:00,2017-04-11 02:41:12,87
2017-04-11 06:42:00,2017-04-11 02:42:02,88
2017-04-11 06:42:00,2017-04-11 02:42:50,89
2017-04-11 06:43:00,2017-04-11 02:43:38,89
2017-04-11 06:44:00,2017-04-11 02:44:26,90
2017-04-11 06:46:00,2017-04-11 02:45:12,90
2017-04-11 06:46:00,2017-04-11 02:46:02,90
2017-04-11 06:46:00,2017-04-11 02:46:50,90
2017-04-11 06:47:00,2017-04-11 02:47:38,90
2017-04-11 06:48:00,2017-04-11 02:48:26,91
2017-04-11 06:50:00,2017-04-11 02:49:12,91
2017-04-11 06:50:00,2017-04-11 02:50:02,91
2017-04-11 06:50:00,2017-04-11 02:50:50,91
2017-04-11 06:51:00,2017-04-11 02:51:38,92
2017-04-11 06:52:00,2017-04-11 02:52:26,93
2017-04-11 06:54:00,2017-04-11 02:53:12,93
2017-04-11 06:54:00,2017-04-11 02:54:02,93
2017-04-11 06:54:00,2017-04-11 02:54:50,93
2017-04-11 06:55:00,2017-04-11 02:55:38,93
2017-04-11 06:56:00,2017-04-11 02:56:26,93
2017-04-11 06:57:00,2017-04-11 02:57:14,93
2017-04-11 06:58:00,2017-04-11 02:58:02,93
2017-04-11 06:58:00,2017-04-11 02:58:50,93
2017-04-11 06:59:00,2017-04-11 02:59:38,93
2017-04-11 07:00:00,2017-04-11 03:00:26,93
2017-04-11 07:01:00,2017-04-11 03:01:14,93
2017-04-11 07:02:00,2017-04-11 03:02:02,93
2017-04-11 07:02:00,2017-04-11 03:02:50,92
2017-04-11 07:03:00,2017-04-11 03:03:38,92
2017-04-11 07:04:00,2017-04-11 03:04:26,92
2017-04-11 07:05:00,2017-04-11 03:05:14,92
2017-04-11 07:06:00,2017-04-11 03:06:02,92
2017-04-11 07:06:00,2017-04-11 03:06:50,92
2017-04-11 07:07:00,2017-04-11 03:07:38,92
2017-04-11 07:08:00,2017-04-11 03:08:26,92
2017-04-11 07:10:00,2017-04-11 03:09:12,92
2017-04-11 07:10:00,2017-04-11 03:10:02,92
2017-04-11 07:10:00,2017-04-11 03:10:50,92
2017-04-11 07:11:00,2017-04-11 03:11:38,92
2017-04-11 07:12:00,2017-04-11 03:12:26,91
2017-04-11 07:14:00,2017-04-11 03:13:12,91
2017-04-11 07:14:00,2017-04-11 03:14:02,91
2017-04-11 07:14:00,2017-04-11 03:14:50,91
2017-04-11 07:15:00,2017-04-11 03:15:38,91
2017-04-11 07:16:00,2017-04-11 03:16:26,91
2017-04-11 07:18:00,2017-04-11 03:17:12,91
2017-04-11 07:18:00,2017-04-11 03:18:02,90
2017-04-11 07:18:00,2017-04-11 03:18:50,90
2017-04-11 07:19:00,2017-04-11 03:19:38,90
2017-04-11 07:20:00,2017-04-11 03:20:25,90
2017-04-11 07:22:00,2017-04-11 03:21:12,90
2017-04-11 07:22:00,2017-04-11 03:22:02,90
2017-04-11 07:22:00,2017-04-11 03:22:50,90
2017-04-11 07:23:00,2017-04-11 03:23:38,90
2017-04-11 07:24:00,2017-04-11 03:24:26,90
2017-04-11 07:26:00,2017-04-11 03:25:12,90
2017-04-11 07:26:00,2017-04-11 03:26:02,90
2017-04-11 07:26:00,2017-04-11 03:26:50,91
2017-04-11 07:27:00,2017-04-11 03:27:38,91
2017-04-11 07:28:00,2017-04-11 03:28:26,91
2017-04-11 07:30:00,2017-04-11 03:29:12,91
2017-04-11 07:30:00,2017-04-11 03:30:02,91
2017-04-11 07:30:00,2017-04-11 03:30:50,91
2017-04-11 07:31:00,2017-04-11 03:31:38,91
2017-04-11 07:32:00,2017-04-11 03:32:26,91
2017-04-11 07:34:00,2017-04-11 03:33:12,91
2017-04-11 07:34:00,2017-04-11 03:34:02,91
2017-04-11 07:34:00,2017-04-11 03:34:50,91
2017-04-11 07:35:00,2017-04-11 03:35:38,91
2017-04-11 07:36:00,2017-04-11 03:36:26,91
2017-04-11 07:38:00,2017-04-11 03:37:12,91
2017-04-11 07:38:00,2017-04-11 03:38:02,91
2017-04-11 07:38:00,2017-04-11 03:38:50,91
2017-04-11 07:39:00,2017-04-11 03:39:38,91
2017-04-11 07:40:00,2017-04-11 03:40:26,91
2017-04-11 07:41:00,2017-04-11 03:41:14,91
2017-04-11 07:42:00,2017-04-11 03:42:02,91
2017-04-11 07:42:00,2017-04-11 03:42:50,91
2017-04-11 07:43:00,2017-04-11 03:43:38,91
2017-04-11 07:44:00,2017-04-11 03:44:26,91
2017-04-11 07:46:00,2017-04-11 03:45:12,91
2017-04-11 07:46:00,2017-04-11 03:46:02,91
2017-04-11 07:46:00,2017-04-11 03:46:50,91
2017-04-11 07:47:00,2017-04-11 03:47:38,91
2017-04-11 07:48:00,2017-04-11 03:48:26,91
2017-04-11 07:49:00,2017-04-11 03:49:14,91
2017-04-11 07:50:00,2017-04-11 03:50:02,91
2017-04-11 07:50:00,2017-04-11 03:50:50,91
2017-04-11 07:51:00,2017-04-11 03:51:38,91
2017-04-11 07:52:00,2017-04-11 03:52:26,91
2017-04-11 07:53:00,2017-04-11 03:53:14,91
2017-04-11 07:54:00,2017-04-11 03:54:02,91
2017-04-11 07:54:00,2017-04-11 03:54:50,91
2017-04-11 07:55:00,2017-04-11 03:55:38,91
2017-04-11 07:56:00,2017-04-11 03:56:26,91
2017-04-11 07:57:00,2017-04-11 03:57:14,91
2017-04-11 07:58:00,2017-04-11 03:58:02,91
2017-04-11 08:02:00,2017-04-11 03:59:12,91
2017-04-11 08:02:00,2017-04-11 04:00:12,91
2017-04-11 08:02:00,2017-04-11 04:01:12,91
2017-04-11 08:02:00,2017-04-11 04:02:02,91
2017-04-11 08:03:00,2017-04-11 04:03:38,91
2017-04-11 08:04:00,2017-04-11 04:04:26,91
2017-04-11 08:05:00,2017-04-11 04:05:14,91
2017-04-11 08:06:00,2017-04-11 04:06:02,91
2017-04-11 08:06:00,2017-04-11 04:06:50,91
2017-04-11 08:07:00,2017-04-11 04:07:38,91
2017-04-11 08:08:00,2017-04-11 04:08:26,91
2017-04-11 08:10:00,2017-04-11 04:09:12,91
2017-04-11 08:10:00,2017-04-11 04:10:02,91
2017-04-11 08:10:00,2017-04-11 04:10:50,91
2017-04-11 08:11:00,2017-04-11 04:11:38,91
2017-04-11 08:12:00,2017-04-11 04:12:26,91
2017-04-11 08:13:00,2017-04-11 04:13:14,91
2017-04-11 08:14:00,2017-04-11 04:14:02,91
2017-04-11 08:14:00,2017-04-11 04:14:50,91
2017-04-11 08:15:00,2017-04-11 04:15:38,91
2017-04-11 08:16:00,2017-04-11 04:16:26,91
2017-04-11 08:17:00,2017-04-11 04:17:14,81
2017-04-11 08:18:00,2017-04-11 04:18:02,91
2017-04-11 08:18:00,2017-04-11 04:18:50,91
2017-04-11 09:02:00,2017-04-11 04:20:12,91
2017-04-11 09:02:00,2017-04-11 04:25:12,92
2017-04-11 09:02:00,2017-04-11 04:26:12,92
2017-04-11 09:02:00,2017-04-11 04:32:12,92
2017-04-11 09:02:00,2017-04-11 04:41:12,92
2017-04-11 09:02:00,2017-04-11 04:43:12,93
2017-04-11 09:02:00,2017-04-11 04:44:12,93
2017-04-11 09:02:00,2017-04-11 04:45:12,93
2017-04-11 09:02:00,2017-04-11 04:47:12,94
2017-04-11 09:02:00,2017-04-11 04:48:12,94
2017-04-11 09:02:00,2017-04-11 04:49:12,94
2017-04-11 09:02:00,2017-04-11 04:50:12,94
2017-04-11 09:02:00,2017-04-11 04:51:12,94
2017-04-11 09:02:00,2017-04-11 04:52:12,94
2017-04-11 09:02:00,2017-04-11 04:53:12,94
2017-04-11 09:02:00,2017-04-11 04:54:12,94
2017-04-11 09:02:00,2017-04-11 04:55:12,94
2017-04-11 09:02:00,2017-04-11 04:56:12,94
2017-04-11 09:02:00,2017-04-11 04:57:12,94
2017-04-11 09:02:00,2017-04-11 04:58:12,94
2017-04-11 09:02:00,2017-04-11 04:59:12,94
2017-04-11 09:02:00,2017-04-11 05:00:12,94
2017-04-11 09:02:00,2017-04-11 05:01:12,94
2017-04-11 09:02:00,2017-04-11 05:02:02,94
2017-04-11 09:02:00,2017-04-11 05:02:50,94
2017-04-11 09:03:00,2017-04-11 05:03:38,94
2017-04-11 09:04:00,2017-04-11 05:04:26,94
2017-04-11 09:05:00,2017-04-11 05:05:14,94
2017-04-11 09:06:00,2017-04-11 05:06:50,95
2017-04-11 09:07:00,2017-04-11 05:07:38,95
2017-04-11 09:08:00,2017-04-11 05:08:26,95
2017-04-11 09:09:00,2017-04-11 05:09:14,95
2017-04-11 09:10:00,2017-04-11 05:10:02,95
2017-04-11 09:10:00,2017-04-11 05:10:50,95
2017-04-11 09:11:00,2017-04-11 05:11:38,95
2017-04-11 09:12:00,2017-04-11 05:12:26,95
2017-04-11 09:14:00,2017-04-11 05:13:12,95
2017-04-11 09:14:00,2017-04-11 05:14:02,95
2017-04-11 09:14:00,2017-04-11 05:14:50,95
2017-04-11 09:15:00,2017-04-11 05:15:38,95
2017-04-11 09:16:00,2017-04-11 05:16:26,95
2017-04-11 09:18:00,2017-04-11 05:17:12,95
2017-04-11 09:18:00,2017-04-11 05:18:02,95
2017-04-11 09:18:00,2017-04-11 05:18:50,95
2017-04-11 09:19:00,2017-04-11 05:19:38,95
2017-04-11 09:20:00,2017-04-11 05:20:26,95
2017-04-11 09:21:00,2017-04-11 05:21:14,95
2017-04-11 09:22:00,2017-04-11 05:22:02,95
2017-04-11 09:22:00,2017-04-11 05:22:50,95
2017-04-11 09:23:00,2017-04-11 05:23:38,95
2017-04-11 09:24:00,2017-04-11 05:24:26,95
2017-04-11 09:25:00,2017-04-11 05:25:14,82
2017-04-11 09:26:00,2017-04-11 05:26:02,95
2017-04-11 09:26:00,2017-04-11 05:26:50,95
2017-04-11 09:27:00,2017-04-11 05:27:38,96
2017-04-11 09:28:00,2017-04-11 05:28:26,96
2017-04-11 09:30:00,2017-04-11 05:29:12,96
2017-04-11 09:30:00,2017-04-11 05:30:02,96
2017-04-11 09:30:00,2017-04-11 05:30:50,95
2017-04-11 09:31:00,2017-04-11 05:31:38,95
2017-04-11 09:32:00,2017-04-11 05:32:26,95
2017-04-11 09:34:00,2017-04-11 05:33:12,95
2017-04-11 09:34:00,2017-04-11 05:34:02,95
2017-04-11 09:34:00,2017-04-11 05:34:50,95
2017-04-11 09:36:00,2017-04-11 05:36:56,95
2017-04-11 09:38:00,2017-04-11 05:38:50,96
2017-04-11 09:39:00,2017-04-11 05:39:38,96
2017-04-11 09:40:00,2017-04-11 05:40:26,96
2017-04-11 09:41:00,2017-04-11 05:41:14,96
2017-04-11 09:42:00,2017-04-11 05:42:02,96
2017-04-11 09:42:00,2017-04-11 05:42:50,96
2017-04-11 09:43:00,2017-04-11 05:43:38,96
2017-04-11 09:44:00,2017-04-11 05:44:26,95
2017-04-11 09:46:00,2017-04-11 05:45:12,95
2017-04-11 09:46:00,2017-04-11 05:46:02,95
2017-04-11 10:02:00,2017-04-11 06:02:02,95
2017-04-11 10:02:00,2017-04-11 06:02:51,95
2017-04-11 10:03:00,2017-04-11 06:03:39,95
2017-04-11 10:04:00,2017-04-11 06:04:27,95
2017-04-11 10:06:00,2017-04-11 06:05:12,95
2017-04-11 10:06:00,2017-04-11 06:06:03,90
2017-04-11 10:06:00,2017-04-11 06:06:51,90
2017-04-11 10:07:00,2017-04-11 06:07:39,90
2017-04-11 10:08:00,2017-04-11 06:08:27,89
2017-04-11 10:09:00,2017-04-11 06:09:15,82
2017-04-11 10:10:00,2017-04-11 06:10:03,89
2017-04-11 10:10:00,2017-04-11 06:10:51,88
2017-04-11 10:11:00,2017-04-11 06:11:39,88
2017-04-11 10:12:00,2017-04-11 06:12:27,87
2017-04-11 10:13:00,2017-04-11 06:13:15,82
2017-04-11 10:14:00,2017-04-11 06:14:02,87
2017-04-11 10:14:00,2017-04-11 06:14:50,86
2017-04-11 10:15:00,2017-04-11 06:15:38,86
2017-04-11 10:16:00,2017-04-11 06:16:26,86
2017-04-11 10:17:00,2017-04-11 06:17:14,81
2017-04-11 10:18:00,2017-04-11 06:18:03,86
2017-04-11 10:18:00,2017-04-11 06:18:51,86
2017-04-11 10:19:00,2017-04-11 06:19:39,85
2017-04-11 10:20:00,2017-04-11 06:20:27,85
2017-04-11 10:21:00,2017-04-11 06:21:15,85
2017-04-11 10:22:00,2017-04-11 06:22:03,85
2017-04-11 10:22:00,2017-04-11 06:22:51,85
2017-04-11 10:23:00,2017-04-11 06:23:39,84
2017-04-11 10:24:00,2017-04-11 06:24:27,85
2017-04-11 10:25:00,2017-04-11 06:25:15,84
2017-04-11 10:26:00,2017-04-11 06:26:03,84
2017-04-11 10:26:00,2017-04-11 06:26:51,83
2017-04-11 10:27:00,2017-04-11 06:27:39,83
2017-04-11 10:28:00,2017-04-11 06:28:27,82
2017-04-11 10:30:00,2017-04-11 06:29:12,82
2017-04-11 10:30:00,2017-04-11 06:30:03,81
2017-04-11 10:30:00,2017-04-11 06:30:51,81
2017-04-11 10:31:00,2017-04-11 06:31:39,81
2017-04-11 10:32:00,2017-04-11 06:32:27,81
2017-04-11 10:34:00,2017-04-11 06:33:12,81
2017-04-11 10:34:00,2017-04-11 06:34:03,82
2017-04-11 10:34:00,2017-04-11 06:34:51,82
2017-04-11 10:35:00,2017-04-11 06:35:39,82
2017-04-11 10:36:00,2017-04-11 06:36:27,82
2017-04-11 10:38:00,2017-04-11 06:37:12,82
2017-04-11 10:38:00,2017-04-11 06:38:03,81
2017-04-11 10:38:00,2017-04-11 06:38:51,81
2017-04-11 10:39:00,2017-04-11 06:39:39,81
2017-04-11 10:40:00,2017-04-11 06:40:27,81
2017-04-11 10:41:00,2017-04-11 06:41:15,80
2017-04-11 10:42:00,2017-04-11 06:42:03,81
2017-04-11 10:42:00,2017-04-11 06:42:51,80
2017-04-11 10:43:00,2017-04-11 06:43:39,80
2017-04-11 10:44:00,2017-04-11 06:44:43,80
2017-04-11 10:45:00,2017-04-11 06:45:34,80
2017-04-11 10:46:00,2017-04-11 06:46:50,80
2017-04-11 10:47:00,2017-04-11 06:47:38,79
2017-04-11 10:48:00,2017-04-11 06:48:26,78
2017-04-11 10:50:00,2017-04-11 06:49:12,78
2017-04-11 10:50:00,2017-04-11 06:50:02,78
2017-04-11 10:50:00,2017-04-11 06:50:50,78
2017-04-11 10:51:00,2017-04-11 06:51:38,78
2017-04-11 10:52:00,2017-04-11 06:52:26,78
2017-04-11 10:54:00,2017-04-11 06:53:12,78
2017-04-11 10:54:00,2017-04-11 06:54:02,78
2017-04-11 10:54:00,2017-04-11 06:54:50,78
2017-04-11 10:55:00,2017-04-11 06:55:38,78
2017-04-11 10:56:00,2017-04-11 06:56:26,78
2017-04-11 10:58:00,2017-04-11 06:57:12,78
2017-04-11 10:58:00,2017-04-11 06:58:02,78
2017-04-11 10:58:00,2017-04-11 06:58:50,78
2017-04-11 10:59:00,2017-04-11 06:59:38,78
2017-04-11 11:00:00,2017-04-11 07:00:26,78
2017-04-11 11:01:00,2017-04-11 07:01:14,79
2017-04-11 11:02:00,2017-04-11 07:02:03,78
2017-04-11 11:02:00,2017-04-11 07:02:51,78
2017-04-11 11:03:00,2017-04-11 07:03:39,78
2017-04-11 11:04:00,2017-04-11 07:04:27,78
2017-04-11 11:05:00,2017-04-11 07:05:15,80
2017-04-11 11:06:00,2017-04-11 07:06:03,78
2017-04-11 11:06:00,2017-04-11 07:06:51,78
2017-04-11 11:07:00,2017-04-11 07:07:39,78
2017-04-11 11:08:00,2017-04-11 07:08:27,78
2017-04-11 11:10:00,2017-04-11 07:09:12,78
2017-04-11 11:10:00,2017-04-11 07:10:03,79
2017-04-11 11:10:00,2017-04-11 07:10:51,78
2017-04-11 11:11:00,2017-04-11 07:11:39,78
2017-04-11 11:12:00,2017-04-11 07:12:27,78
2017-04-11 11:13:00,2017-04-11 07:13:15,78
2017-04-11 11:14:00,2017-04-11 07:14:03,78
2017-04-11 11:15:00,2017-04-11 07:15:39,78
2017-04-11 11:16:00,2017-04-11 07:16:27,79
2017-04-11 11:17:00,2017-04-11 07:17:15,79
2017-04-11 11:18:00,2017-04-11 07:18:03,79
2017-04-11 11:18:00,2017-04-11 07:18:51,79
2017-04-11 11:19:00,2017-04-11 07:19:39,79
2017-04-11 11:20:00,2017-04-11 07:20:27,79
2017-04-11 11:22:00,2017-04-11 07:21:12,79
2017-04-11 11:22:00,2017-04-11 07:22:03,79
2017-04-11 11:22:00,2017-04-11 07:22:51,78
2017-04-11 11:23:00,2017-04-11 07:23:39,78
2017-04-11 11:24:00,2017-04-11 07:24:27,78
2017-04-11 11:26:00,2017-04-11 07:25:12,78
2017-04-11 11:26:00,2017-04-11 07:26:03,78
2017-04-11 11:26:00,2017-04-11 07:26:51,78
2017-04-11 11:27:00,2017-04-11 07:27:39,78
2017-04-11 11:28:00,2017-04-11 07:28:48,78
2017-04-11 11:30:00,2017-04-11 07:30:02,78
2017-04-11 11:30:00,2017-04-11 07:30:50,78
2017-04-11 11:31:00,2017-04-11 07:31:38,78
2017-04-11 11:32:00,2017-04-11 07:32:26,78
2017-04-11 11:34:00,2017-04-11 07:33:12,78
2017-04-11 11:34:00,2017-04-11 07:34:02,78
2017-04-11 11:34:00,2017-04-11 07:34:50,78
2017-04-11 11:35:00,2017-04-11 07:35:38,78
2017-04-11 11:36:00,2017-04-11 07:36:26,78
2017-04-11 11:37:00,2017-04-11 07:37:14,77
2017-04-11 11:38:00,2017-04-11 07:38:03,77
2017-04-11 11:38:00,2017-04-11 07:38:51,77
2017-04-11 11:39:00,2017-04-11 07:39:39,76
2017-04-11 11:40:00,2017-04-11 07:40:27,77
2017-04-11 11:41:00,2017-04-11 07:41:15,77
2017-04-11 11:42:00,2017-04-11 07:42:03,76
2017-04-11 11:42:00,2017-04-11 07:42:51,76
2017-04-11 11:43:00,2017-04-11 07:43:39,76
2017-04-11 11:44:00,2017-04-11 07:44:27,76
2017-04-11 11:45:00,2017-04-11 07:45:15,76
2017-04-11 11:46:00,2017-04-11 07:46:03,76
2017-04-11 11:46:00,2017-04-11 07:46:51,76
2017-04-11 11:47:00,2017-04-11 07:47:39,76
2017-04-11 11:48:00,2017-04-11 07:48:27,75
2017-04-11 11:49:00,2017-04-11 07:49:15,75
2017-04-11 11:50:00,2017-04-11 07:50:03,74
2017-04-11 11:50:00,2017-04-11 07:50:51,73
2017-04-11 11:51:00,2017-04-11 07:51:39,73
2017-04-11 11:52:00,2017-04-11 07:52:27,73
2017-04-11 11:53:00,2017-04-11 07:53:15,72
2017-04-11 11:54:00,2017-04-11 07:54:03,72
2017-04-11 11:54:00,2017-04-11 07:54:51,72
2017-04-11 11:55:00,2017-04-11 07:55:39,71
2017-04-11 11:56:00,2017-04-11 07:56:27,69
2017-04-11 11:57:00,2017-04-11 07:57:15,67
2017-04-11 11:58:00,2017-04-11 07:58:03,66
2017-04-11 11:58:00,2017-04-11 07:58:51,66
2017-04-11 12:00:00,2017-04-11 08:00:27,66
2017-04-11 12:02:00,2017-04-11 08:01:12,66
2017-04-11 12:02:00,2017-04-11 08:02:03,66
2017-04-11 12:02:00,2017-04-11 08:02:51,66
2017-04-11 12:03:00,2017-04-11 08:03:39,66
2017-04-11 12:06:00,2017-04-11 08:05:12,66
2017-04-11 12:06:00,2017-04-11 08:06:03,64
2017-04-11 12:06:00,2017-04-11 08:06:51,64
2017-04-11 12:07:00,2017-04-11 08:07:39,64
2017-04-11 12:08:00,2017-04-11 08:08:27,64
2017-04-11 12:10:00,2017-04-11 08:09:12,64
2017-04-11 12:10:00,2017-04-11 08:10:03,64
2017-04-11 12:10:00,2017-04-11 08:10:51,63
2017-04-11 12:11:00,2017-04-11 08:11:39,64
2017-04-11 12:12:00,2017-04-11 08:12:27,64
2017-04-11 12:14:00,2017-04-11 08:13:12,64
2017-04-11 12:14:00,2017-04-11 08:14:03,63
2017-04-11 12:14:00,2017-04-11 08:14:51,63
2017-04-11 12:15:00,2017-04-11 08:15:39,63
2017-04-11 12:16:00,2017-04-11 08:16:27,63
2017-04-11 12:18:00,2017-04-11 08:17:12,63
2017-04-11 12:18:00,2017-04-11 08:18:03,62
2017-04-11 12:18:00,2017-04-11 08:18:51,63
2017-04-11 12:19:00,2017-04-11 08:19:39,63
2017-04-11 12:20:00,2017-04-11 08:20:27,63
2017-04-11 12:22:00,2017-04-11 08:21:12,63
2017-04-11 12:22:00,2017-04-11 08:22:03,63
2017-04-11 12:22:00,2017-04-11 08:22:51,63
2017-04-11 12:23:00,2017-04-11 08:23:39,63
2017-04-11 12:24:00,2017-04-11 08:24:27,64
2017-04-11 12:26:00,2017-04-11 08:25:12,64
2017-04-11 12:26:00,2017-04-11 08:26:03,64
2017-04-11 12:26:00,2017-04-11 08:26:51,65
2017-04-11 12:27:00,2017-04-11 08:27:39,65
2017-04-11 12:28:00,2017-04-11 08:28:27,65
2017-04-11 12:29:00,2017-04-11 08:29:15,82
2017-04-11 12:30:00,2017-04-11 08:30:03,63
2017-04-11 12:30:00,2017-04-11 08:30:51,64
2017-04-11 12:31:00,2017-04-11 08:31:39,64
2017-04-11 12:32:00,2017-04-11 08:32:27,65
2017-04-11 12:34:00,2017-04-11 08:33:12,65
2017-04-11 12:34:00,2017-04-11 08:34:03,63
2017-04-11 12:34:00,2017-04-11 08:34:51,62
2017-04-11 12:35:00,2017-04-11 08:35:39,61
2017-04-11 12:36:00,2017-04-11 08:36:27,61
2017-04-11 12:38:00,2017-04-11 08:37:12,61
2017-04-11 12:38:00,2017-04-11 08:38:03,61
2017-04-11 12:38:00,2017-04-11 08:38:51,61
2017-04-11 12:39:00,2017-04-11 08:39:39,61
2017-04-11 12:40:00,2017-04-11 08:40:27,61
2017-04-11 12:42:00,2017-04-11 08:41:12,61
2017-04-11 12:42:00,2017-04-11 08:42:03,61
2017-04-11 12:42:00,2017-04-11 08:42:51,62
2017-04-11 12:43:00,2017-04-11 08:43:39,62
2017-04-11 12:44:00,2017-04-11 08:44:27,62
2017-04-11 12:46:00,2017-04-11 08:45:12,62
2017-04-11 12:46:00,2017-04-11 08:46:03,61
2017-04-11 12:46:00,2017-04-11 08:46:51,61
2017-04-11 12:47:00,2017-04-11 08:47:39,61
2017-04-11 12:48:00,2017-04-11 08:48:27,61
2017-04-11 12:50:00,2017-04-11 08:49:12,61
2017-04-11 12:50:00,2017-04-11 08:50:03,61
2017-04-11 12:50:00,2017-04-11 08:50:51,61
2017-04-11 12:51:00,2017-04-11 08:51:39,61
2017-04-11 12:52:00,2017-04-11 08:52:27,61
2017-04-11 12:53:00,2017-04-11 08:53:15,61
2017-04-11 12:54:00,2017-04-11 08:54:03,60
2017-04-11 12:54:00,2017-04-11 08:54:51,61
2017-04-11 12:55:00,2017-04-11 08:55:39,60
2017-04-11 12:56:00,2017-04-11 08:56:27,58
2017-04-11 12:58:00,2017-04-11 08:57:12,58
2017-04-11 12:58:00,2017-04-11 08:58:03,55
2017-04-11 12:58:00,2017-04-11 08:58:51,55
2017-04-11 12:59:00,2017-04-11 08:59:39,56
2017-04-11 13:00:00,2017-04-11 09:00:27,56
2017-04-11 13:01:00,2017-04-11 09:01:15,56
2017-04-11 13:02:00,2017-04-11 09:02:03,55
2017-04-11 13:02:00,2017-04-11 09:02:51,55
2017-04-11 13:03:00,2017-04-11 09:03:39,54
2017-04-11 13:04:00,2017-04-11 09:04:27,54
2017-04-11 13:06:00,2017-04-11 09:05:12,54
2017-04-11 13:06:00,2017-04-11 09:06:03,53
2017-04-11 13:06:00,2017-04-11 09:06:51,53
2017-04-11 13:07:00,2017-04-11 09:07:39,53
2017-04-11 13:08:00,2017-04-11 09:08:27,52
2017-04-11 13:09:00,2017-04-11 09:09:15,53
2017-04-11 13:10:00,2017-04-11 09:10:03,53
2017-04-11 13:10:00,2017-04-11 09:10:51,53
2017-04-11 13:11:00,2017-04-11 09:11:39,54
2017-04-11 13:12:00,2017-04-11 09:12:27,54
2017-04-11 13:14:00,2017-04-11 09:13:12,54
2017-04-11 13:14:00,2017-04-11 09:14:03,56
2017-04-11 13:14:00,2017-04-11 09:14:51,56
2017-04-11 13:15:00,2017-04-11 09:15:39,55
2017-04-11 13:16:00,2017-04-11 09:16:27,55
2017-04-11 13:17:00,2017-04-11 09:17:15,55
2017-04-11 13:18:00,2017-04-11 09:18:03,55
2017-04-11 13:18:00,2017-04-11 09:18:51,55
2017-04-11 13:19:00,2017-04-11 09:19:39,55
2017-04-11 13:20:00,2017-04-11 09:20:27,54
2017-04-11 13:21:00,2017-04-11 09:21:15,55
2017-04-11 13:22:00,2017-04-11 09:22:03,55
2017-04-11 13:22:00,2017-04-11 09:22:51,56
2017-04-11 13:23:00,2017-04-11 09:23:39,56
2017-04-11 13:24:00,2017-04-11 09:24:24,56
2017-04-11 13:26:00,2017-04-11 09:25:12,55
2017-04-11 13:26:00,2017-04-11 09:26:03,55
2017-04-11 13:26:00,2017-04-11 09:26:51,54
2017-04-11 13:27:00,2017-04-11 09:27:39,54
2017-04-11 13:28:00,2017-04-11 09:28:27,54
2017-04-11 13:29:00,2017-04-11 09:29:15,54
2017-04-11 13:30:00,2017-04-11 09:30:03,54
2017-04-11 13:30:00,2017-04-11 09:30:51,54
2017-04-11 13:31:00,2017-04-11 09:31:39,53
2017-04-11 13:32:00,2017-04-11 09:32:27,53
2017-04-11 13:33:00,2017-04-11 09:33:15,53
2017-04-11 13:34:00,2017-04-11 09:34:03,53
2017-04-11 13:34:00,2017-04-11 09:34:51,53
2017-04-11 13:35:00,2017-04-11 09:35:39,53
2017-04-11 13:36:00,2017-04-11 09:36:27,54
2017-04-11 13:38:00,2017-04-11 09:37:12,54
2017-04-11 13:38:00,2017-04-11 09:38:03,54
2017-04-11 13:38:00,2017-04-11 09:38:51,53
2017-04-11 13:39:00,2017-04-11 09:39:39,53
2017-04-11 13:40:00,2017-04-11 09:40:27,53
2017-04-11 13:41:00,2017-04-11 09:41:15,53
2017-04-11 13:42:00,2017-04-11 09:42:03,53
2017-04-11 13:42:00,2017-04-11 09:42:51,53
2017-04-11 13:43:00,2017-04-11 09:43:39,53
2017-04-11 13:44:00,2017-04-11 09:44:27,53
2017-04-11 13:46:00,2017-04-11 09:45:12,53
2017-04-11 13:46:00,2017-04-11 09:46:03,53
2017-04-11 13:46:00,2017-04-11 09:46:51,52
2017-04-11 13:47:00,2017-04-11 09:47:39,52
2017-04-11 13:48:00,2017-04-11 09:48:27,52
2017-04-11 13:50:00,2017-04-11 09:49:12,52
2017-04-11 13:50:00,2017-04-11 09:50:03,52
2017-04-11 13:50:00,2017-04-11 09:50:51,52
2017-04-11 13:51:00,2017-04-11 09:51:39,52
2017-04-11 13:52:00,2017-04-11 09:52:27,52
2017-04-11 13:53:00,2017-04-11 09:53:15,83
2017-04-11 13:54:00,2017-04-11 09:54:03,52
2017-04-11 13:54:00,2017-04-11 09:54:51,52
2017-04-11 13:55:00,2017-04-11 09:55:39,52
2017-04-11 13:56:00,2017-04-11 09:56:27,52
2017-04-11 13:58:00,2017-04-11 09:57:12,52
2017-04-11 13:58:00,2017-04-11 09:58:03,52
2017-04-11 13:58:00,2017-04-11 09:58:51,52
2017-04-11 13:59:00,2017-04-11 09:59:39,52
2017-04-11 14:02:00,2017-04-11 10:01:12,52
2017-04-11 14:02:00,2017-04-11 10:02:03,52
2017-04-11 14:02:00,2017-04-11 10:02:51,52
2017-04-11 14:03:00,2017-04-11 10:03:39,52
2017-04-11 14:04:00,2017-04-11 10:04:27,52
2017-04-11 14:06:00,2017-04-11 10:05:12,52
2017-04-11 14:06:00,2017-04-11 10:06:03,51
2017-04-11 14:06:00,2017-04-11 10:06:51,52
2017-04-11 14:07:00,2017-04-11 10:07:39,52
2017-04-11 14:08:00,2017-04-11 10:08:27,52
2017-04-11 14:09:00,2017-04-11 10:09:15,86
2017-04-11 14:10:00,2017-04-11 10:10:03,53
2017-04-11 14:10:00,2017-04-11 10:10:51,53
2017-04-11 14:11:00,2017-04-11 10:11:43,53
2017-04-11 14:12:00,2017-04-11 10:12:26,53
2017-04-11 14:14:00,2017-04-11 10:13:14,53
2017-04-11 14:14:00,2017-04-11 10:14:03,53
2017-04-11 14:14:00,2017-04-11 10:14:51,53
2017-04-11 14:15:00,2017-04-11 10:15:39,53
2017-04-11 14:16:00,2017-04-11 10:16:27,53
2017-04-11 14:17:00,2017-04-11 10:17:15,87
2017-04-11 14:18:00,2017-04-11 10:18:51,52
2017-04-11 14:19:00,2017-04-11 10:19:39,51
2017-04-11 14:20:00,2017-04-11 10:20:27,51
2017-04-11 14:21:00,2017-04-11 10:21:15,51
2017-04-11 14:22:00,2017-04-11 10:22:03,52
2017-04-11 14:22:00,2017-04-11 10:22:51,52
2017-04-11 14:24:00,2017-04-11 10:24:27,52
2017-04-11 14:25:00,2017-04-11 10:25:15,53
2017-04-11 14:26:00,2017-04-11 10:26:04,52
2017-04-11 14:26:00,2017-04-11 10:26:52,52
2017-04-11 14:27:00,2017-04-11 10:27:40,52
2017-04-12 09:19:00,2017-04-12 05:18:20,55
2017-04-12 09:19:00,2017-04-12 05:19:40,55
2017-04-12 09:20:00,2017-04-12 05:20:28,55
2017-04-12 09:21:00,2017-04-12 05:21:16,55
2017-04-12 09:22:00,2017-04-12 05:22:04,55
2017-04-12 09:22:00,2017-04-12 05:22:52,55
2017-04-12 09:23:00,2017-04-12 05:23:40,55
2017-04-12 09:24:00,2017-04-12 05:24:28,55
2017-04-12 09:25:00,2017-04-12 05:25:16,55
2017-04-12 09:26:00,2017-04-12 05:26:44,55
2017-04-12 09:27:00,2017-04-12 05:27:38,54
2017-04-12 09:28:00,2017-04-12 05:28:26,55
2017-04-12 09:29:00,2017-04-12 05:29:14,54
2017-04-12 09:30:00,2017-04-12 05:30:02,54
2017-04-12 09:30:00,2017-04-12 05:30:50,54
2017-04-12 09:31:00,2017-04-12 05:31:38,54
2017-04-12 09:32:00,2017-04-12 05:32:26,33
2017-04-12 09:33:00,2017-04-12 05:33:14,53
2017-04-12 09:34:00,2017-04-12 05:34:02,52
2017-04-12 09:34:00,2017-04-12 05:34:50,52
2017-04-12 09:36:00,2017-04-12 05:36:26,51
2017-04-12 09:37:00,2017-04-12 05:37:14,50
2017-04-12 09:38:00,2017-04-12 05:38:02,49
2017-04-12 09:38:00,2017-04-12 05:38:50,50
2017-04-12 09:39:00,2017-04-12 05:39:38,49
2017-04-12 09:40:00,2017-04-12 05:40:26,50
2017-04-12 09:41:00,2017-04-12 05:41:14,50
2017-04-12 09:42:00,2017-04-12 05:42:02,50
2017-04-12 09:42:00,2017-04-12 05:42:50,50
2017-04-12 09:43:00,2017-04-12 05:43:38,50
2017-04-12 09:44:00,2017-04-12 05:44:26,50
2017-04-12 09:45:00,2017-04-12 05:45:14,51
2017-04-12 09:46:00,2017-04-12 05:46:50,51
2017-04-12 09:47:00,2017-04-12 05:47:38,51
2017-04-12 09:48:00,2017-04-12 05:48:26,50
2017-04-12 09:49:00,2017-04-12 05:49:14,50
2017-04-12 09:50:00,2017-04-12 05:50:02,49
2017-04-12 09:51:00,2017-04-12 05:51:38,48
2017-04-12 09:52:00,2017-04-12 05:52:26,48
2017-04-12 09:53:00,2017-04-12 05:53:14,50
