2017-04-10 08:36:00,2017-04-05 04:30:55,1014.1
2017-04-10 08:36:00,2017-04-05 04:32:55,1014.0
2017-04-10 08:36:00,2017-04-05 04:33:55,1014.1
2017-04-10 08:36:00,2017-04-05 04:34:55,1014.2
2017-04-10 08:36:00,2017-04-05 04:35:55,1013.9
2017-04-10 08:36:00,2017-04-05 04:36:55,1014.0
2017-04-10 08:36:00,2017-04-05 04:37:55,1014.1
2017-04-10 08:36:00,2017-04-05 04:38:55,1014.3
2017-04-10 08:36:00,2017-04-05 04:39:55,1014.2
2017-04-10 08:36:00,2017-04-05 04:41:55,1014.0
2017-04-10 08:36:00,2017-04-05 04:42:55,1013.9
2017-04-10 08:36:00,2017-04-05 04:43:55,1014.1
2017-04-10 08:36:00,2017-04-05 04:45:55,1014.0
2017-04-10 08:36:00,2017-04-05 04:46:55,1014.0
2017-04-10 08:36:00,2017-04-05 04:47:55,1014.2
2017-04-10 08:36:00,2017-04-05 04:48:55,1013.9
2017-04-10 08:36:00,2017-04-05 04:49:55,1014.1
2017-04-10 08:36:00,2017-04-05 04:50:55,1014.1
2017-04-10 08:36:00,2017-04-05 04:51:55,1014.1
2017-04-10 08:36:00,2017-04-05 04:53:55,1014.1
2017-04-10 08:36:00,2017-04-05 04:54:55,1014.1
2017-04-10 08:36:00,2017-04-05 04:55:55,1014.1
2017-04-10 08:36:00,2017-04-05 04:57:55,1014.1
2017-04-10 08:36:00,2017-04-05 04:58:55,1014.3
2017-04-10 08:36:00,2017-04-05 04:59:55,1014.2
2017-04-10 08:36:00,2017-04-05 05:02:12,1014.1
2017-04-10 08:36:00,2017-04-05 05:03:12,1014.2
2017-04-10 08:36:00,2017-04-05 05:04:12,1014.2
2017-04-10 08:36:00,2017-04-05 05:07:12,1014.2
2017-04-10 08:36:00,2017-04-05 05:08:12,1014.2
2017-04-10 08:36:00,2017-04-05 05:09:12,1014.3
2017-04-10 08:36:00,2017-04-05 05:12:12,1014.1
2017-04-10 08:36:00,2017-04-05 05:14:12,1014.1
2017-04-10 08:36:00,2017-04-05 05:15:12,1014.3
2017-04-10 08:36:00,2017-04-05 05:19:12,1014.2
2017-04-10 08:36:00,2017-04-05 05:20:12,1014.2
2017-04-10 08:36:00,2017-04-05 05:39:12,1014.2
2017-04-10 08:36:00,2017-04-05 05:40:12,1014.3
2017-04-10 08:36:00,2017-04-05 05:42:12,1014.4
2017-04-10 08:36:00,2017-04-05 05:43:12,1014.3
2017-04-10 08:36:00,2017-04-05 05:44:12,1014.3
2017-04-10 08:36:00,2017-04-05 05:46:12,1014.3
2017-04-10 08:36:00,2017-04-05 05:47:12,1014.1
2017-04-10 08:36:00,2017-04-05 05:48:12,1014.3
2017-04-10 08:36:00,2017-04-05 05:50:12,1014.2
2017-04-10 08:36:00,2017-04-05 05:51:12,1014.3
2017-04-10 08:36:00,2017-04-05 05:52:12,1014.0
2017-04-10 08:36:00,2017-04-05 05:53:12,1014.2
2017-04-10 08:36:00,2017-04-05 05:54:12,1014.2
2017-04-10 08:36:00,2017-04-05 05:55:12,1014.1
2017-04-10 08:37:00,2017-04-05 05:56:12,1014.2
2017-04-10 08:37:00,2017-04-05 06:03:12,1014.1
2017-04-10 08:37:00,2017-04-05 06:04:12,1014.1
2017-04-10 08:37:00,2017-04-05 06:07:12,1014.1
2017-04-10 08:37:00,2017-04-05 06:21:12,1013.9
2017-04-10 08:37:00,2017-04-05 06:25:12,1013.9
2017-04-10 08:37:00,2017-04-05 06:35:12,1013.8
2017-04-10 08:37:00,2017-04-05 06:37:12,1013.8
2017-04-10 08:37:00,2017-04-05 06:38:12,1013.7
2017-04-10 08:37:00,2017-04-05 06:39:12,1013.7
2017-04-10 08:37:00,2017-04-05 06:56:12,1013.7
2017-04-10 08:37:00,2017-04-05 06:57:12,1013.8
2017-04-10 08:37:00,2017-04-05 06:58:12,1013.9
2017-04-10 08:37:00,2017-04-05 07:01:12,1013.9
2017-04-10 08:37:00,2017-04-05 07:02:12,1013.9
2017-04-10 08:37:00,2017-04-05 07:03:12,1013.8
2017-04-10 08:37:00,2017-04-05 07:05:12,1013.7
2017-04-10 08:37:00,2017-04-05 07:29:12,1013.5
2017-04-10 08:37:00,2017-04-05 07:30:12,1013.3
2017-04-10 08:37:00,2017-04-05 07:31:12,1013.3
2017-04-10 08:37:00,2017-04-05 07:32:12,1013.2
2017-04-10 08:37:00,2017-04-05 07:33:12,1013.3
2017-04-10 08:37:00,2017-04-05 07:34:12,1013.3
2017-04-10 08:37:00,2017-04-05 07:35:12,1013.4
2017-04-10 08:37:00,2017-04-05 07:46:12,1013.4
2017-04-10 08:37:00,2017-04-05 07:47:12,1013.2
2017-04-10 08:37:00,2017-04-05 07:48:12,1013.2
2017-04-10 08:37:00,2017-04-05 07:49:12,1013.0
2017-04-10 08:37:00,2017-04-05 07:50:12,1013.2
2017-04-10 08:37:00,2017-04-05 07:56:12,1013.1
2017-04-10 08:37:00,2017-04-05 07:57:12,1013.2
2017-04-10 08:37:00,2017-04-05 07:58:12,1013.0
2017-04-10 08:37:00,2017-04-05 07:59:12,1013.0
2017-04-10 08:37:00,2017-04-05 08:00:12,1013.1
2017-04-10 08:37:00,2017-04-05 08:01:12,1013.1
2017-04-10 08:37:00,2017-04-05 08:02:12,1013.2
2017-04-10 08:37:00,2017-04-05 08:03:12,1013.1
2017-04-10 08:37:00,2017-04-05 08:04:12,1013.0
2017-04-10 08:37:00,2017-04-05 08:05:12,1013.1
2017-04-10 08:37:00,2017-04-05 08:06:12,1013.2
2017-04-10 08:37:00,2017-04-05 08:07:12,1013.0
2017-04-10 08:37:00,2017-04-05 08:08:12,1013.2
2017-04-10 08:37:00,2017-04-05 08:09:12,1013.2
2017-04-10 08:37:00,2017-04-05 08:10:12,1013.2
2017-04-10 08:37:00,2017-04-05 08:11:12,1013.1
2017-04-10 08:37:00,2017-04-05 08:13:12,1013.1
2017-04-10 08:37:00,2017-04-05 08:15:12,1013.0
2017-04-10 08:37:00,2017-04-05 08:16:12,1013.0
2017-04-10 08:37:00,2017-04-05 08:17:12,1012.9
2017-04-10 08:37:00,2017-04-05 08:18:12,1013.0
2017-04-10 10:06:00,2017-04-05 08:21:12,1013.5
2017-04-10 10:06:00,2017-04-05 08:22:12,1013.3
2017-04-10 10:06:00,2017-04-05 08:23:12,1013.3
2017-04-10 10:06:00,2017-04-05 08:24:12,1013.2
2017-04-10 10:06:00,2017-04-05 08:25:12,1013.3
2017-04-10 10:06:00,2017-04-05 08:26:12,1013.3
2017-04-10 10:06:00,2017-04-05 08:27:12,1013.4
2017-04-10 10:06:00,2017-04-05 08:38:12,1013.4
2017-04-10 10:06:00,2017-04-05 08:39:12,1013.2
2017-04-10 10:06:00,2017-04-05 08:40:12,1013.2
2017-04-10 10:06:00,2017-04-05 08:41:12,1013.0
2017-04-10 10:06:00,2017-04-05 08:42:12,1013.2
2017-04-10 10:06:00,2017-04-05 08:48:12,1013.1
2017-04-10 10:06:00,2017-04-05 08:49:12,1013.2
2017-04-10 10:06:00,2017-04-05 08:50:12,1013.0
2017-04-10 10:06:00,2017-04-05 08:51:12,1013.0
2017-04-10 10:06:00,2017-04-05 08:52:12,1013.1
2017-04-10 10:06:00,2017-04-05 08:53:12,1013.1
2017-04-10 10:06:00,2017-04-05 08:54:12,1013.2
2017-04-10 10:06:00,2017-04-05 08:55:12,1013.1
2017-04-10 10:06:00,2017-04-05 08:56:12,1013.0
2017-04-10 10:06:00,2017-04-05 08:57:12,1013.1
2017-04-10 10:06:00,2017-04-05 08:58:12,1013.2
2017-04-10 10:06:00,2017-04-05 08:59:12,1013.0
2017-04-10 10:06:00,2017-04-05 09:00:12,1013.2
2017-04-10 10:06:00,2017-04-05 09:01:12,1013.2
2017-04-10 10:06:00,2017-04-05 09:02:12,1013.2
2017-04-10 10:06:00,2017-04-05 09:03:12,1013.1
2017-04-10 10:06:00,2017-04-05 09:05:12,1013.1
2017-04-10 10:06:00,2017-04-05 09:07:12,1013.0
2017-04-10 10:06:00,2017-04-05 09:08:12,1013.0
2017-04-10 10:06:00,2017-04-05 09:09:12,1012.9
2017-04-10 10:06:00,2017-04-05 09:10:12,1013.0
2017-04-10 10:06:00,2017-04-05 09:15:12,1012.5
2017-04-10 10:06:00,2017-04-05 09:16:12,1012.5
2017-04-10 10:06:00,2017-04-05 09:17:12,1012.5
2017-04-10 10:06:00,2017-04-05 09:18:12,1012.3
2017-04-10 10:06:00,2017-04-05 09:19:12,1012.5
2017-04-10 10:06:00,2017-04-05 09:20:12,1012.5
2017-04-10 10:06:00,2017-04-05 09:21:12,1012.3
2017-04-10 10:06:00,2017-04-05 09:22:12,1012.2
2017-04-10 10:06:00,2017-04-05 09:26:12,1012.2
2017-04-10 10:06:00,2017-04-05 09:43:12,1012.2
2017-04-10 10:06:00,2017-04-05 10:07:12,1011.7
2017-04-10 10:06:00,2017-04-05 10:09:12,1011.6
2017-04-10 10:06:00,2017-04-05 10:10:12,1011.4
2017-04-10 10:06:00,2017-04-05 10:23:12,1011.6
2017-04-10 10:06:00,2017-04-05 10:26:12,1011.6
2017-04-10 10:06:00,2017-04-05 10:28:12,1011.1
2017-04-10 10:06:00,2017-04-05 10:29:12,1011.2
2017-04-10 10:07:00,2017-04-05 10:30:12,1011.1
2017-04-10 10:07:00,2017-04-05 10:31:12,1011.2
2017-04-10 10:07:00,2017-04-05 10:32:12,1011.1
2017-04-10 10:07:00,2017-04-05 10:34:12,1011.1
2017-04-10 10:07:00,2017-04-05 10:35:12,1011.1
2017-04-10 10:07:00,2017-04-05 10:36:12,1011.0
2017-04-10 10:07:00,2017-04-05 10:37:12,1011.0
2017-04-10 10:07:00,2017-04-05 10:38:12,1010.9
2017-04-10 10:07:00,2017-04-05 10:39:12,1010.9
2017-04-10 10:07:00,2017-04-05 10:41:12,1010.9
2017-04-10 10:07:00,2017-04-05 10:42:12,1010.9
2017-04-10 10:07:00,2017-04-05 10:43:12,1010.9
2017-04-10 10:07:00,2017-04-05 10:45:12,1010.8
2017-04-10 10:07:00,2017-04-05 10:46:12,1010.7
2017-04-10 10:07:00,2017-04-05 10:47:12,1010.7
2017-04-10 10:07:00,2017-04-05 10:48:12,1010.9
2017-04-10 10:07:00,2017-04-05 10:49:12,1010.6
2017-04-10 10:07:00,2017-04-05 10:50:12,1010.6
2017-04-10 10:07:00,2017-04-05 10:51:12,1010.6
2017-04-10 10:07:00,2017-04-05 10:52:12,1010.8
2017-04-10 10:07:00,2017-04-05 10:53:12,1010.7
2017-04-10 10:07:00,2017-04-05 10:54:12,1010.5
2017-04-10 10:07:00,2017-04-05 10:55:12,1010.6
2017-04-10 10:07:00,2017-04-05 10:56:12,1010.6
2017-04-10 10:07:00,2017-04-05 10:57:12,1010.6
2017-04-10 10:07:00,2017-04-05 10:58:12,1010.5
2017-04-10 10:07:00,2017-04-05 10:59:12,1010.4
2017-04-10 10:07:00,2017-04-05 11:00:12,1010.3
2017-04-10 10:07:00,2017-04-05 11:01:12,1010.5
2017-04-10 10:07:00,2017-04-05 11:02:12,1010.4
2017-04-10 10:07:00,2017-04-05 11:03:12,1010.5
2017-04-10 10:07:00,2017-04-05 11:04:12,1010.4
2017-04-10 10:07:00,2017-04-05 11:05:12,1010.3
2017-04-10 10:07:00,2017-04-05 11:06:12,1010.4
2017-04-10 10:07:00,2017-04-05 11:07:12,1010.6
2017-04-10 10:07:00,2017-04-05 11:08:12,1010.5
2017-04-10 10:07:00,2017-04-05 11:09:12,1010.3
2017-04-10 10:07:00,2017-04-05 11:10:12,1010.3
2017-04-10 10:07:00,2017-04-05 11:11:12,1010.3
2017-04-10 10:07:00,2017-04-05 11:12:12,1010.3
2017-04-10 10:07:00,2017-04-05 11:13:12,1010.3
2017-04-10 10:07:00,2017-04-05 11:14:12,1010.3
2017-04-10 10:07:00,2017-04-05 11:15:12,1010.4
2017-04-10 10:07:00,2017-04-05 11:16:12,1010.3
2017-04-10 10:07:00,2017-04-05 11:17:12,1010.2
2017-04-10 10:07:00,2017-04-05 11:18:12,1010.3
2017-04-10 10:07:00,2017-04-05 11:19:12,1010.2
2017-04-10 10:07:00,2017-04-05 11:20:12,1010.1
2017-04-10 10:07:00,2017-04-05 11:21:12,1010.2
2017-04-10 10:07:00,2017-04-05 11:22:12,1010.2
2017-04-10 10:07:00,2017-04-05 11:23:12,1010.1
2017-04-10 10:07:00,2017-04-05 11:24:12,1010.1
2017-04-10 10:07:00,2017-04-05 11:25:12,1010.2
2017-04-10 10:07:00,2017-04-05 11:26:12,1010.1
2017-04-10 10:07:00,2017-04-05 11:27:12,1010.0
2017-04-10 10:07:00,2017-04-05 11:28:12,1010.1
2017-04-10 10:07:00,2017-04-05 11:29:12,1010.0
2017-04-10 10:07:00,2017-04-05 11:30:12,1010.0
2017-04-10 10:07:00,2017-04-05 11:31:12,1010.0
2017-04-10 10:07:00,2017-04-05 11:33:12,1010.1
2017-04-10 10:07:00,2017-04-05 11:34:12,1010.0
2017-04-10 10:07:00,2017-04-05 11:35:12,1010.0
2017-04-10 10:07:00,2017-04-05 11:37:12,1010.0
2017-04-10 10:07:00,2017-04-05 11:38:12,1009.9
2017-04-10 10:07:00,2017-04-05 11:39:12,1009.9
2017-04-10 10:07:00,2017-04-05 11:40:12,1009.8
2017-04-10 10:07:00,2017-04-05 11:41:12,1009.9
2017-04-10 10:07:00,2017-04-05 11:42:12,1009.9
2017-04-10 10:07:00,2017-04-05 11:43:12,1009.9
2017-04-10 10:07:00,2017-04-05 11:45:12,1009.7
2017-04-10 10:07:00,2017-04-05 11:46:12,1009.9
2017-04-10 10:07:00,2017-04-05 11:47:12,1009.8
2017-04-10 10:07:00,2017-04-05 11:49:12,1009.6
2017-04-10 10:07:00,2017-04-05 11:50:12,1009.8
2017-04-10 10:07:00,2017-04-05 11:51:12,1009.6
2017-04-10 10:07:00,2017-04-05 11:53:12,1009.6
2017-04-10 10:07:00,2017-04-05 11:54:12,1009.6
2017-04-10 10:07:00,2017-04-05 11:55:12,1009.5
2017-04-10 10:07:00,2017-04-05 11:56:12,1009.5
2017-04-10 10:07:00,2017-04-05 11:57:12,1009.5
2017-04-10 10:07:00,2017-04-05 11:58:12,1009.6
2017-04-10 10:07:00,2017-04-05 11:59:12,1009.4
2017-04-10 10:07:00,2017-04-05 12:00:12,1009.5
2017-04-10 10:07:00,2017-04-05 12:01:12,1009.5
2017-04-10 10:07:00,2017-04-05 12:02:12,1009.4
2017-04-10 10:07:00,2017-04-05 12:03:12,1009.5
2017-04-10 10:07:00,2017-04-05 12:04:12,1009.5
2017-04-10 10:07:00,2017-04-05 12:05:12,1009.3
2017-04-10 10:07:00,2017-04-05 12:06:12,1009.7
2017-04-10 10:07:00,2017-04-05 12:07:12,1009.5
2017-04-10 10:07:00,2017-04-05 12:09:12,1009.4
2017-04-10 10:07:00,2017-04-05 12:10:12,1009.4
2017-04-10 10:07:00,2017-04-05 12:12:12,1009.6
2017-04-10 10:07:00,2017-04-05 12:13:12,1009.5
2017-04-10 10:07:00,2017-04-05 12:14:12,1009.4
2017-04-10 10:07:00,2017-04-05 12:15:12,1009.5
2017-04-10 10:07:00,2017-04-05 12:16:12,1009.5
2017-04-10 10:07:00,2017-04-05 12:17:12,1009.4
2017-04-10 10:07:00,2017-04-05 12:18:12,1009.5
2017-04-10 10:07:00,2017-04-05 12:19:12,1009.4
2017-04-10 10:08:00,2017-04-05 12:21:12,1009.3
2017-04-10 10:08:00,2017-04-05 12:22:12,1009.0
2017-04-10 10:08:00,2017-04-05 12:23:12,1009.2
2017-04-10 10:08:00,2017-04-05 12:24:12,1009.1
2017-04-10 10:08:00,2017-04-05 12:25:12,1009.1
2017-04-10 10:08:00,2017-04-05 12:26:12,1009.2
2017-04-10 10:08:00,2017-04-05 12:27:12,1009.1
2017-04-10 10:08:00,2017-04-05 12:28:12,1009.1
2017-04-10 10:08:00,2017-04-05 12:29:12,1009.2
2017-04-10 10:08:00,2017-04-05 12:30:12,1009.1
2017-04-10 10:08:00,2017-04-05 12:31:12,1009.2
2017-04-10 10:08:00,2017-04-05 12:32:12,1009.0
2017-04-10 10:08:00,2017-04-05 12:34:12,1009.1
2017-04-10 10:08:00,2017-04-05 12:35:12,1009.1
2017-04-10 10:08:00,2017-04-05 12:37:12,1009.0
2017-04-10 10:08:00,2017-04-05 12:38:12,1009.2
2017-04-10 10:08:00,2017-04-05 12:39:12,1009.1
2017-04-10 10:08:00,2017-04-05 12:40:12,1009.2
2017-04-10 10:08:00,2017-04-05 12:41:12,1009.0
2017-04-10 10:08:00,2017-04-05 12:42:12,1009.0
2017-04-10 10:08:00,2017-04-05 12:43:12,1009.0
2017-04-10 10:08:00,2017-04-05 12:53:12,1008.8
2017-04-10 10:08:00,2017-04-05 12:54:12,1008.8
2017-04-10 10:08:00,2017-04-05 12:55:12,1008.8
2017-04-10 10:08:00,2017-04-05 12:56:12,1008.8
2017-04-10 10:08:00,2017-04-05 12:57:12,1008.6
2017-04-10 10:08:00,2017-04-05 12:58:12,1008.8
2017-04-10 10:08:00,2017-04-05 12:59:12,1008.9
2017-04-10 10:08:00,2017-04-05 13:02:12,1008.8
2017-04-10 10:08:00,2017-04-05 13:03:12,1008.9
2017-04-10 10:08:00,2017-04-05 13:04:12,1008.9
2017-04-10 10:08:00,2017-04-05 13:05:12,1008.8
2017-04-10 10:08:00,2017-04-05 13:06:12,1008.9
2017-04-10 10:08:00,2017-04-05 13:08:12,1008.9
2017-04-10 10:08:00,2017-04-05 13:09:12,1008.9
2017-04-10 10:08:00,2017-04-05 13:11:12,1009.0
2017-04-10 10:08:00,2017-04-05 13:12:12,1008.6
2017-04-10 10:08:00,2017-04-05 13:13:12,1008.6
2017-04-10 10:08:00,2017-04-05 13:14:12,1008.7
2017-04-10 10:08:00,2017-04-10 04:34:15,1017.6
2017-04-10 10:08:00,2017-04-10 04:35:15,1017.4
2017-04-10 10:08:00,2017-04-10 04:36:15,1017.4
2017-04-10 10:08:00,2017-04-10 04:37:15,1017.4
2017-04-10 10:08:00,2017-04-10 05:11:20,1016.5
2017-04-10 10:08:00,2017-04-10 05:12:20,1017.6
2017-04-10 10:08:00,2017-04-10 05:13:20,1017.4
2017-04-10 10:08:00,2017-04-10 05:14:20,1017.4
2017-04-10 10:08:00,2017-04-10 05:15:20,1017.4
2017-04-10 10:08:00,2017-04-10 05:18:20,1016.8
2017-04-10 10:08:00,2017-04-10 05:19:20,1017.1
2017-04-10 10:09:00,2017-04-10 05:21:20,1017.0
2017-04-10 10:09:00,2017-04-10 05:24:20,1017.0
2017-04-10 10:09:00,2017-04-10 05:36:20,1017.0
2017-04-10 10:09:00,2017-04-10 05:38:20,1017.0
2017-04-10 10:09:00,2017-04-10 05:41:20,1017.0
2017-04-10 10:09:00,2017-04-10 05:42:20,1017.1
2017-04-10 10:09:00,2017-04-10 05:43:20,1017.0
2017-04-10 10:09:00,2017-04-10 05:54:20,1016.9
2017-04-10 10:09:00,2017-04-10 05:55:20,1016.9
2017-04-10 10:09:00,2017-04-10 06:04:20,1016.9
2017-04-10 10:09:00,2017-04-10 06:05:20,1016.8
2017-04-10 10:09:00,2017-04-10 06:06:20,1016.7
2017-04-10 10:09:00,2017-04-10 06:07:20,1016.7
2017-04-10 10:09:00,2017-04-10 06:08:20,1016.9
2017-04-10 10:09:00,2017-04-10 06:09:18,1016.9
2017-04-10 10:10:00,2017-04-10 06:10:06,1016.8
2017-04-10 10:10:00,2017-04-10 06:10:54,1016.9
2017-04-10 10:11:00,2017-04-10 06:11:42,1016.8
2017-04-10 10:12:00,2017-04-10 06:12:30,1016.8
2017-04-10 10:13:00,2017-04-10 06:13:18,1016.7
2017-04-10 10:14:00,2017-04-10 06:14:06,1016.6
2017-04-10 10:14:00,2017-04-10 06:14:54,1016.6
2017-04-10 10:15:00,2017-04-10 06:15:42,1016.6
2017-04-10 10:16:00,2017-04-10 06:16:30,1016.7
2017-04-10 10:17:00,2017-04-10 06:17:18,1016.8
2017-04-10 10:18:00,2017-04-10 06:18:06,1016.7
2017-04-10 10:18:00,2017-04-10 06:18:54,1016.7
2017-04-10 10:19:00,2017-04-10 06:19:42,1016.7
2017-04-10 10:20:00,2017-04-10 06:20:30,1016.7
2017-04-10 10:22:00,2017-04-10 06:22:06,1016.7
2017-04-10 11:01:00,2017-04-10 06:23:20,1016.7
2017-04-10 11:01:00,2017-04-10 07:01:18,1016.1
2017-04-10 11:02:00,2017-04-10 07:02:06,1016.1
2017-04-10 11:05:00,2017-04-10 07:03:20,1016.1
2017-04-10 11:05:00,2017-04-10 07:05:03,1016.1
2017-04-10 11:06:00,2017-04-10 07:06:05,1015.9
2017-04-10 12:16:00,2017-04-10 07:07:20,1015.9
2017-04-10 12:16:00,2017-04-10 08:10:44,1015.2
2017-04-10 12:16:00,2017-04-10 08:11:44,1015.2
2017-04-10 12:16:00,2017-04-10 08:12:44,1015.1
2017-04-10 12:16:00,2017-04-10 08:13:44,1015.2
2017-04-10 12:16:00,2017-04-10 08:14:44,1015.1
2017-04-10 12:16:00,2017-04-10 08:16:22,1014.9
2017-04-10 12:17:00,2017-04-10 08:17:10,1015.0
2017-04-10 12:18:00,2017-04-10 08:17:58,1015.1
2017-04-10 12:18:00,2017-04-10 08:18:46,1017.0
2017-04-10 12:19:00,2017-04-10 08:19:34,1014.9
2017-04-10 12:20:00,2017-04-10 08:20:22,1014.8
2017-04-10 12:21:00,2017-04-10 08:21:10,1014.9
2017-04-10 12:22:00,2017-04-10 08:21:58,1015.1
2017-04-10 12:23:00,2017-04-10 08:22:44,1015.0
2017-04-10 12:23:00,2017-04-10 08:23:34,1014.9
2017-04-10 12:25:00,2017-04-10 08:25:10,1014.8
2017-04-10 12:26:00,2017-04-10 08:25:58,1014.7
2017-04-10 12:27:00,2017-04-10 08:26:44,1014.8
2017-04-10 12:27:00,2017-04-10 08:27:34,1014.6
2017-04-10 12:28:00,2017-04-10 08:28:22,1014.8
2017-04-10 12:29:00,2017-04-10 08:29:10,1014.7
2017-04-10 12:30:00,2017-04-10 08:29:58,1014.9
2017-04-10 12:31:00,2017-04-10 08:30:44,1014.7
2017-04-10 12:31:00,2017-04-10 08:31:34,1014.7
2017-04-10 12:32:00,2017-04-10 08:32:22,1015.0
2017-04-10 12:33:00,2017-04-10 08:33:10,1014.8
2017-04-10 12:34:00,2017-04-10 08:33:58,1014.6
2017-04-10 12:34:00,2017-04-10 08:34:46,1014.8
2017-04-10 12:35:00,2017-04-10 08:35:34,1014.7
2017-04-10 12:36:00,2017-04-10 08:36:22,1014.7
2017-04-10 12:37:00,2017-04-10 08:37:10,1014.6
2017-04-10 12:38:00,2017-04-10 08:37:58,1014.7
2017-04-10 12:39:00,2017-04-10 08:38:44,1014.7
2017-04-10 12:39:00,2017-04-10 08:39:34,1014.8
2017-04-10 12:40:00,2017-04-10 08:40:22,1014.7
2017-04-10 12:41:00,2017-04-10 08:41:10,1014.8
2017-04-10 12:42:00,2017-04-10 08:41:58,1014.8
2017-04-10 12:43:00,2017-04-10 08:42:44,1014.8
2017-04-10 12:43:00,2017-04-10 08:43:34,1014.9
2017-04-10 12:44:00,2017-04-10 08:44:22,1014.6
2017-04-10 12:45:00,2017-04-10 08:45:10,1014.8
2017-04-10 12:46:00,2017-04-10 08:45:58,1014.4
2017-04-10 12:47:00,2017-04-10 08:46:44,1014.6
2017-04-10 12:47:00,2017-04-10 08:47:34,1014.6
2017-04-10 12:48:00,2017-04-10 08:48:22,1014.8
2017-04-10 12:49:00,2017-04-10 08:49:10,1014.5
2017-04-10 12:50:00,2017-04-10 08:49:58,1014.4
2017-04-10 12:50:00,2017-04-10 08:50:46,1016.2
2017-04-10 12:51:00,2017-04-10 08:51:34,1014.4
2017-04-10 12:52:00,2017-04-10 08:52:22,1014.4
2017-04-10 12:53:00,2017-04-10 08:53:10,1014.3
2017-04-10 12:54:00,2017-04-10 08:53:58,1014.4
2017-04-10 12:54:00,2017-04-10 08:54:46,1014.4
2017-04-10 12:55:00,2017-04-10 08:55:34,1014.2
2017-04-10 12:56:00,2017-04-10 08:56:22,1014.3
2017-04-10 12:57:00,2017-04-10 08:57:10,1014.1
2017-04-10 12:58:00,2017-04-10 08:57:58,1014.2
2017-04-10 12:58:00,2017-04-10 08:58:46,1014.2
2017-04-10 12:59:00,2017-04-10 08:59:34,1014.0
2017-04-10 13:00:00,2017-04-10 09:00:22,1014.1
2017-04-10 13:01:00,2017-04-10 09:01:10,1014.0
2017-04-10 13:02:00,2017-04-10 09:01:58,1014.1
2017-04-10 13:02:00,2017-04-10 09:02:46,1014.1
2017-04-10 13:03:00,2017-04-10 09:03:34,1014.0
2017-04-10 13:04:00,2017-04-10 09:04:22,1014.0
2017-04-10 13:05:00,2017-04-10 09:05:10,1014.1
2017-04-10 13:06:00,2017-04-10 09:05:58,1014.0
2017-04-10 13:07:00,2017-04-10 09:06:44,1014.0
2017-04-10 13:07:00,2017-04-10 09:07:34,1013.9
2017-04-10 13:08:00,2017-04-10 09:08:22,1013.8
2017-04-10 13:09:00,2017-04-10 09:09:10,1014.0
2017-04-10 13:10:00,2017-04-10 09:09:58,1013.8
2017-04-10 13:11:00,2017-04-10 09:10:44,1013.8
2017-04-10 13:11:00,2017-04-10 09:11:34,1013.9
2017-04-10 13:12:00,2017-04-10 09:12:22,1013.9
2017-04-10 13:13:00,2017-04-10 09:13:10,1014.0
2017-04-10 13:14:00,2017-04-10 09:13:58,1014.1
2017-04-10 13:14:00,2017-04-10 09:14:46,1014.1
2017-04-10 13:15:00,2017-04-10 09:15:34,1013.9
2017-04-10 13:16:00,2017-04-10 09:16:22,1014.0
2017-04-10 13:17:00,2017-04-10 09:17:10,1013.8
2017-04-10 13:18:00,2017-04-10 09:17:58,1013.8
2017-04-10 13:19:00,2017-04-10 09:18:44,1013.8
2017-04-10 13:19:00,2017-04-10 09:19:34,1013.6
2017-04-10 13:20:00,2017-04-10 09:20:22,1013.6
2017-04-10 13:21:00,2017-04-10 09:21:10,1013.5
2017-04-10 13:21:00,2017-04-10 09:21:57,1013.5
2017-04-10 13:22:00,2017-04-10 09:22:50,1013.5
2017-04-10 13:23:00,2017-04-10 09:23:38,1013.8
2017-04-10 13:24:00,2017-04-10 09:24:26,1013.6
2017-04-10 13:26:00,2017-04-10 09:26:02,1013.9
2017-04-10 13:27:00,2017-04-10 09:26:44,1013.9
2017-04-10 13:27:00,2017-04-10 09:27:38,1013.8
2017-04-10 13:28:00,2017-04-10 09:28:26,1013.7
2017-04-10 13:29:00,2017-04-10 09:29:14,1013.7
2017-04-10 13:31:00,2017-04-10 09:30:44,1013.7
2017-04-10 13:31:00,2017-04-10 09:31:34,1013.7
2017-04-10 13:32:00,2017-04-10 09:32:22,1013.6
2017-04-10 13:33:00,2017-04-10 09:33:10,1013.5
2017-04-10 13:34:00,2017-04-10 09:33:58,1013.4
2017-04-10 13:34:00,2017-04-10 09:34:46,1013.4
2017-04-10 13:35:00,2017-04-10 09:35:34,1013.4
2017-04-10 13:36:00,2017-04-10 09:36:22,1013.6
2017-04-10 13:37:00,2017-04-10 09:37:10,1013.5
2017-04-10 13:38:00,2017-04-10 09:37:58,1013.5
2017-04-10 13:39:00,2017-04-10 09:38:44,1013.5
2017-04-10 13:39:00,2017-04-10 09:39:34,1013.4
2017-04-10 13:40:00,2017-04-10 09:40:22,1013.5
2017-04-10 13:41:00,2017-04-10 09:41:10,1013.3
2017-04-10 13:42:00,2017-04-10 09:41:58,1013.5
2017-04-10 13:47:00,2017-04-10 09:42:44,1013.5
2017-04-10 13:47:00,2017-04-10 09:43:44,1013.4
2017-04-10 13:47:00,2017-04-10 09:44:44,1013.4
2017-04-10 13:47:00,2017-04-10 09:45:44,1013.4
2017-04-10 13:47:00,2017-04-10 09:46:44,1013.4
2017-04-10 13:47:00,2017-04-10 09:47:34,1013.6
2017-04-10 13:48:00,2017-04-10 09:48:22,1013.5
2017-04-10 13:50:00,2017-04-10 09:49:58,1013.2
2017-04-10 14:02:00,2017-04-10 10:01:58,1013.1
2017-04-10 14:02:00,2017-04-10 10:02:46,1013.1
2017-04-10 14:03:00,2017-04-10 10:03:34,1013.3
2017-04-10 14:04:00,2017-04-10 10:04:22,1013.4
2017-04-10 14:05:00,2017-04-10 10:05:10,1013.2
2017-04-10 14:06:00,2017-04-10 10:05:58,1013.2
2017-04-10 14:06:00,2017-04-10 10:06:46,1013.2
2017-04-10 14:07:00,2017-04-10 10:07:34,1013.0
2017-04-10 14:08:00,2017-04-10 10:08:22,1013.0
2017-04-10 14:09:00,2017-04-10 10:09:10,1013.2
2017-04-10 14:10:00,2017-04-10 10:09:58,1013.0
2017-04-10 14:10:00,2017-04-10 10:10:46,1013.2
2017-04-10 14:11:00,2017-04-10 10:11:34,1013.1
2017-04-10 14:12:00,2017-04-10 10:12:22,1013.0
2017-04-10 14:13:00,2017-04-10 10:13:10,1013.0
2017-04-10 14:14:00,2017-04-10 10:13:58,1013.0
2017-04-10 14:14:00,2017-04-10 10:14:46,1013.0
2017-04-10 14:15:00,2017-04-10 10:15:34,1012.9
2017-04-10 14:16:00,2017-04-10 10:16:22,1013.0
2017-04-10 14:17:00,2017-04-10 10:17:10,1012.9
2017-04-10 14:18:00,2017-04-10 10:17:58,1013.1
2017-04-10 14:18:00,2017-04-10 10:18:46,1012.9
2017-04-10 14:19:00,2017-04-10 10:19:34,1013.1
2017-04-10 14:20:00,2017-04-10 10:20:22,1013.0
2017-04-10 14:21:00,2017-04-10 10:21:10,1012.9
2017-04-10 14:22:00,2017-04-10 10:22:46,1013.0
2017-04-10 14:23:00,2017-04-10 10:23:34,1012.8
2017-04-10 14:24:00,2017-04-10 10:24:22,1012.9
2017-04-10 14:25:00,2017-04-10 10:25:10,1013.0
2017-04-10 14:26:00,2017-04-10 10:25:58,1012.8
2017-04-10 14:26:00,2017-04-10 10:26:46,1012.9
2017-04-10 14:27:00,2017-04-10 10:27:34,1012.7
2017-04-10 14:28:00,2017-04-10 10:28:22,1012.6
2017-04-10 14:29:00,2017-04-10 10:29:10,1012.8
2017-04-10 14:30:00,2017-04-10 10:29:58,1012.7
2017-04-10 14:30:00,2017-04-10 10:30:46,1012.6
2017-04-10 14:31:00,2017-04-10 10:31:34,1012.6
2017-04-10 14:32:00,2017-04-10 10:32:22,1012.6
2017-04-10 14:33:00,2017-04-10 10:33:10,1012.7
2017-04-10 14:34:00,2017-04-10 10:33:58,1012.8
2017-04-10 14:34:00,2017-04-10 10:34:46,1012.6
2017-04-10 14:35:00,2017-04-10 10:35:34,1012.7
2017-04-10 14:36:00,2017-04-10 10:36:22,1012.7
2017-04-10 14:37:00,2017-04-10 10:37:10,1012.8
2017-04-10 14:38:00,2017-04-10 10:37:58,1012.5
2017-04-10 14:38:00,2017-04-10 10:38:46,1012.5
2017-04-10 14:39:00,2017-04-10 10:39:34,1012.6
2017-04-10 14:40:00,2017-04-10 10:40:22,1012.4
2017-04-10 14:42:00,2017-04-10 10:41:12,1012.6
2017-04-10 14:42:00,2017-04-10 10:41:58,1012.6
2017-04-10 14:42:00,2017-04-10 10:42:46,1012.6
2017-04-10 14:43:00,2017-04-10 10:43:34,1012.4
2017-04-10 14:44:00,2017-04-10 10:44:22,1012.4
2017-04-10 14:45:00,2017-04-10 10:45:10,1012.4
2017-04-10 14:46:00,2017-04-10 10:45:58,1012.4
2017-04-10 14:46:00,2017-04-10 10:46:46,1012.3
2017-04-10 14:47:00,2017-04-10 10:47:34,1012.3
2017-04-10 14:48:00,2017-04-10 10:48:22,1012.4
2017-04-10 14:49:00,2017-04-10 10:49:10,1012.5
2017-04-10 14:50:00,2017-04-10 10:49:58,1012.4
2017-04-10 14:50:00,2017-04-10 10:50:46,1012.2
2017-04-10 14:51:00,2017-04-10 10:51:34,1012.3
2017-04-10 14:52:00,2017-04-10 10:52:22,1012.4
2017-04-10 14:53:00,2017-04-10 10:53:10,1012.3
2017-04-10 14:54:00,2017-04-10 10:53:58,1012.2
2017-04-10 14:54:00,2017-04-10 10:54:46,1012.2
2017-04-10 14:55:00,2017-04-10 10:55:34,1012.3
2017-04-10 14:56:00,2017-04-10 10:56:22,1012.3
2017-04-10 14:57:00,2017-04-10 10:57:10,1012.3
2017-04-10 14:58:00,2017-04-10 10:57:58,1012.0
2017-04-10 14:58:00,2017-04-10 10:58:46,1012.1
2017-04-10 14:59:00,2017-04-10 10:59:34,1012.2
2017-04-10 15:00:00,2017-04-10 11:00:22,1012.2
2017-04-10 15:01:00,2017-04-10 11:01:10,1012.2
2017-04-10 15:02:00,2017-04-10 11:01:58,1012.1
2017-04-10 15:02:00,2017-04-10 11:02:46,1012.0
2017-04-10 15:03:00,2017-04-10 11:03:34,1012.1
2017-04-10 15:04:00,2017-04-10 11:04:22,1011.9
2017-04-10 15:05:00,2017-04-10 11:05:10,1011.8
2017-04-10 15:06:00,2017-04-10 11:05:58,1012.1
2017-04-10 15:06:00,2017-04-10 11:06:46,1012.0
2017-04-10 15:07:00,2017-04-10 11:07:34,1012.0
2017-04-10 15:08:00,2017-04-10 11:08:22,1012.1
2017-04-10 15:09:00,2017-04-10 11:09:10,1011.8
2017-04-10 15:10:00,2017-04-10 11:09:58,1012.0
2017-04-10 15:10:00,2017-04-10 11:10:46,1012.0
2017-04-10 15:11:00,2017-04-10 11:11:34,1011.8
2017-04-10 15:12:00,2017-04-10 11:12:22,1012.0
2017-04-10 15:13:00,2017-04-10 11:13:10,1011.8
2017-04-10 15:14:00,2017-04-10 11:13:58,1011.9
2017-04-10 15:14:00,2017-04-10 11:14:46,1012.1
2017-04-10 15:15:00,2017-04-10 11:15:34,1011.8
2017-04-10 15:16:00,2017-04-10 11:16:22,1011.9
2017-04-10 15:17:00,2017-04-10 11:17:10,1011.9
2017-04-10 15:18:00,2017-04-10 11:17:58,1011.8
2017-04-10 15:18:00,2017-04-10 11:18:46,1011.9
2017-04-10 15:19:00,2017-04-10 11:19:34,1011.9
2017-04-10 15:20:00,2017-04-10 11:20:22,1011.8
2017-04-10 15:21:00,2017-04-10 11:21:10,1011.8
2017-04-10 15:22:00,2017-04-10 11:21:58,1011.9
2017-04-10 15:22:00,2017-04-10 11:22:46,1011.7
2017-04-10 15:23:00,2017-04-10 11:23:34,1011.9
2017-04-10 15:24:00,2017-04-10 11:24:22,1011.7
2017-04-10 15:25:00,2017-04-10 11:25:10,1011.8
2017-04-10 15:26:00,2017-04-10 11:25:58,1011.7
2017-04-10 15:26:00,2017-04-10 11:26:46,1011.8
2017-04-10 15:27:00,2017-04-10 11:27:34,1011.6
2017-04-10 15:28:00,2017-04-10 11:28:22,1011.6
2017-04-10 15:29:00,2017-04-10 11:29:10,1011.7
2017-04-10 15:30:00,2017-04-10 11:29:58,1011.7
2017-04-10 15:30:00,2017-04-10 11:30:46,1011.7
2017-04-10 15:31:00,2017-04-10 11:31:34,1011.7
2017-04-10 15:32:00,2017-04-10 11:32:22,1011.6
2017-04-10 15:33:00,2017-04-10 11:33:10,1011.6
2017-04-10 15:34:00,2017-04-10 11:33:58,1011.6
2017-04-10 15:34:00,2017-04-10 11:34:46,1011.7
2017-04-10 15:35:00,2017-04-10 11:35:34,1011.4
2017-04-10 15:36:00,2017-04-10 11:36:22,1011.5
2017-04-10 15:37:00,2017-04-10 11:37:10,1011.5
2017-04-10 15:38:00,2017-04-10 11:37:58,1011.5
2017-04-10 15:38:00,2017-04-10 11:38:46,1011.5
2017-04-10 15:39:00,2017-04-10 11:39:34,1011.6
2017-04-10 15:40:00,2017-04-10 11:40:22,1011.5
2017-04-10 15:41:00,2017-04-10 11:41:10,1011.4
2017-04-10 15:42:00,2017-04-10 11:41:58,1011.5
2017-04-10 15:42:00,2017-04-10 11:42:46,1011.4
2017-04-10 15:43:00,2017-04-10 11:43:34,1011.3
2017-04-10 15:44:00,2017-04-10 11:44:22,1011.3
2017-04-10 15:45:00,2017-04-10 11:45:10,1011.3
2017-04-10 15:46:00,2017-04-10 11:45:58,1011.4
2017-04-10 15:46:00,2017-04-10 11:46:46,1011.3
2017-04-10 15:47:00,2017-04-10 11:47:34,1011.3
2017-04-10 15:48:00,2017-04-10 11:48:22,1011.3
2017-04-10 15:49:00,2017-04-10 11:49:10,1011.2
2017-04-10 15:50:00,2017-04-10 11:49:58,1011.3
2017-04-10 15:50:00,2017-04-10 11:50:46,1011.2
2017-04-10 15:51:00,2017-04-10 11:51:34,1011.0
2017-04-10 15:52:00,2017-04-10 11:52:22,1011.3
2017-04-10 15:53:00,2017-04-10 11:53:10,1011.2
2017-04-10 15:54:00,2017-04-10 11:53:58,1011.2
2017-04-10 15:54:00,2017-04-10 11:54:46,1011.0
2017-04-10 15:55:00,2017-04-10 11:55:34,1011.2
2017-04-10 15:56:00,2017-04-10 11:56:22,1011.0
2017-04-10 15:57:00,2017-04-10 11:57:10,1011.2
2017-04-10 15:58:00,2017-04-10 11:57:58,1011.1
2017-04-10 15:59:00,2017-04-10 11:59:34,1011.3
2017-04-10 16:00:00,2017-04-10 12:00:22,1011.1
2017-04-10 16:03:00,2017-04-10 12:01:12,1011.1
2017-04-10 16:03:00,2017-04-10 12:02:12,1011.1
2017-04-10 16:03:00,2017-04-10 12:03:34,1011.1
2017-04-10 16:04:00,2017-04-10 12:04:22,1011.0
2017-04-10 16:05:00,2017-04-10 12:05:10,1011.1
2017-04-10 16:06:00,2017-04-10 12:05:58,1010.9
2017-04-10 16:06:00,2017-04-10 12:06:46,1011.0
2017-04-10 16:07:00,2017-04-10 12:07:34,1010.9
2017-04-10 16:08:00,2017-04-10 12:08:22,1011.1
2017-04-10 16:09:00,2017-04-10 12:09:10,1011.1
2017-04-10 16:10:00,2017-04-10 12:09:58,1010.9
2017-04-10 16:10:00,2017-04-10 12:10:46,1010.8
2017-04-10 16:11:00,2017-04-10 12:11:34,1010.9
2017-04-10 16:12:00,2017-04-10 12:12:22,1010.9
2017-04-10 16:13:00,2017-04-10 12:13:10,1010.9
2017-04-10 16:14:00,2017-04-10 12:13:58,1010.9
2017-04-10 16:14:00,2017-04-10 12:14:46,1010.9
2017-04-10 16:15:00,2017-04-10 12:15:34,1011.0
2017-04-10 16:16:00,2017-04-10 12:16:22,1010.8
2017-04-10 16:17:00,2017-04-10 12:17:10,1010.8
2017-04-10 16:18:00,2017-04-10 12:17:58,1010.8
2017-04-10 16:18:00,2017-04-10 12:18:46,1010.8
2017-04-10 16:19:00,2017-04-10 12:19:34,1010.7
2017-04-10 16:20:00,2017-04-10 12:20:22,1010.9
2017-04-10 16:21:00,2017-04-10 12:21:10,1010.8
2017-04-10 16:22:00,2017-04-10 12:21:58,1010.8
2017-04-10 16:22:00,2017-04-10 12:22:46,1010.7
2017-04-10 16:23:00,2017-04-10 12:23:34,1010.6
2017-04-10 16:24:00,2017-04-10 12:24:22,1010.6
2017-04-10 16:25:00,2017-04-10 12:25:10,1010.9
2017-04-10 16:26:00,2017-04-10 12:25:58,1010.7
2017-04-10 16:26:00,2017-04-10 12:26:46,1010.8
2017-04-10 16:27:00,2017-04-10 12:27:34,1010.6
2017-04-10 16:28:00,2017-04-10 12:28:22,1010.6
2017-04-10 16:29:00,2017-04-10 12:29:10,1010.7
2017-04-10 16:30:00,2017-04-10 12:29:58,1010.8
2017-04-10 16:30:00,2017-04-10 12:30:46,1010.8
2017-04-10 16:31:00,2017-04-10 12:31:34,1010.7
2017-04-10 16:32:00,2017-04-10 12:32:22,1010.6
2017-04-10 16:33:00,2017-04-10 12:33:10,1010.6
2017-04-10 16:34:00,2017-04-10 12:33:58,1010.5
2017-04-10 16:34:00,2017-04-10 12:34:46,1010.6
2017-04-10 16:35:00,2017-04-10 12:35:34,1010.5
2017-04-10 16:36:00,2017-04-10 12:36:22,1010.4
2017-04-10 16:37:00,2017-04-10 12:37:10,1010.5
2017-04-10 16:38:00,2017-04-10 12:37:58,1010.5
2017-04-10 16:38:00,2017-04-10 12:38:46,1010.5
2017-04-10 16:39:00,2017-04-10 12:39:34,1010.4
2017-04-10 16:40:00,2017-04-10 12:40:22,1010.5
2017-04-10 16:41:00,2017-04-10 12:41:10,1010.5
2017-04-10 16:42:00,2017-04-10 12:41:58,1010.4
2017-04-10 16:42:00,2017-04-10 12:42:46,1010.4
2017-04-10 16:43:00,2017-04-10 12:43:34,1010.4
2017-04-10 16:44:00,2017-04-10 12:44:22,1010.4
2017-04-10 16:45:00,2017-04-10 12:45:10,1010.4
2017-04-10 16:46:00,2017-04-10 12:45:58,1010.4
2017-04-10 16:46:00,2017-04-10 12:46:46,1010.4
2017-04-10 16:47:00,2017-04-10 12:47:34,1010.5
2017-04-10 16:48:00,2017-04-10 12:48:22,1010.3
2017-04-10 16:49:00,2017-04-10 12:49:10,1010.2
2017-04-10 16:50:00,2017-04-10 12:49:58,1010.3
2017-04-10 16:50:00,2017-04-10 12:50:46,1010.3
2017-04-10 16:51:00,2017-04-10 12:51:34,1010.3
2017-04-10 16:52:00,2017-04-10 12:52:22,1010.1
2017-04-10 16:53:00,2017-04-10 12:53:10,1010.2
2017-04-10 16:54:00,2017-04-10 12:53:58,1010.3
2017-04-10 16:54:00,2017-04-10 12:54:46,1010.3
2017-04-10 16:55:00,2017-04-10 12:55:34,1010.1
2017-04-10 16:56:00,2017-04-10 12:56:22,1010.1
2017-04-10 16:57:00,2017-04-10 12:57:10,1010.2
2017-04-10 16:58:00,2017-04-10 12:57:58,1010.1
2017-04-10 16:58:00,2017-04-10 12:58:46,1010.2
2017-04-10 16:59:00,2017-04-10 12:59:34,1010.0
2017-04-10 17:00:00,2017-04-10 13:00:22,1010.2
2017-04-10 17:01:00,2017-04-10 13:01:10,1010.0
2017-04-10 17:02:00,2017-04-10 13:01:58,1010.3
2017-04-10 17:02:00,2017-04-10 13:02:46,1010.1
2017-04-10 17:03:00,2017-04-10 13:03:34,1010.0
2017-04-10 17:04:00,2017-04-10 13:04:22,1010.1
2017-04-10 17:05:00,2017-04-10 13:05:10,1010.0
2017-04-10 17:06:00,2017-04-10 13:05:58,1010.2
2017-04-10 17:06:00,2017-04-10 13:06:46,1010.1
2017-04-10 17:07:00,2017-04-10 13:07:34,1010.0
2017-04-10 17:08:00,2017-04-10 13:08:22,1010.0
2017-04-10 17:09:00,2017-04-10 13:09:10,1010.0
2017-04-10 17:10:00,2017-04-10 13:09:58,1010.0
2017-04-10 17:10:00,2017-04-10 13:10:46,1010.0
2017-04-10 17:11:00,2017-04-10 13:11:34,1010.0
2017-04-10 17:12:00,2017-04-10 13:12:22,1010.1
2017-04-10 17:13:00,2017-04-10 13:13:10,1009.9
2017-04-10 17:14:00,2017-04-10 13:13:58,1010.0
2017-04-10 17:14:00,2017-04-10 13:14:46,1010.0
2017-04-10 17:15:00,2017-04-10 13:15:34,1010.0
2017-04-10 17:16:00,2017-04-10 13:16:22,1010.0
2017-04-10 17:17:00,2017-04-10 13:17:10,1009.9
2017-04-10 17:18:00,2017-04-10 13:17:58,1009.9
2017-04-10 17:18:00,2017-04-10 13:18:46,1009.9
2017-04-10 17:19:00,2017-04-10 13:19:34,1009.8
2017-04-10 17:20:00,2017-04-10 13:20:22,1010.0
2017-04-10 17:21:00,2017-04-10 13:21:10,1009.8
2017-04-10 17:22:00,2017-04-10 13:21:58,1009.9
2017-04-10 17:22:00,2017-04-10 13:22:46,1010.0
2017-04-10 17:23:00,2017-04-10 13:23:34,1010.0
2017-04-10 17:24:00,2017-04-10 13:24:22,1009.8
2017-04-10 17:25:00,2017-04-10 13:25:10,1009.8
2017-04-10 17:26:00,2017-04-10 13:25:58,1009.9
2017-04-10 17:26:00,2017-04-10 13:26:46,1009.9
2017-04-10 17:27:00,2017-04-10 13:27:34,1009.8
2017-04-10 17:28:00,2017-04-10 13:28:22,1009.8
2017-04-10 17:29:00,2017-04-10 13:29:10,1009.7
2017-04-10 17:30:00,2017-04-10 13:29:58,1009.7
2017-04-10 17:30:00,2017-04-10 13:30:46,1009.8
2017-04-10 17:31:00,2017-04-10 13:31:34,1009.7
2017-04-10 17:32:00,2017-04-10 13:32:22,1009.8
2017-04-10 17:33:00,2017-04-10 13:33:10,1009.6
2017-04-10 17:34:00,2017-04-10 13:33:58,1009.7
2017-04-10 17:34:00,2017-04-10 13:34:46,1009.6
2017-04-10 17:35:00,2017-04-10 13:35:34,1009.8
2017-04-10 17:36:00,2017-04-10 13:36:22,1009.9
2017-04-10 17:37:00,2017-04-10 13:37:10,1009.8
2017-04-10 17:38:00,2017-04-10 13:37:58,1009.7
2017-04-10 17:38:00,2017-04-10 13:38:46,1009.6
2017-04-10 17:39:00,2017-04-10 13:39:34,1009.8
2017-04-10 17:40:00,2017-04-10 13:40:22,1009.7
2017-04-10 17:41:00,2017-04-10 13:41:10,1009.7
2017-04-10 17:42:00,2017-04-10 13:41:58,1009.7
2017-04-10 17:42:00,2017-04-10 13:42:46,1009.8
2017-04-10 17:43:00,2017-04-10 13:43:34,1009.8
2017-04-10 17:44:00,2017-04-10 13:44:22,1009.7
2017-04-10 17:45:00,2017-04-10 13:45:10,1009.5
2017-04-10 17:46:00,2017-04-10 13:45:58,1009.6
2017-04-10 17:46:00,2017-04-10 13:46:46,1009.6
2017-04-10 17:47:00,2017-04-10 13:47:34,1009.7
2017-04-10 17:48:00,2017-04-10 13:48:22,1009.7
2017-04-10 17:49:00,2017-04-10 13:49:10,1009.7
2017-04-10 17:50:00,2017-04-10 13:49:58,1009.6
2017-04-10 17:50:00,2017-04-10 13:50:46,1009.7
2017-04-10 17:51:00,2017-04-10 13:51:34,1009.6
2017-04-10 17:52:00,2017-04-10 13:52:22,1009.9
2017-04-10 17:53:00,2017-04-10 13:53:10,1009.5
2017-04-10 17:54:00,2017-04-10 13:53:58,1009.5
2017-04-10 17:54:00,2017-04-10 13:54:46,1009.7
2017-04-10 17:55:00,2017-04-10 13:55:34,1009.6
2017-04-10 17:56:00,2017-04-10 13:56:22,1009.6
2017-04-10 17:57:00,2017-04-10 13:57:10,1009.5
2017-04-10 17:58:00,2017-04-10 13:57:58,1009.6
2017-04-10 17:58:00,2017-04-10 13:58:46,1009.7
2017-04-10 17:59:00,2017-04-10 13:59:34,1009.6
2017-04-10 18:00:00,2017-04-10 14:00:22,1009.5
2017-04-10 18:02:00,2017-04-10 14:01:58,1009.7
2017-04-10 18:02:00,2017-04-10 14:02:46,1009.4
2017-04-10 18:04:00,2017-04-10 14:04:22,1009.6
2017-04-10 18:05:00,2017-04-10 14:05:10,1009.4
2017-04-10 18:06:00,2017-04-10 14:05:58,1009.5
2017-04-10 18:06:00,2017-04-10 14:06:46,1009.5
2017-04-10 18:07:00,2017-04-10 14:07:34,1009.6
2017-04-10 18:08:00,2017-04-10 14:08:22,1009.3
2017-04-10 18:09:00,2017-04-10 14:09:10,1009.4
2017-04-10 18:10:00,2017-04-10 14:09:58,1009.5
2017-04-10 18:10:00,2017-04-10 14:10:46,1009.5
2017-04-10 18:11:00,2017-04-10 14:11:34,1009.6
2017-04-10 18:12:00,2017-04-10 14:12:22,1009.3
2017-04-10 18:13:00,2017-04-10 14:13:10,1009.5
2017-04-10 18:14:00,2017-04-10 14:13:58,1009.3
2017-04-10 18:14:00,2017-04-10 14:14:46,1009.4
2017-04-10 18:15:00,2017-04-10 14:15:34,1009.3
2017-04-10 18:16:00,2017-04-10 14:16:22,1009.4
2017-04-10 18:17:00,2017-04-10 14:17:10,1009.3
2017-04-10 18:18:00,2017-04-10 14:17:58,1009.3
2017-04-10 18:18:00,2017-04-10 14:18:46,1009.4
2017-04-10 18:19:00,2017-04-10 14:19:34,1009.4
2017-04-10 18:20:00,2017-04-10 14:20:22,1009.4
2017-04-10 18:21:00,2017-04-10 14:21:10,1009.3
2017-04-10 18:22:00,2017-04-10 14:21:58,1009.5
2017-04-10 18:22:00,2017-04-10 14:22:46,1009.4
2017-04-10 18:23:00,2017-04-10 14:23:34,1009.2
2017-04-10 18:24:00,2017-04-10 14:24:22,1009.3
2017-04-10 18:25:00,2017-04-10 14:25:10,1009.2
2017-04-10 18:26:00,2017-04-10 14:25:58,1009.4
2017-04-10 18:26:00,2017-04-10 14:26:46,1009.3
2017-04-10 18:27:00,2017-04-10 14:27:34,1009.2
2017-04-10 18:28:00,2017-04-10 14:28:22,1009.2
2017-04-10 18:29:00,2017-04-10 14:29:10,1009.1
2017-04-10 18:30:00,2017-04-10 14:29:58,1009.1
2017-04-10 18:30:00,2017-04-10 14:30:46,1009.3
2017-04-10 18:31:00,2017-04-10 14:31:34,1009.0
2017-04-10 18:32:00,2017-04-10 14:32:22,1009.2
2017-04-10 18:33:00,2017-04-10 14:33:10,1009.1
2017-04-10 18:34:00,2017-04-10 14:33:58,1009.1
2017-04-10 18:34:00,2017-04-10 14:34:46,1009.1
2017-04-10 18:35:00,2017-04-10 14:35:34,1009.2
2017-04-10 18:36:00,2017-04-10 14:36:22,1009.1
2017-04-10 18:37:00,2017-04-10 14:37:10,1009.2
2017-04-10 18:38:00,2017-04-10 14:37:58,1009.0
2017-04-10 18:38:00,2017-04-10 14:38:46,1009.2
2017-04-10 18:39:00,2017-04-10 14:39:34,1009.1
2017-04-10 18:40:00,2017-04-10 14:40:22,1009.1
2017-04-10 18:41:00,2017-04-10 14:41:10,1009.1
2017-04-10 18:42:00,2017-04-10 14:41:58,1009.2
2017-04-10 18:42:00,2017-04-10 14:42:46,1009.2
2017-04-10 18:43:00,2017-04-10 14:43:34,1009.1
2017-04-10 18:44:00,2017-04-10 14:44:22,1009.1
2017-04-10 18:45:00,2017-04-10 14:45:10,1009.0
2017-04-10 18:46:00,2017-04-10 14:45:58,1009.1
2017-04-10 18:46:00,2017-04-10 14:46:46,1009.0
2017-04-10 18:47:00,2017-04-10 14:47:34,1009.0
2017-04-10 18:48:00,2017-04-10 14:48:22,1009.1
2017-04-10 18:49:00,2017-04-10 14:49:10,1009.0
2017-04-10 18:50:00,2017-04-10 14:49:58,1009.1
2017-04-10 18:50:00,2017-04-10 14:50:46,1009.0
2017-04-10 18:51:00,2017-04-10 14:51:34,1009.1
2017-04-10 18:52:00,2017-04-10 14:52:22,1009.0
2017-04-10 18:53:00,2017-04-10 14:53:10,1008.9
2017-04-10 18:54:00,2017-04-10 14:53:58,1009.1
2017-04-10 18:54:00,2017-04-10 14:54:46,1009.0
2017-04-10 18:55:00,2017-04-10 14:55:34,1008.9
2017-04-10 18:56:00,2017-04-10 14:56:22,1009.0
2017-04-10 18:57:00,2017-04-10 14:57:10,1009.0
2017-04-10 18:58:00,2017-04-10 14:58:46,1008.9
2017-04-10 18:59:00,2017-04-10 14:59:34,1008.8
2017-04-10 19:00:00,2017-04-10 15:00:22,1009.0
2017-04-10 19:01:00,2017-04-10 15:01:10,1009.0
2017-04-10 19:02:00,2017-04-10 15:01:58,1008.9
2017-04-10 19:02:00,2017-04-10 15:02:46,1008.9
2017-04-10 19:03:00,2017-04-10 15:03:34,1009.0
2017-04-10 19:04:00,2017-04-10 15:04:22,1009.1
2017-04-10 19:05:00,2017-04-10 15:05:10,1008.9
2017-04-10 19:06:00,2017-04-10 15:05:58,1008.8
2017-04-10 19:06:00,2017-04-10 15:06:46,1009.0
2017-04-10 19:07:00,2017-04-10 15:07:34,1009.0
2017-04-10 19:08:00,2017-04-10 15:08:22,1009.0
2017-04-10 19:09:00,2017-04-10 15:09:10,1008.9
2017-04-10 19:10:00,2017-04-10 15:09:58,1009.0
2017-04-10 19:10:00,2017-04-10 15:10:46,1008.9
2017-04-10 19:11:00,2017-04-10 15:11:34,1008.9
2017-04-10 19:12:00,2017-04-10 15:12:22,1008.9
2017-04-10 19:13:00,2017-04-10 15:13:10,1008.7
2017-04-10 19:14:00,2017-04-10 15:13:58,1008.9
2017-04-10 19:14:00,2017-04-10 15:14:46,1008.8
2017-04-10 19:15:00,2017-04-10 15:15:34,1009.1
2017-04-10 19:16:00,2017-04-10 15:16:22,1009.0
2017-04-10 19:17:00,2017-04-10 15:17:10,1008.9
2017-04-10 19:18:00,2017-04-10 15:17:58,1009.2
2017-04-10 19:18:00,2017-04-10 15:18:46,1008.9
2017-04-10 19:19:00,2017-04-10 15:19:34,1009.0
2017-04-10 19:20:00,2017-04-10 15:20:22,1008.9
2017-04-10 19:21:00,2017-04-10 15:21:10,1009.0
2017-04-10 19:22:00,2017-04-10 15:21:58,1009.0
2017-04-10 19:22:00,2017-04-10 15:22:46,1008.9
2017-04-10 19:23:00,2017-04-10 15:23:34,1009.0
2017-04-10 19:24:00,2017-04-10 15:24:22,1009.1
2017-04-10 19:25:00,2017-04-10 15:25:10,1009.0
2017-04-10 19:26:00,2017-04-10 15:25:58,1009.1
2017-04-10 19:26:00,2017-04-10 15:26:46,1009.0
2017-04-10 19:27:00,2017-04-10 15:27:37,1009.0
2017-04-10 19:28:00,2017-04-10 15:28:25,1009.0
2017-04-10 19:29:00,2017-04-10 15:29:13,1008.9
2017-04-10 19:30:00,2017-04-10 15:30:01,1008.9
2017-04-10 19:30:00,2017-04-10 15:30:49,1009.2
2017-04-10 19:31:00,2017-04-10 15:31:37,1009.1
2017-04-10 19:32:00,2017-04-10 15:32:25,1009.0
2017-04-10 19:33:00,2017-04-10 15:33:13,1009.2
2017-04-10 19:34:00,2017-04-10 15:34:01,1009.2
2017-04-10 19:34:00,2017-04-10 15:34:49,1009.0
2017-04-10 19:35:00,2017-04-10 15:35:37,1009.1
2017-04-10 19:36:00,2017-04-10 15:36:25,1009.0
2017-04-10 19:37:00,2017-04-10 15:37:13,1009.0
2017-04-10 19:38:00,2017-04-10 15:38:01,1009.2
2017-04-10 19:38:00,2017-04-10 15:38:49,1009.0
2017-04-10 19:39:00,2017-04-10 15:39:37,1009.1
2017-04-10 19:40:00,2017-04-10 15:40:25,1009.3
2017-04-10 19:41:00,2017-04-10 15:41:13,1009.1
2017-04-10 19:42:00,2017-04-10 15:42:01,1009.1
2017-04-10 19:42:00,2017-04-10 15:42:49,1009.0
2017-04-10 19:43:00,2017-04-10 15:43:37,1009.3
2017-04-10 19:44:00,2017-04-10 15:44:25,1009.0
2017-04-10 19:45:00,2017-04-10 15:45:13,1009.3
2017-04-10 19:46:00,2017-04-10 15:46:01,1009.3
2017-04-10 19:46:00,2017-04-10 15:46:49,1009.1
2017-04-10 19:47:00,2017-04-10 15:47:37,1009.2
2017-04-10 19:48:00,2017-04-10 15:48:25,1009.3
2017-04-10 19:49:00,2017-04-10 15:49:13,1009.3
2017-04-10 19:50:00,2017-04-10 15:50:01,1009.3
2017-04-10 19:50:00,2017-04-10 15:50:49,1009.2
2017-04-10 19:51:00,2017-04-10 15:51:37,1009.4
2017-04-10 19:52:00,2017-04-10 15:52:25,1009.2
2017-04-10 19:53:00,2017-04-10 15:53:13,1009.4
2017-04-10 19:54:00,2017-04-10 15:54:01,1009.3
2017-04-10 19:54:00,2017-04-10 15:54:49,1009.4
2017-04-10 19:55:00,2017-04-10 15:55:37,1009.5
2017-04-10 19:56:00,2017-04-10 15:56:25,1009.4
2017-04-10 19:57:00,2017-04-10 15:57:13,1009.3
2017-04-10 19:58:00,2017-04-10 15:58:01,1009.5
2017-04-10 19:58:00,2017-04-10 15:58:49,1009.3
2017-04-10 19:59:00,2017-04-10 15:59:37,1009.4
2017-04-10 20:00:00,2017-04-10 16:00:25,1009.3
2017-04-10 20:02:00,2017-04-10 16:02:01,1009.3
2017-04-10 20:05:00,2017-04-10 16:03:12,1009.3
2017-04-10 20:05:00,2017-04-10 16:04:12,1009.3
2017-04-10 20:05:00,2017-04-10 16:05:13,1009.2
2017-04-10 20:06:00,2017-04-10 16:06:01,1009.4
2017-04-10 20:06:00,2017-04-10 16:06:49,1009.4
2017-04-10 20:07:00,2017-04-10 16:07:37,1009.3
2017-04-10 20:08:00,2017-04-10 16:08:25,1009.4
2017-04-10 20:09:00,2017-04-10 16:09:13,1009.4
2017-04-10 20:10:00,2017-04-10 16:10:01,1009.4
2017-04-10 20:10:00,2017-04-10 16:10:49,1009.4
2017-04-10 20:11:00,2017-04-10 16:11:37,1009.5
2017-04-10 20:12:00,2017-04-10 16:12:25,1009.3
2017-04-10 20:13:00,2017-04-10 16:13:13,1009.6
2017-04-10 20:14:00,2017-04-10 16:14:49,1009.5
2017-04-10 20:15:00,2017-04-10 16:15:37,1009.3
2017-04-10 20:16:00,2017-04-10 16:16:25,1009.5
2017-04-10 20:18:00,2017-04-10 16:17:12,1009.4
2017-04-10 20:18:00,2017-04-10 16:18:01,1009.4
2017-04-10 20:18:00,2017-04-10 16:18:49,1009.4
2017-04-10 20:19:00,2017-04-10 16:19:37,1009.5
2017-04-10 20:20:00,2017-04-10 16:20:25,1009.5
2017-04-10 20:21:00,2017-04-10 16:21:13,1009.4
2017-04-10 20:22:00,2017-04-10 16:22:01,1009.4
2017-04-10 20:22:00,2017-04-10 16:22:49,1009.4
2017-04-10 20:23:00,2017-04-10 16:23:37,1009.3
2017-04-10 20:24:00,2017-04-10 16:24:25,1009.3
2017-04-10 20:25:00,2017-04-10 16:25:13,1009.5
2017-04-10 20:26:00,2017-04-10 16:26:01,1009.5
2017-04-10 20:26:00,2017-04-10 16:26:49,1009.5
2017-04-10 20:27:00,2017-04-10 16:27:37,1009.5
2017-04-10 20:28:00,2017-04-10 16:28:25,1009.3
2017-04-10 20:29:00,2017-04-10 16:29:13,1009.4
2017-04-10 20:30:00,2017-04-10 16:30:01,1009.4
2017-04-10 20:30:00,2017-04-10 16:30:49,1009.4
2017-04-10 20:31:00,2017-04-10 16:31:37,1009.4
2017-04-10 20:32:00,2017-04-10 16:32:25,1009.6
2017-04-10 20:34:00,2017-04-10 16:33:12,1009.5
2017-04-10 20:34:00,2017-04-10 16:34:01,1009.5
2017-04-10 20:34:00,2017-04-10 16:34:49,1009.5
2017-04-10 20:35:00,2017-04-10 16:35:37,1009.5
2017-04-10 20:36:00,2017-04-10 16:36:25,1009.5
2017-04-10 20:37:00,2017-04-10 16:37:13,1009.5
2017-04-10 20:38:00,2017-04-10 16:38:01,1009.5
2017-04-10 20:38:00,2017-04-10 16:38:49,1009.5
2017-04-10 20:39:00,2017-04-10 16:39:37,1009.4
2017-04-10 20:40:00,2017-04-10 16:40:25,1009.4
2017-04-10 20:41:00,2017-04-10 16:41:13,1009.5
2017-04-10 20:42:00,2017-04-10 16:42:01,1009.5
2017-04-10 20:42:00,2017-04-10 16:42:49,1009.6
2017-04-10 20:43:00,2017-04-10 16:43:37,1009.5
2017-04-10 20:44:00,2017-04-10 16:44:25,1009.5
2017-04-10 20:45:00,2017-04-10 16:45:13,1009.5
2017-04-10 20:46:00,2017-04-10 16:46:01,1009.6
2017-04-10 20:46:00,2017-04-10 16:46:49,1009.5
2017-04-10 20:47:00,2017-04-10 16:47:37,1009.6
2017-04-10 20:48:00,2017-04-10 16:48:25,1009.6
2017-04-10 20:49:00,2017-04-10 16:49:13,1009.6
2017-04-10 20:50:00,2017-04-10 16:50:01,1009.6
2017-04-10 20:50:00,2017-04-10 16:50:49,1009.7
2017-04-10 20:51:00,2017-04-10 16:51:37,1009.5
2017-04-10 20:52:00,2017-04-10 16:52:25,1009.7
2017-04-10 20:53:00,2017-04-10 16:53:13,1009.5
2017-04-10 20:54:00,2017-04-10 16:54:01,1009.3
2017-04-10 20:54:00,2017-04-10 16:54:49,1009.5
2017-04-10 20:55:00,2017-04-10 16:55:37,1009.5
2017-04-10 20:56:00,2017-04-10 16:56:25,1009.6
2017-04-10 20:57:00,2017-04-10 16:57:13,1010.0
2017-04-10 20:58:00,2017-04-10 16:58:01,1010.0
2017-04-10 20:58:00,2017-04-10 16:58:49,1010.0
2017-04-10 20:59:00,2017-04-10 16:59:37,1010.0
2017-04-10 21:00:00,2017-04-10 17:00:25,1010.0
2017-04-10 21:01:00,2017-04-10 17:01:13,1009.8
2017-04-10 21:02:00,2017-04-10 17:02:01,1009.7
2017-04-10 21:02:00,2017-04-10 17:02:49,1009.8
2017-04-10 21:03:00,2017-04-10 17:03:37,1009.8
2017-04-10 21:04:00,2017-04-10 17:04:25,1009.7
2017-04-10 21:05:00,2017-04-10 17:05:13,1009.7
2017-04-10 21:06:00,2017-04-10 17:06:01,1009.7
2017-04-10 21:06:00,2017-04-10 17:06:49,1009.6
2017-04-10 21:07:00,2017-04-10 17:07:37,1009.6
2017-04-10 21:08:00,2017-04-10 17:08:25,1009.6
2017-04-10 21:09:00,2017-04-10 17:09:13,1009.6
2017-04-10 21:10:00,2017-04-10 17:10:01,1009.5
2017-04-10 21:10:00,2017-04-10 17:10:49,1009.6
2017-04-10 21:11:00,2017-04-10 17:11:37,1009.6
2017-04-10 21:12:00,2017-04-10 17:12:25,1009.6
2017-04-10 21:13:00,2017-04-10 17:13:13,1009.7
2017-04-10 21:14:00,2017-04-10 17:14:01,1009.7
2017-04-10 21:14:00,2017-04-10 17:14:49,1009.7
2017-04-10 21:15:00,2017-04-10 17:15:37,1009.8
2017-04-10 21:16:00,2017-04-10 17:16:25,1009.6
2017-04-10 21:17:00,2017-04-10 17:17:13,1009.6
2017-04-10 21:18:00,2017-04-10 17:18:01,1009.6
2017-04-10 21:18:00,2017-04-10 17:18:49,1009.6
2017-04-10 21:19:00,2017-04-10 17:19:37,1009.6
2017-04-10 21:20:00,2017-04-10 17:20:25,1009.7
2017-04-10 21:21:00,2017-04-10 17:21:13,1009.6
2017-04-10 21:22:00,2017-04-10 17:22:01,1009.6
2017-04-10 21:22:00,2017-04-10 17:22:49,1009.6
2017-04-10 21:23:00,2017-04-10 17:23:37,1009.6
2017-04-10 21:24:00,2017-04-10 17:24:25,1009.8
2017-04-10 21:25:00,2017-04-10 17:25:13,1009.6
2017-04-10 21:26:00,2017-04-10 17:26:01,1009.5
2017-04-10 21:26:00,2017-04-10 17:26:49,1009.7
2017-04-10 21:27:00,2017-04-10 17:27:37,1009.6
2017-04-10 21:28:00,2017-04-10 17:28:25,1009.6
2017-04-10 21:29:00,2017-04-10 17:29:13,1009.7
2017-04-10 21:30:00,2017-04-10 17:30:01,1009.7
2017-04-10 21:30:00,2017-04-10 17:30:49,1009.7
2017-04-10 21:31:00,2017-04-10 17:31:37,1009.7
2017-04-10 21:32:00,2017-04-10 17:32:25,1009.7
2017-04-10 21:33:00,2017-04-10 17:33:13,1009.6
2017-04-10 21:34:00,2017-04-10 17:34:01,1009.6
2017-04-10 21:34:00,2017-04-10 17:34:49,1009.6
2017-04-10 21:35:00,2017-04-10 17:35:37,1009.5
2017-04-10 21:36:00,2017-04-10 17:36:25,1009.5
2017-04-10 21:37:00,2017-04-10 17:37:13,1009.5
2017-04-10 21:38:00,2017-04-10 17:38:01,1009.5
2017-04-10 21:38:00,2017-04-10 17:38:49,1009.5
2017-04-10 21:39:00,2017-04-10 17:39:37,1009.5
2017-04-10 21:40:00,2017-04-10 17:40:22,1009.5
2017-04-10 21:41:00,2017-04-10 17:41:59,1009.6
2017-04-10 21:42:00,2017-04-10 17:42:47,1009.4
2017-04-10 21:43:00,2017-04-10 17:43:35,1009.6
2017-04-10 21:44:00,2017-04-10 17:44:23,1009.5
2017-04-10 21:45:00,2017-04-10 17:45:11,1009.5
2017-04-10 21:46:00,2017-04-10 17:45:59,1009.7
2017-04-10 21:46:00,2017-04-10 17:46:47,1009.5
2017-04-10 21:47:00,2017-04-10 17:47:35,1009.5
2017-04-10 21:48:00,2017-04-10 17:48:23,1009.6
2017-04-10 21:49:00,2017-04-10 17:49:11,1009.6
2017-04-10 21:50:00,2017-04-10 17:49:59,1009.7
2017-04-10 21:50:00,2017-04-10 17:50:47,1009.5
2017-04-10 21:51:00,2017-04-10 17:51:35,1009.4
2017-04-10 21:52:00,2017-04-10 17:52:23,1009.5
2017-04-10 21:53:00,2017-04-10 17:53:11,1009.4
2017-04-10 21:54:00,2017-04-10 17:53:59,1009.8
2017-04-10 21:54:00,2017-04-10 17:54:47,1009.5
2017-04-10 21:55:00,2017-04-10 17:55:35,1009.5
2017-04-10 21:56:00,2017-04-10 17:56:23,1009.7
2017-04-10 21:57:00,2017-04-10 17:57:11,1009.6
2017-04-10 21:58:00,2017-04-10 17:57:59,1009.7
2017-04-10 21:58:00,2017-04-10 17:58:47,1009.5
2017-04-10 21:59:00,2017-04-10 17:59:35,1009.4
2017-04-10 22:00:00,2017-04-10 18:00:48,1009.4
2017-04-10 22:02:00,2017-04-10 18:02:00,1009.4
2017-04-10 22:02:00,2017-04-10 18:02:48,1009.5
2017-04-10 22:03:00,2017-04-10 18:03:36,1009.4
2017-04-10 22:04:00,2017-04-10 18:04:24,1009.6
2017-04-10 22:05:00,2017-04-10 18:05:12,1009.6
2017-04-10 22:06:00,2017-04-10 18:06:00,1009.5
2017-04-10 22:07:00,2017-04-10 18:07:36,1009.5
2017-04-10 22:08:00,2017-04-10 18:08:24,1009.6
2017-04-10 22:09:00,2017-04-10 18:09:12,1009.5
2017-04-10 22:10:00,2017-04-10 18:10:00,1009.5
2017-04-10 22:10:00,2017-04-10 18:10:48,1009.5
2017-04-10 22:11:00,2017-04-10 18:11:36,1009.5
2017-04-10 22:12:00,2017-04-10 18:12:24,1009.5
2017-04-10 22:13:00,2017-04-10 18:13:12,1009.5
2017-04-10 22:14:00,2017-04-10 18:14:00,1009.5
2017-04-10 22:14:00,2017-04-10 18:14:48,1009.6
2017-04-10 22:15:00,2017-04-10 18:15:36,1009.4
2017-04-10 22:16:00,2017-04-10 18:16:24,1009.3
2017-04-10 22:17:00,2017-04-10 18:17:12,1009.3
2017-04-10 22:18:00,2017-04-10 18:18:00,1009.4
2017-04-10 22:18:00,2017-04-10 18:18:48,1009.4
2017-04-10 22:19:00,2017-04-10 18:19:36,1009.4
2017-04-10 22:20:00,2017-04-10 18:20:24,1009.5
2017-04-10 22:21:00,2017-04-10 18:21:12,1009.3
2017-04-10 22:22:00,2017-04-10 18:22:00,1009.3
2017-04-10 22:22:00,2017-04-10 18:22:48,1009.3
2017-04-10 22:23:00,2017-04-10 18:23:36,1009.4
2017-04-10 22:24:00,2017-04-10 18:24:24,1009.3
2017-04-10 22:25:00,2017-04-10 18:25:12,1009.5
2017-04-10 22:26:00,2017-04-10 18:26:00,1009.3
2017-04-10 22:26:00,2017-04-10 18:26:48,1009.2
2017-04-10 22:27:00,2017-04-10 18:27:36,1009.3
2017-04-10 22:28:00,2017-04-10 18:28:24,1009.3
2017-04-10 22:29:00,2017-04-10 18:29:12,1009.3
2017-04-10 22:30:00,2017-04-10 18:30:00,1009.3
2017-04-10 22:30:00,2017-04-10 18:30:48,1009.2
2017-04-10 22:31:00,2017-04-10 18:31:36,1009.3
2017-04-10 22:32:00,2017-04-10 18:32:24,1009.4
2017-04-10 22:33:00,2017-04-10 18:33:12,1009.1
2017-04-10 22:34:00,2017-04-10 18:34:00,1009.3
2017-04-10 22:34:00,2017-04-10 18:34:48,1009.4
2017-04-10 22:35:00,2017-04-10 18:35:36,1009.3
2017-04-10 22:36:00,2017-04-10 18:36:24,1009.4
2017-04-10 22:37:00,2017-04-10 18:37:12,1009.2
2017-04-10 22:38:00,2017-04-10 18:38:00,1009.2
2017-04-10 22:38:00,2017-04-10 18:38:48,1009.3
2017-04-10 22:39:00,2017-04-10 18:39:36,1009.1
2017-04-10 22:40:00,2017-04-10 18:40:24,1009.1
2017-04-10 22:41:00,2017-04-10 18:41:12,1009.0
2017-04-10 22:42:00,2017-04-10 18:42:00,1009.2
2017-04-10 22:42:00,2017-04-10 18:42:48,1009.0
2017-04-10 22:46:00,2017-04-10 18:46:00,1009.2
2017-04-10 22:46:00,2017-04-10 18:46:48,1009.1
2017-04-10 22:47:00,2017-04-10 18:47:36,1009.2
2017-04-10 22:48:00,2017-04-10 18:48:24,1009.2
2017-04-10 22:49:00,2017-04-10 18:49:12,1009.1
2017-04-10 22:50:00,2017-04-10 18:50:00,1009.1
2017-04-10 22:50:00,2017-04-10 18:50:48,1009.1
2017-04-10 22:51:00,2017-04-10 18:51:36,1009.0
2017-04-10 22:52:00,2017-04-10 18:52:24,1009.2
2017-04-10 22:53:00,2017-04-10 18:53:12,1009.1
2017-04-10 22:54:00,2017-04-10 18:54:00,1009.0
2017-04-10 22:54:00,2017-04-10 18:54:48,1009.1
2017-04-10 22:55:00,2017-04-10 18:55:36,1009.1
2017-04-10 22:57:00,2017-04-10 18:57:12,1009.0
2017-04-10 22:58:00,2017-04-10 18:58:00,1008.9
2017-04-10 22:58:00,2017-04-10 18:58:48,1009.2
2017-04-10 22:59:00,2017-04-10 18:59:36,1009.0
2017-04-10 23:00:00,2017-04-10 19:00:24,1009.0
2017-04-10 23:01:00,2017-04-10 19:01:12,1009.3
2017-04-11 00:02:00,2017-04-10 19:06:12,1009.0
2017-04-11 00:02:00,2017-04-10 19:07:12,1009.0
2017-04-11 00:02:00,2017-04-10 19:08:12,1009.0
2017-04-11 00:02:00,2017-04-10 19:22:12,1009.0
2017-04-11 00:02:00,2017-04-10 19:24:12,1008.9
2017-04-11 00:02:00,2017-04-10 19:28:12,1009.0
2017-04-11 00:02:00,2017-04-10 19:36:12,1009.1
2017-04-11 00:02:00,2017-04-10 19:39:12,1009.1
2017-04-11 00:02:00,2017-04-10 19:40:12,1009.0
2017-04-11 00:02:00,2017-04-10 19:42:12,1009.2
2017-04-11 00:02:00,2017-04-10 19:43:12,1009.0
2017-04-11 00:02:00,2017-04-10 19:44:12,1009.0
2017-04-11 00:02:00,2017-04-10 19:46:12,1008.9
2017-04-11 00:02:00,2017-04-10 19:47:12,1009.0
2017-04-11 00:02:00,2017-04-10 19:48:12,1009.1
2017-04-11 00:02:00,2017-04-10 19:51:12,1009.0
2017-04-11 00:02:00,2017-04-10 19:56:12,1009.0
2017-04-11 00:02:00,2017-04-10 19:58:12,1009.1
2017-04-11 00:02:00,2017-04-10 19:59:12,1008.8
2017-04-11 00:02:00,2017-04-10 20:00:12,1008.7
2017-04-11 00:02:00,2017-04-10 20:01:12,1008.8
2017-04-11 00:02:00,2017-04-10 20:02:48,1008.7
2017-04-11 00:03:00,2017-04-10 20:03:36,1008.9
2017-04-11 00:04:00,2017-04-10 20:04:24,1008.8
2017-04-11 00:05:00,2017-04-10 20:05:12,1008.8
2017-04-11 00:06:00,2017-04-10 20:06:00,1008.7
2017-04-11 00:07:00,2017-04-10 20:07:36,1008.9
2017-04-11 00:08:00,2017-04-10 20:08:24,1008.7
2017-04-11 00:09:00,2017-04-10 20:09:12,1008.7
2017-04-11 00:10:00,2017-04-10 20:10:00,1008.9
2017-04-11 00:10:00,2017-04-10 20:10:48,1008.8
2017-04-11 00:11:00,2017-04-10 20:11:36,1008.7
2017-04-11 00:12:00,2017-04-10 20:12:24,1008.8
2017-04-11 00:13:00,2017-04-10 20:13:12,1008.7
2017-04-11 00:14:00,2017-04-10 20:14:00,1008.8
2017-04-11 00:14:00,2017-04-10 20:14:48,1008.7
2017-04-11 00:15:00,2017-04-10 20:15:36,1008.6
2017-04-11 00:16:00,2017-04-10 20:16:24,1008.7
2017-04-11 00:17:00,2017-04-10 20:17:12,1008.7
2017-04-11 00:18:00,2017-04-10 20:18:00,1008.6
2017-04-11 00:18:00,2017-04-10 20:18:48,1008.6
2017-04-11 00:19:00,2017-04-10 20:19:36,1008.7
2017-04-11 00:20:00,2017-04-10 20:20:24,1008.6
2017-04-11 00:21:00,2017-04-10 20:21:12,1008.6
2017-04-11 00:22:00,2017-04-10 20:22:00,1008.7
2017-04-11 00:22:00,2017-04-10 20:22:48,1008.7
2017-04-11 00:23:00,2017-04-10 20:23:36,1008.6
2017-04-11 00:24:00,2017-04-10 20:24:24,1008.5
2017-04-11 00:25:00,2017-04-10 20:25:12,1008.7
2017-04-11 00:26:00,2017-04-10 20:26:00,1008.6
2017-04-11 00:26:00,2017-04-10 20:26:48,1008.7
2017-04-11 00:27:00,2017-04-10 20:27:36,1008.6
2017-04-11 00:28:00,2017-04-10 20:28:24,1008.6
2017-04-11 00:29:00,2017-04-10 20:29:12,1008.5
2017-04-11 00:30:00,2017-04-10 20:30:00,1008.6
2017-04-11 01:01:00,2017-04-10 21:01:12,1008.4
2017-04-11 01:02:00,2017-04-10 21:02:00,1008.3
2017-04-11 01:02:00,2017-04-10 21:02:48,1008.4
2017-04-11 01:03:00,2017-04-10 21:03:36,1008.3
2017-04-11 01:04:00,2017-04-10 21:04:24,1008.5
2017-04-11 01:05:00,2017-04-10 21:05:12,1008.5
2017-04-11 01:06:00,2017-04-10 21:06:00,1008.6
2017-04-11 01:06:00,2017-04-10 21:06:48,1008.1
2017-04-11 01:07:00,2017-04-10 21:07:36,1008.3
2017-04-11 01:08:00,2017-04-10 21:08:24,1008.4
2017-04-11 01:09:00,2017-04-10 21:09:12,1008.3
2017-04-11 01:10:00,2017-04-10 21:10:00,1008.4
2017-04-11 01:10:00,2017-04-10 21:10:48,1008.4
2017-04-11 01:11:00,2017-04-10 21:11:36,1008.5
2017-04-11 01:12:00,2017-04-10 21:12:24,1008.5
2017-04-11 01:13:00,2017-04-10 21:13:12,1008.3
2017-04-11 01:14:00,2017-04-10 21:14:00,1008.5
2017-04-11 01:14:00,2017-04-10 21:14:48,1008.3
2017-04-11 01:15:00,2017-04-10 21:15:36,1008.4
2017-04-11 01:16:00,2017-04-10 21:16:24,1008.4
2017-04-11 01:17:00,2017-04-10 21:17:12,1008.3
2017-04-11 01:18:00,2017-04-10 21:18:00,1008.3
2017-04-11 01:18:00,2017-04-10 21:18:48,1008.2
2017-04-11 01:19:00,2017-04-10 21:19:36,1008.3
2017-04-11 01:20:00,2017-04-10 21:20:24,1008.2
2017-04-11 01:21:00,2017-04-10 21:21:12,1008.3
2017-04-11 01:22:00,2017-04-10 21:22:00,1008.3
2017-04-11 01:22:00,2017-04-10 21:22:48,1008.4
2017-04-11 01:23:00,2017-04-10 21:23:36,1008.3
2017-04-11 01:24:00,2017-04-10 21:24:24,1008.3
2017-04-11 01:25:00,2017-04-10 21:25:12,1008.2
2017-04-11 01:26:00,2017-04-10 21:26:00,1008.2
2017-04-11 01:26:00,2017-04-10 21:26:48,1008.4
2017-04-11 01:27:00,2017-04-10 21:27:36,1008.2
2017-04-11 01:28:00,2017-04-10 21:28:24,1008.4
2017-04-11 01:29:00,2017-04-10 21:29:12,1008.3
2017-04-11 01:30:00,2017-04-10 21:30:00,1008.4
2017-04-11 01:30:00,2017-04-10 21:30:48,1008.4
2017-04-11 01:31:00,2017-04-10 21:31:36,1008.3
2017-04-11 01:32:00,2017-04-10 21:32:24,1008.5
2017-04-11 01:33:00,2017-04-10 21:33:12,1008.5
2017-04-11 01:34:00,2017-04-10 21:34:48,1008.3
2017-04-11 01:35:00,2017-04-10 21:35:36,1008.4
2017-04-11 01:36:00,2017-04-10 21:36:24,1008.6
2017-04-11 01:37:00,2017-04-10 21:37:12,1008.3
2017-04-11 01:38:00,2017-04-10 21:38:00,1008.3
2017-04-11 01:38:00,2017-04-10 21:38:48,1008.3
2017-04-11 01:39:00,2017-04-10 21:39:36,1008.5
2017-04-11 01:40:00,2017-04-10 21:40:24,1008.4
2017-04-11 01:41:00,2017-04-10 21:41:12,1008.5
2017-04-11 01:42:00,2017-04-10 21:42:00,1008.4
2017-04-11 01:42:00,2017-04-10 21:42:48,1008.4
2017-04-11 01:43:00,2017-04-10 21:43:36,1008.5
2017-04-11 01:44:00,2017-04-10 21:44:24,1008.4
2017-04-11 01:45:00,2017-04-10 21:45:12,1008.4
2017-04-11 01:46:00,2017-04-10 21:46:00,1008.6
2017-04-11 01:46:00,2017-04-10 21:46:48,1008.4
2017-04-11 01:47:00,2017-04-10 21:47:36,1008.4
2017-04-11 01:48:00,2017-04-10 21:48:24,1008.4
2017-04-11 01:49:00,2017-04-10 21:49:12,1008.7
2017-04-11 01:50:00,2017-04-10 21:50:00,1009.0
2017-04-11 01:50:00,2017-04-10 21:50:48,1009.0
2017-04-11 01:51:00,2017-04-10 21:51:36,1009.1
2017-04-11 01:52:00,2017-04-10 21:52:24,1009.2
2017-04-11 01:53:00,2017-04-10 21:53:12,1009.2
2017-04-11 01:54:00,2017-04-10 21:54:00,1009.4
2017-04-11 01:54:00,2017-04-10 21:54:48,1009.2
2017-04-11 01:55:00,2017-04-10 21:55:36,1009.4
2017-04-11 01:56:00,2017-04-10 21:56:24,1009.4
2017-04-11 01:57:00,2017-04-10 21:57:12,1009.6
2017-04-11 01:58:00,2017-04-10 21:58:00,1009.4
2017-04-11 01:59:00,2017-04-10 21:59:36,1009.3
2017-04-11 02:00:00,2017-04-10 22:00:24,1009.4
2017-04-11 02:02:00,2017-04-10 22:01:12,1009.3
2017-04-11 02:02:00,2017-04-10 22:02:48,1009.1
2017-04-11 02:03:00,2017-04-10 22:03:36,1009.2
2017-04-11 02:04:00,2017-04-10 22:04:24,1009.1
2017-04-11 02:05:00,2017-04-10 22:05:12,1009.1
2017-04-11 02:06:00,2017-04-10 22:06:00,1009.1
2017-04-11 02:06:00,2017-04-10 22:06:48,1008.9
2017-04-11 02:07:00,2017-04-10 22:07:36,1009.3
2017-04-11 02:08:00,2017-04-10 22:08:24,1009.0
2017-04-11 02:09:00,2017-04-10 22:09:12,1009.1
2017-04-11 02:10:00,2017-04-10 22:10:00,1009.0
2017-04-11 02:10:00,2017-04-10 22:10:48,1009.2
2017-04-11 02:11:00,2017-04-10 22:11:36,1009.1
2017-04-11 02:12:00,2017-04-10 22:12:24,1009.2
2017-04-11 02:13:00,2017-04-10 22:13:12,1009.0
2017-04-11 02:14:00,2017-04-10 22:14:00,1009.1
2017-04-11 02:14:00,2017-04-10 22:14:48,1009.2
2017-04-11 02:15:00,2017-04-10 22:15:36,1009.1
2017-04-11 02:16:00,2017-04-10 22:16:24,1009.1
2017-04-11 02:17:00,2017-04-10 22:17:12,1009.3
2017-04-11 02:18:00,2017-04-10 22:18:48,1009.3
2017-04-11 02:19:00,2017-04-10 22:19:36,1009.1
2017-04-11 02:20:00,2017-04-10 22:20:24,1009.2
2017-04-11 02:21:00,2017-04-10 22:21:12,1009.3
2017-04-11 02:22:00,2017-04-10 22:22:00,1009.4
2017-04-11 02:22:00,2017-04-10 22:22:48,1009.3
2017-04-11 02:23:00,2017-04-10 22:23:36,1009.3
2017-04-11 02:24:00,2017-04-10 22:24:24,1009.3
2017-04-11 02:25:00,2017-04-10 22:25:12,1009.3
2017-04-11 02:26:00,2017-04-10 22:26:00,1009.5
2017-04-11 02:26:00,2017-04-10 22:26:48,1009.2
2017-04-11 02:27:00,2017-04-10 22:27:36,1009.2
2017-04-11 02:28:00,2017-04-10 22:28:24,1009.2
2017-04-11 02:29:00,2017-04-10 22:29:12,1009.3
2017-04-11 02:30:00,2017-04-10 22:30:00,1009.2
2017-04-11 02:30:00,2017-04-10 22:30:48,1009.3
2017-04-11 02:31:00,2017-04-10 22:31:36,1009.2
2017-04-11 02:32:00,2017-04-10 22:32:24,1009.3
2017-04-11 03:01:00,2017-04-10 23:01:12,1009.6
2017-04-11 03:02:00,2017-04-10 23:02:00,1009.8
2017-04-11 03:02:00,2017-04-10 23:02:48,1009.5
2017-04-11 03:03:00,2017-04-10 23:03:36,1009.6
2017-04-11 03:04:00,2017-04-10 23:04:24,1009.6
2017-04-11 03:05:00,2017-04-10 23:05:12,1009.5
2017-04-11 03:06:00,2017-04-10 23:06:00,1009.4
2017-04-11 03:06:00,2017-04-10 23:06:48,1009.5
2017-04-11 03:07:00,2017-04-10 23:07:36,1009.5
2017-04-11 03:08:00,2017-04-10 23:08:24,1009.6
2017-04-11 03:09:00,2017-04-10 23:09:12,1009.4
2017-04-11 03:10:00,2017-04-10 23:10:00,1009.4
2017-04-11 03:10:00,2017-04-10 23:10:48,1009.7
2017-04-11 03:11:00,2017-04-10 23:11:36,1009.3
2017-04-11 03:12:00,2017-04-10 23:12:24,1009.5
2017-04-11 03:13:00,2017-04-10 23:13:12,1009.6
2017-04-11 03:14:00,2017-04-10 23:14:00,1009.7
2017-04-11 03:14:00,2017-04-10 23:14:48,1009.6
2017-04-11 03:15:00,2017-04-10 23:15:36,1009.7
2017-04-11 03:16:00,2017-04-10 23:16:24,1009.8
2017-04-11 03:17:00,2017-04-10 23:17:12,1009.7
2017-04-11 03:18:00,2017-04-10 23:18:00,1009.6
2017-04-11 03:18:00,2017-04-10 23:18:48,1009.8
2017-04-11 03:19:00,2017-04-10 23:19:36,1009.6
2017-04-11 03:20:00,2017-04-10 23:20:24,1009.7
2017-04-11 03:22:00,2017-04-10 23:22:00,1009.6
2017-04-11 03:22:00,2017-04-10 23:22:48,1009.8
2017-04-11 04:02:00,2017-04-10 23:26:12,1009.5
2017-04-11 04:02:00,2017-04-10 23:27:12,1009.7
2017-04-11 04:02:00,2017-04-10 23:28:12,1009.7
2017-04-11 04:02:00,2017-04-10 23:30:12,1009.8
2017-04-11 04:02:00,2017-04-10 23:31:12,1009.6
2017-04-11 04:02:00,2017-04-10 23:32:12,1009.8
2017-04-11 04:02:00,2017-04-10 23:34:12,1009.7
2017-04-11 04:02:00,2017-04-10 23:35:12,1009.7
2017-04-11 04:02:00,2017-04-10 23:36:12,1009.7
2017-04-11 04:02:00,2017-04-10 23:38:12,1009.6
2017-04-11 04:02:00,2017-04-10 23:39:12,1009.7
2017-04-11 04:02:00,2017-04-10 23:40:12,1009.7
2017-04-11 04:02:00,2017-04-10 23:42:12,1009.8
2017-04-11 04:02:00,2017-04-10 23:43:12,1009.7
2017-04-11 04:02:00,2017-04-10 23:44:12,1009.6
2017-04-11 04:02:00,2017-04-10 23:46:12,1009.6
2017-04-11 04:02:00,2017-04-10 23:47:12,1009.5
2017-04-11 04:02:00,2017-04-10 23:48:12,1009.7
2017-04-11 04:02:00,2017-04-10 23:50:12,1009.7
2017-04-11 04:02:00,2017-04-10 23:51:12,1009.6
2017-04-11 04:02:00,2017-04-10 23:52:12,1009.6
2017-04-11 04:02:00,2017-04-10 23:54:12,1009.5
2017-04-11 04:02:00,2017-04-10 23:55:12,1009.8
2017-04-11 04:02:00,2017-04-10 23:56:12,1009.7
2017-04-11 04:02:00,2017-04-10 23:58:12,1009.6
2017-04-11 04:02:00,2017-04-10 23:59:12,1009.6
2017-04-11 04:02:00,2017-04-11 00:00:12,1009.5
2017-04-11 04:02:00,2017-04-11 00:01:12,1009.7
2017-04-11 04:02:00,2017-04-11 00:02:00,1009.7
2017-04-11 04:02:00,2017-04-11 00:02:48,1009.6
2017-04-11 04:03:00,2017-04-11 00:03:36,1009.4
2017-04-11 04:06:00,2017-04-11 00:05:12,1009.6
2017-04-11 04:06:00,2017-04-11 00:06:00,1009.6
2017-04-11 04:06:00,2017-04-11 00:06:48,1009.4
2017-04-11 04:07:00,2017-04-11 00:07:36,1009.5
2017-04-11 04:08:00,2017-04-11 00:08:24,1009.4
2017-04-11 04:10:00,2017-04-11 00:09:12,1009.6
2017-04-11 04:10:00,2017-04-11 00:10:48,1009.5
2017-04-11 04:11:00,2017-04-11 00:11:36,1009.5
2017-04-11 04:12:00,2017-04-11 00:12:24,1009.4
2017-04-11 04:15:00,2017-04-11 00:13:12,1009.4
2017-04-11 04:15:00,2017-04-11 00:14:12,1009.4
2017-04-11 04:15:00,2017-04-11 00:15:36,1009.4
2017-04-11 04:18:00,2017-04-11 00:17:12,1009.2
2017-04-11 04:18:00,2017-04-11 00:18:00,1009.2
2017-04-11 04:18:00,2017-04-11 00:18:48,1009.3
2017-04-11 04:19:00,2017-04-11 00:19:36,1009.2
2017-04-11 04:20:00,2017-04-11 00:20:24,1009.2
2017-04-11 04:22:00,2017-04-11 00:21:12,1009.2
2017-04-11 04:22:00,2017-04-11 00:22:48,1009.3
2017-04-11 04:23:00,2017-04-11 00:23:36,1009.3
2017-04-11 04:24:00,2017-04-11 00:24:24,1009.2
2017-04-11 04:26:00,2017-04-11 00:25:12,1009.2
2017-04-11 04:26:00,2017-04-11 00:26:00,1009.2
2017-04-11 04:26:00,2017-04-11 00:26:48,1009.1
2017-04-11 04:27:00,2017-04-11 00:27:36,1009.3
2017-04-11 04:28:00,2017-04-11 00:28:24,1009.4
2017-04-11 04:30:00,2017-04-11 00:29:12,1009.2
2017-04-11 04:30:00,2017-04-11 00:30:00,1009.3
2017-04-11 04:30:00,2017-04-11 00:30:48,1009.3
2017-04-11 04:31:00,2017-04-11 00:31:36,1009.2
2017-04-11 04:32:00,2017-04-11 00:32:24,1009.1
2017-04-11 04:34:00,2017-04-11 00:33:12,1009.0
2017-04-11 04:34:00,2017-04-11 00:34:00,1009.1
2017-04-11 04:34:00,2017-04-11 00:34:48,1009.0
2017-04-11 04:35:00,2017-04-11 00:35:36,1009.0
2017-04-11 04:36:00,2017-04-11 00:36:24,1009.0
2017-04-11 04:38:00,2017-04-11 00:37:12,1009.0
2017-04-11 04:38:00,2017-04-11 00:38:00,1008.9
2017-04-11 04:38:00,2017-04-11 00:38:48,1009.0
2017-04-11 04:39:00,2017-04-11 00:39:36,1009.0
2017-04-11 04:40:00,2017-04-11 00:40:24,1009.1
2017-04-11 04:42:00,2017-04-11 00:41:12,1009.1
2017-04-11 04:42:00,2017-04-11 00:42:00,1009.1
2017-04-11 04:42:00,2017-04-11 00:42:48,1009.2
2017-04-11 04:43:00,2017-04-11 00:43:36,1009.1
2017-04-11 04:44:00,2017-04-11 00:44:24,1009.1
2017-04-11 04:45:00,2017-04-11 00:45:12,1009.4
2017-04-11 04:46:00,2017-04-11 00:46:00,1009.4
2017-04-11 04:46:00,2017-04-11 00:46:48,1009.2
2017-04-11 04:47:00,2017-04-11 00:47:36,1009.4
2017-04-11 04:48:00,2017-04-11 00:48:24,1009.2
2017-04-11 04:50:00,2017-04-11 00:49:12,1009.5
2017-04-11 04:50:00,2017-04-11 00:50:00,1009.4
2017-04-11 04:50:00,2017-04-11 00:50:48,1009.4
2017-04-11 04:51:00,2017-04-11 00:51:36,1009.4
2017-04-11 04:52:00,2017-04-11 00:52:24,1009.4
2017-04-11 04:54:00,2017-04-11 00:53:12,1009.2
2017-04-11 04:54:00,2017-04-11 00:54:00,1009.3
2017-04-11 04:54:00,2017-04-11 00:54:48,1009.4
2017-04-11 04:55:00,2017-04-11 00:55:36,1009.4
2017-04-11 04:56:00,2017-04-11 00:56:24,1009.4
2017-04-11 04:58:00,2017-04-11 00:57:12,1009.5
2017-04-11 04:58:00,2017-04-11 00:58:00,1009.4
2017-04-11 04:58:00,2017-04-11 00:58:48,1009.4
2017-04-11 04:59:00,2017-04-11 00:59:36,1009.6
2017-04-11 05:00:00,2017-04-11 01:00:24,1009.5
2017-04-11 05:02:00,2017-04-11 01:01:12,1009.4
2017-04-11 05:02:00,2017-04-11 01:02:00,1009.3
2017-04-11 05:02:00,2017-04-11 01:02:48,1009.3
2017-04-11 05:04:00,2017-04-11 01:04:24,1009.4
2017-04-11 05:06:00,2017-04-11 01:05:12,1009.4
2017-04-11 05:06:00,2017-04-11 01:06:00,1009.5
2017-04-11 05:07:00,2017-04-11 01:07:36,1009.5
2017-04-11 05:08:00,2017-04-11 01:08:24,1009.5
2017-04-11 05:10:00,2017-04-11 01:09:12,1009.5
2017-04-11 05:10:00,2017-04-11 01:10:00,1009.5
2017-04-11 05:10:00,2017-04-11 01:10:48,1009.6
2017-04-11 05:11:00,2017-04-11 01:11:36,1009.5
2017-04-11 05:12:00,2017-04-11 01:12:24,1009.4
2017-04-11 05:14:00,2017-04-11 01:13:12,1009.4
2017-04-11 05:14:00,2017-04-11 01:14:00,1009.5
2017-04-11 05:14:00,2017-04-11 01:14:48,1009.5
2017-04-11 05:15:00,2017-04-11 01:15:36,1009.4
2017-04-11 05:16:00,2017-04-11 01:16:24,1009.5
2017-04-11 05:18:00,2017-04-11 01:17:12,1009.3
2017-04-11 05:18:00,2017-04-11 01:18:00,1009.4
2017-04-11 05:18:00,2017-04-11 01:18:48,1009.5
2017-04-11 05:19:00,2017-04-11 01:19:36,1009.3
2017-04-11 05:20:00,2017-04-11 01:20:24,1009.5
2017-04-11 05:22:00,2017-04-11 01:21:12,1009.4
2017-04-11 05:22:00,2017-04-11 01:22:00,1009.4
2017-04-11 05:22:00,2017-04-11 01:22:48,1009.3
2017-04-11 05:23:00,2017-04-11 01:23:36,1009.0
2017-04-11 05:24:00,2017-04-11 01:24:24,1009.1
2017-04-11 05:26:00,2017-04-11 01:25:12,1008.9
2017-04-11 05:26:00,2017-04-11 01:26:00,1009.1
2017-04-11 05:26:00,2017-04-11 01:26:48,1009.1
2017-04-11 05:27:00,2017-04-11 01:27:36,1009.2
2017-04-11 05:28:00,2017-04-11 01:28:24,1009.2
2017-04-11 05:30:00,2017-04-11 01:29:12,1009.2
2017-04-11 05:30:00,2017-04-11 01:30:00,1009.2
2017-04-11 05:30:00,2017-04-11 01:30:48,1009.2
2017-04-11 05:31:00,2017-04-11 01:31:36,1009.3
2017-04-11 05:32:00,2017-04-11 01:32:24,1009.2
2017-04-11 05:34:00,2017-04-11 01:33:12,1009.3
2017-04-11 05:34:00,2017-04-11 01:34:00,1009.3
2017-04-11 05:34:00,2017-04-11 01:34:48,1009.3
2017-04-11 05:36:00,2017-04-11 01:36:24,1009.2
2017-04-11 05:37:00,2017-04-11 01:37:12,1016.7
2017-04-11 05:38:00,2017-04-11 01:38:02,1009.4
2017-04-11 05:38:00,2017-04-11 01:38:50,1009.4
2017-04-11 05:39:00,2017-04-11 01:39:38,1009.3
2017-04-11 05:40:00,2017-04-11 01:40:26,1009.4
2017-04-11 05:42:00,2017-04-11 01:41:12,1009.3
2017-04-11 05:42:00,2017-04-11 01:42:02,1009.5
2017-04-11 05:43:00,2017-04-11 01:43:38,1009.4
2017-04-11 05:44:00,2017-04-11 01:44:26,1009.5
2017-04-11 05:46:00,2017-04-11 01:45:12,1009.4
2017-04-11 05:46:00,2017-04-11 01:46:02,1009.6
2017-04-11 05:46:00,2017-04-11 01:46:50,1009.5
2017-04-11 05:50:00,2017-04-11 01:48:12,1009.5
2017-04-11 05:50:00,2017-04-11 01:49:12,1009.4
2017-04-11 05:50:00,2017-04-11 01:50:02,1009.2
2017-04-11 05:50:00,2017-04-11 01:50:50,1009.5
2017-04-11 05:51:00,2017-04-11 01:51:38,1009.3
2017-04-11 05:52:00,2017-04-11 01:52:26,1009.5
2017-04-11 05:54:00,2017-04-11 01:53:12,1009.4
2017-04-11 05:54:00,2017-04-11 01:54:02,1009.3
2017-04-11 05:54:00,2017-04-11 01:54:50,1009.3
2017-04-11 05:55:00,2017-04-11 01:55:38,1009.5
2017-04-11 05:56:00,2017-04-11 01:56:26,1009.4
2017-04-11 05:58:00,2017-04-11 01:57:12,1009.6
2017-04-11 05:58:00,2017-04-11 01:58:02,1009.4
2017-04-11 05:59:00,2017-04-11 01:59:38,1009.3
2017-04-11 06:00:00,2017-04-11 02:00:26,1009.4
2017-04-11 06:02:00,2017-04-11 02:01:12,1009.5
2017-04-11 06:02:00,2017-04-11 02:02:02,1009.4
2017-04-11 06:03:00,2017-04-11 02:03:38,1009.3
2017-04-11 06:04:00,2017-04-11 02:04:26,1009.3
2017-04-11 06:06:00,2017-04-11 02:05:12,1009.3
2017-04-11 06:06:00,2017-04-11 02:06:02,1009.3
2017-04-11 06:06:00,2017-04-11 02:06:50,1009.1
2017-04-11 06:07:00,2017-04-11 02:07:38,1009.4
2017-04-11 06:08:00,2017-04-11 02:08:26,1009.3
2017-04-11 06:10:00,2017-04-11 02:09:12,1009.4
2017-04-11 06:10:00,2017-04-11 02:10:02,1009.4
2017-04-11 06:10:00,2017-04-11 02:10:50,1009.3
2017-04-11 06:11:00,2017-04-11 02:11:38,1009.4
2017-04-11 06:12:00,2017-04-11 02:12:26,1009.3
2017-04-11 06:13:00,2017-04-11 02:13:14,1009.3
2017-04-11 06:14:00,2017-04-11 02:14:02,1009.2
2017-04-11 06:14:00,2017-04-11 02:14:50,1009.4
2017-04-11 06:15:00,2017-04-11 02:15:38,1009.3
2017-04-11 06:16:00,2017-04-11 02:16:26,1009.4
2017-04-11 06:18:00,2017-04-11 02:17:12,1009.5
2017-04-11 06:18:00,2017-04-11 02:18:02,1009.4
2017-04-11 06:18:00,2017-04-11 02:18:50,1009.4
2017-04-11 06:19:00,2017-04-11 02:19:38,1009.6
2017-04-11 06:20:00,2017-04-11 02:20:26,1009.5
2017-04-11 06:21:00,2017-04-11 02:21:14,1009.5
2017-04-11 06:22:00,2017-04-11 02:22:02,1009.6
2017-04-11 06:22:00,2017-04-11 02:22:50,1009.7
2017-04-11 06:23:00,2017-04-11 02:23:38,1009.8
2017-04-11 06:24:00,2017-04-11 02:24:26,1009.7
2017-04-11 06:26:00,2017-04-11 02:25:12,1009.5
2017-04-11 06:26:00,2017-04-11 02:26:02,1009.7
2017-04-11 06:26:00,2017-04-11 02:26:50,1009.6
2017-04-11 06:27:00,2017-04-11 02:27:38,1009.5
2017-04-11 06:28:00,2017-04-11 02:28:26,1009.7
2017-04-11 06:29:00,2017-04-11 02:29:14,1009.8
2017-04-11 06:30:00,2017-04-11 02:30:02,1009.7
2017-04-11 06:30:00,2017-04-11 02:30:50,1009.7
2017-04-11 06:31:00,2017-04-11 02:31:38,1009.7
2017-04-11 06:32:00,2017-04-11 02:32:26,1009.7
2017-04-11 06:34:00,2017-04-11 02:33:12,1009.8
2017-04-11 06:34:00,2017-04-11 02:34:02,1009.8
2017-04-11 06:34:00,2017-04-11 02:34:50,1009.9
2017-04-11 06:35:00,2017-04-11 02:35:38,1009.9
2017-04-11 06:36:00,2017-04-11 02:36:26,1009.8
2017-04-11 06:37:00,2017-04-11 02:37:14,1010.2
2017-04-11 06:38:00,2017-04-11 02:38:02,1010.1
2017-04-11 06:38:00,2017-04-11 02:38:50,1010.0
2017-04-11 06:39:00,2017-04-11 02:39:38,1010.1
2017-04-11 06:40:00,2017-04-11 02:40:26,1010.1
2017-04-11 06:42:00,2017-04-11 02:41:12,1010.1
2017-04-11 06:42:00,2017-04-11 02:42:02,1010.3
2017-04-11 06:42:00,2017-04-11 02:42:50,1010.2
2017-04-11 06:43:00,2017-04-11 02:43:38,1010.3
2017-04-11 06:44:00,2017-04-11 02:44:26,1010.3
2017-04-11 06:46:00,2017-04-11 02:45:12,1010.2
2017-04-11 06:46:00,2017-04-11 02:46:02,1010.3
2017-04-11 06:46:00,2017-04-11 02:46:50,1010.2
2017-04-11 06:47:00,2017-04-11 02:47:38,1010.2
2017-04-11 06:48:00,2017-04-11 02:48:26,1010.1
2017-04-11 06:50:00,2017-04-11 02:49:12,1010.3
2017-04-11 06:50:00,2017-04-11 02:50:02,1010.3
2017-04-11 06:50:00,2017-04-11 02:50:50,1010.4
2017-04-11 06:51:00,2017-04-11 02:51:38,1010.4
2017-04-11 06:52:00,2017-04-11 02:52:26,1010.4
2017-04-11 06:54:00,2017-04-11 02:53:12,1010.5
2017-04-11 06:54:00,2017-04-11 02:54:02,1010.5
2017-04-11 06:54:00,2017-04-11 02:54:50,1010.4
2017-04-11 06:55:00,2017-04-11 02:55:38,1010.5
2017-04-11 06:56:00,2017-04-11 02:56:26,1010.6
2017-04-11 06:57:00,2017-04-11 02:57:14,1010.7
2017-04-11 06:58:00,2017-04-11 02:58:02,1010.6
2017-04-11 06:58:00,2017-04-11 02:58:50,1010.6
2017-04-11 06:59:00,2017-04-11 02:59:38,1010.8
2017-04-11 07:00:00,2017-04-11 03:00:26,1010.8
2017-04-11 07:01:00,2017-04-11 03:01:14,1010.9
2017-04-11 07:02:00,2017-04-11 03:02:02,1010.9
2017-04-11 07:02:00,2017-04-11 03:02:50,1010.8
2017-04-11 07:03:00,2017-04-11 03:03:38,1010.7
2017-04-11 07:04:00,2017-04-11 03:04:26,1010.9
2017-04-11 07:05:00,2017-04-11 03:05:14,1010.8
2017-04-11 07:06:00,2017-04-11 03:06:02,1011.0
2017-04-11 07:06:00,2017-04-11 03:06:50,1010.9
2017-04-11 07:07:00,2017-04-11 03:07:38,1010.9
2017-04-11 07:08:00,2017-04-11 03:08:26,1010.9
2017-04-11 07:10:00,2017-04-11 03:09:12,1011.0
2017-04-11 07:10:00,2017-04-11 03:10:02,1011.0
2017-04-11 07:10:00,2017-04-11 03:10:50,1011.2
2017-04-11 07:11:00,2017-04-11 03:11:38,1011.1
2017-04-11 07:12:00,2017-04-11 03:12:26,1011.3
2017-04-11 07:14:00,2017-04-11 03:13:12,1011.4
2017-04-11 07:14:00,2017-04-11 03:14:02,1011.3
2017-04-11 07:14:00,2017-04-11 03:14:50,1011.2
2017-04-11 07:15:00,2017-04-11 03:15:38,1011.6
2017-04-11 07:16:00,2017-04-11 03:16:26,1011.4
2017-04-11 07:18:00,2017-04-11 03:17:12,1011.4
2017-04-11 07:18:00,2017-04-11 03:18:02,1011.5
2017-04-11 07:18:00,2017-04-11 03:18:50,1011.5
2017-04-11 07:19:00,2017-04-11 03:19:38,1011.8
2017-04-11 07:20:00,2017-04-11 03:20:25,1011.8
2017-04-11 07:22:00,2017-04-11 03:21:12,1011.6
2017-04-11 07:22:00,2017-04-11 03:22:02,1011.6
2017-04-11 07:22:00,2017-04-11 03:22:50,1011.7
2017-04-11 07:23:00,2017-04-11 03:23:38,1011.7
2017-04-11 07:24:00,2017-04-11 03:24:26,1011.6
2017-04-11 07:26:00,2017-04-11 03:25:12,1011.6
2017-04-11 07:26:00,2017-04-11 03:26:02,1011.7
2017-04-11 07:26:00,2017-04-11 03:26:50,1011.7
2017-04-11 07:27:00,2017-04-11 03:27:38,1011.6
2017-04-11 07:28:00,2017-04-11 03:28:26,1011.7
2017-04-11 07:30:00,2017-04-11 03:29:12,1011.5
2017-04-11 07:30:00,2017-04-11 03:30:02,1011.7
2017-04-11 07:30:00,2017-04-11 03:30:50,1011.5
2017-04-11 07:31:00,2017-04-11 03:31:38,1011.7
2017-04-11 07:32:00,2017-04-11 03:32:26,1011.7
2017-04-11 07:34:00,2017-04-11 03:33:12,1011.6
2017-04-11 07:34:00,2017-04-11 03:34:02,1011.7
2017-04-11 07:34:00,2017-04-11 03:34:50,1011.7
2017-04-11 07:35:00,2017-04-11 03:35:38,1011.8
2017-04-11 07:36:00,2017-04-11 03:36:26,1011.8
2017-04-11 07:38:00,2017-04-11 03:37:12,1011.9
2017-04-11 07:38:00,2017-04-11 03:38:02,1011.7
2017-04-11 07:38:00,2017-04-11 03:38:50,1011.7
2017-04-11 07:39:00,2017-04-11 03:39:38,1011.7
2017-04-11 07:40:00,2017-04-11 03:40:26,1011.7
2017-04-11 07:41:00,2017-04-11 03:41:14,1011.7
2017-04-11 07:42:00,2017-04-11 03:42:02,1011.9
2017-04-11 07:42:00,2017-04-11 03:42:50,1011.8
2017-04-11 07:43:00,2017-04-11 03:43:38,1011.7
2017-04-11 07:44:00,2017-04-11 03:44:26,1011.8
2017-04-11 07:46:00,2017-04-11 03:45:12,1011.9
2017-04-11 07:46:00,2017-04-11 03:46:02,1011.8
2017-04-11 07:46:00,2017-04-11 03:46:50,1011.8
2017-04-11 07:47:00,2017-04-11 03:47:38,1011.8
2017-04-11 07:48:00,2017-04-11 03:48:26,1011.7
2017-04-11 07:49:00,2017-04-11 03:49:14,1011.9
2017-04-11 07:50:00,2017-04-11 03:50:02,1011.9
2017-04-11 07:50:00,2017-04-11 03:50:50,1012.0
2017-04-11 07:51:00,2017-04-11 03:51:38,1012.0
2017-04-11 07:52:00,2017-04-11 03:52:26,1012.0
2017-04-11 07:53:00,2017-04-11 03:53:14,1011.9
2017-04-11 07:54:00,2017-04-11 03:54:02,1012.0
2017-04-11 07:54:00,2017-04-11 03:54:50,1011.9
2017-04-11 07:55:00,2017-04-11 03:55:38,1011.9
2017-04-11 07:56:00,2017-04-11 03:56:26,1012.1
2017-04-11 07:57:00,2017-04-11 03:57:14,1012.0
2017-04-11 07:58:00,2017-04-11 03:58:02,1012.0
2017-04-11 08:02:00,2017-04-11 03:59:12,1012.0
2017-04-11 08:02:00,2017-04-11 04:00:12,1012.0
2017-04-11 08:02:00,2017-04-11 04:01:12,1012.2
2017-04-11 08:02:00,2017-04-11 04:02:02,1012.1
2017-04-11 08:03:00,2017-04-11 04:03:38,1012.2
2017-04-11 08:04:00,2017-04-11 04:04:26,1012.1
2017-04-11 08:05:00,2017-04-11 04:05:14,1012.2
2017-04-11 08:06:00,2017-04-11 04:06:02,1012.2
2017-04-11 08:06:00,2017-04-11 04:06:50,1012.1
2017-04-11 08:07:00,2017-04-11 04:07:38,1012.1
2017-04-11 08:08:00,2017-04-11 04:08:26,1012.2
2017-04-11 08:10:00,2017-04-11 04:09:12,1012.1
2017-04-11 08:10:00,2017-04-11 04:10:02,1012.1
2017-04-11 08:10:00,2017-04-11 04:10:50,1012.1
2017-04-11 08:11:00,2017-04-11 04:11:38,1012.2
2017-04-11 08:12:00,2017-04-11 04:12:26,1012.0
2017-04-11 08:13:00,2017-04-11 04:13:14,1012.1
2017-04-11 08:14:00,2017-04-11 04:14:02,1012.1
2017-04-11 08:14:00,2017-04-11 04:14:50,1012.3
2017-04-11 08:15:00,2017-04-11 04:15:38,1012.1
2017-04-11 08:16:00,2017-04-11 04:16:26,1012.2
2017-04-11 08:17:00,2017-04-11 04:17:14,1018.0
2017-04-11 08:18:00,2017-04-11 04:18:02,1012.2
2017-04-11 08:18:00,2017-04-11 04:18:50,1012.2
2017-04-11 09:02:00,2017-04-11 04:20:12,1012.2
2017-04-11 09:02:00,2017-04-11 04:25:12,1012.4
2017-04-11 09:02:00,2017-04-11 04:26:12,1012.3
2017-04-11 09:02:00,2017-04-11 04:32:12,1012.5
2017-04-11 09:02:00,2017-04-11 04:41:12,1012.7
2017-04-11 09:02:00,2017-04-11 04:43:12,1012.5
2017-04-11 09:02:00,2017-04-11 04:44:12,1012.7
2017-04-11 09:02:00,2017-04-11 04:45:12,1012.6
2017-04-11 09:02:00,2017-04-11 04:47:12,1012.6
2017-04-11 09:02:00,2017-04-11 04:48:12,1012.7
2017-04-11 09:02:00,2017-04-11 04:49:12,1012.7
2017-04-11 09:02:00,2017-04-11 04:50:12,1012.6
2017-04-11 09:02:00,2017-04-11 04:51:12,1012.6
2017-04-11 09:02:00,2017-04-11 04:52:12,1012.5
2017-04-11 09:02:00,2017-04-11 04:53:12,1012.7
2017-04-11 09:02:00,2017-04-11 04:54:12,1012.7
2017-04-11 09:02:00,2017-04-11 04:55:12,1012.6
2017-04-11 09:02:00,2017-04-11 04:56:12,1012.6
2017-04-11 09:02:00,2017-04-11 04:57:12,1012.7
2017-04-11 09:02:00,2017-04-11 04:58:12,1012.6
2017-04-11 09:02:00,2017-04-11 04:59:12,1012.5
2017-04-11 09:02:00,2017-04-11 05:00:12,1012.7
2017-04-11 09:02:00,2017-04-11 05:01:12,1012.7
2017-04-11 09:02:00,2017-04-11 05:02:02,1012.8
2017-04-11 09:02:00,2017-04-11 05:02:50,1012.8
2017-04-11 09:03:00,2017-04-11 05:03:38,1012.8
2017-04-11 09:04:00,2017-04-11 05:04:26,1012.7
2017-04-11 09:05:00,2017-04-11 05:05:14,1012.8
2017-04-11 09:06:00,2017-04-11 05:06:50,1012.8
2017-04-11 09:07:00,2017-04-11 05:07:38,1012.8
2017-04-11 09:08:00,2017-04-11 05:08:26,1012.9
2017-04-11 09:09:00,2017-04-11 05:09:14,1012.8
2017-04-11 09:10:00,2017-04-11 05:10:02,1012.8
2017-04-11 09:10:00,2017-04-11 05:10:50,1012.9
2017-04-11 09:11:00,2017-04-11 05:11:38,1012.9
2017-04-11 09:12:00,2017-04-11 05:12:26,1012.9
2017-04-11 09:14:00,2017-04-11 05:13:12,1012.9
2017-04-11 09:14:00,2017-04-11 05:14:02,1013.0
2017-04-11 09:14:00,2017-04-11 05:14:50,1012.9
2017-04-11 09:15:00,2017-04-11 05:15:38,1013.0
2017-04-11 09:16:00,2017-04-11 05:16:26,1012.9
2017-04-11 09:18:00,2017-04-11 05:17:12,1012.9
2017-04-11 09:18:00,2017-04-11 05:18:02,1013.0
2017-04-11 09:18:00,2017-04-11 05:18:50,1013.0
2017-04-11 09:19:00,2017-04-11 05:19:38,1012.9
2017-04-11 09:20:00,2017-04-11 05:20:26,1013.1
2017-04-11 09:21:00,2017-04-11 05:21:14,1012.9
2017-04-11 09:22:00,2017-04-11 05:22:02,1013.1
2017-04-11 09:22:00,2017-04-11 05:22:50,1013.0
2017-04-11 09:23:00,2017-04-11 05:23:38,1013.1
2017-04-11 09:24:00,2017-04-11 05:24:26,1013.1
2017-04-11 09:25:00,2017-04-11 05:25:14,1018.5
2017-04-11 09:26:00,2017-04-11 05:26:02,1013.3
2017-04-11 09:26:00,2017-04-11 05:26:50,1013.1
2017-04-11 09:27:00,2017-04-11 05:27:38,1013.1
2017-04-11 09:28:00,2017-04-11 05:28:26,1013.2
2017-04-11 09:30:00,2017-04-11 05:29:12,1013.1
2017-04-11 09:30:00,2017-04-11 05:30:02,1013.1
2017-04-11 09:30:00,2017-04-11 05:30:50,1013.3
2017-04-11 09:31:00,2017-04-11 05:31:38,1013.1
2017-04-11 09:32:00,2017-04-11 05:32:26,1013.2
2017-04-11 09:34:00,2017-04-11 05:33:12,1013.3
2017-04-11 09:34:00,2017-04-11 05:34:02,1013.3
2017-04-11 09:34:00,2017-04-11 05:34:50,1013.2
2017-04-11 09:36:00,2017-04-11 05:36:56,1013.2
2017-04-11 09:38:00,2017-04-11 05:38:50,1013.3
2017-04-11 09:39:00,2017-04-11 05:39:38,1013.4
2017-04-11 09:40:00,2017-04-11 05:40:26,1013.5
2017-04-11 09:41:00,2017-04-11 05:41:14,1013.3
2017-04-11 09:42:00,2017-04-11 05:42:02,1013.2
2017-04-11 09:42:00,2017-04-11 05:42:50,1013.3
2017-04-11 09:43:00,2017-04-11 05:43:38,1013.4
2017-04-11 09:44:00,2017-04-11 05:44:26,1013.2
2017-04-11 09:46:00,2017-04-11 05:45:12,1013.2
2017-04-11 09:46:00,2017-04-11 05:46:02,1013.3
2017-04-11 10:02:00,2017-04-11 06:02:02,1013.3
2017-04-11 10:02:00,2017-04-11 06:02:51,1013.4
2017-04-11 10:03:00,2017-04-11 06:03:39,1013.5
2017-04-11 10:04:00,2017-04-11 06:04:27,1013.6
2017-04-11 10:06:00,2017-04-11 06:05:12,1013.6
2017-04-11 10:06:00,2017-04-11 06:06:03,1013.4
2017-04-11 10:06:00,2017-04-11 06:06:51,1013.5
2017-04-11 10:07:00,2017-04-11 06:07:39,1013.5
2017-04-11 10:08:00,2017-04-11 06:08:27,1013.6
2017-04-11 10:09:00,2017-04-11 06:09:15,1018.6
2017-04-11 10:10:00,2017-04-11 06:10:03,1013.4
2017-04-11 10:10:00,2017-04-11 06:10:51,1013.4
2017-04-11 10:11:00,2017-04-11 06:11:39,1013.4
2017-04-11 10:12:00,2017-04-11 06:12:27,1013.4
2017-04-11 10:13:00,2017-04-11 06:13:15,1018.6
2017-04-11 10:14:00,2017-04-11 06:14:02,1013.5
2017-04-11 10:14:00,2017-04-11 06:14:50,1013.6
2017-04-11 10:15:00,2017-04-11 06:15:38,1013.6
2017-04-11 10:16:00,2017-04-11 06:16:26,1013.6
2017-04-11 10:17:00,2017-04-11 06:17:14,1018.5
2017-04-11 10:18:00,2017-04-11 06:18:03,1013.6
2017-04-11 10:18:00,2017-04-11 06:18:51,1013.4
2017-04-11 10:19:00,2017-04-11 06:19:39,1013.7
2017-04-11 10:20:00,2017-04-11 06:20:27,1013.7
2017-04-11 10:21:00,2017-04-11 06:21:15,1013.6
2017-04-11 10:22:00,2017-04-11 06:22:03,1013.8
2017-04-11 10:22:00,2017-04-11 06:22:51,1013.7
2017-04-11 10:23:00,2017-04-11 06:23:39,1013.7
2017-04-11 10:24:00,2017-04-11 06:24:27,1013.6
2017-04-11 10:25:00,2017-04-11 06:25:15,1013.6
2017-04-11 10:26:00,2017-04-11 06:26:03,1013.7
2017-04-11 10:26:00,2017-04-11 06:26:51,1013.9
2017-04-11 10:27:00,2017-04-11 06:27:39,1013.7
2017-04-11 10:28:00,2017-04-11 06:28:27,1013.8
2017-04-11 10:30:00,2017-04-11 06:29:12,1013.9
2017-04-11 10:30:00,2017-04-11 06:30:03,1013.8
2017-04-11 10:30:00,2017-04-11 06:30:51,1014.0
2017-04-11 10:31:00,2017-04-11 06:31:39,1013.9
2017-04-11 10:32:00,2017-04-11 06:32:27,1013.9
2017-04-11 10:34:00,2017-04-11 06:33:12,1013.8
2017-04-11 10:34:00,2017-04-11 06:34:03,1013.8
2017-04-11 10:34:00,2017-04-11 06:34:51,1013.7
2017-04-11 10:35:00,2017-04-11 06:35:39,1013.7
2017-04-11 10:36:00,2017-04-11 06:36:27,1013.7
2017-04-11 10:38:00,2017-04-11 06:37:12,1013.9
2017-04-11 10:38:00,2017-04-11 06:38:03,1014.0
2017-04-11 10:38:00,2017-04-11 06:38:51,1014.1
2017-04-11 10:39:00,2017-04-11 06:39:39,1013.8
2017-04-11 10:40:00,2017-04-11 06:40:27,1014.0
2017-04-11 10:41:00,2017-04-11 06:41:15,1018.4
2017-04-11 10:42:00,2017-04-11 06:42:03,1014.0
2017-04-11 10:42:00,2017-04-11 06:42:51,1013.9
2017-04-11 10:43:00,2017-04-11 06:43:39,1014.0
2017-04-11 10:44:00,2017-04-11 06:44:43,1014.0
2017-04-11 10:45:00,2017-04-11 06:45:34,1013.8
2017-04-11 10:46:00,2017-04-11 06:46:50,1013.9
2017-04-11 10:47:00,2017-04-11 06:47:38,1014.0
2017-04-11 10:48:00,2017-04-11 06:48:26,1013.9
2017-04-11 10:50:00,2017-04-11 06:49:12,1013.9
2017-04-11 10:50:00,2017-04-11 06:50:02,1013.9
2017-04-11 10:50:00,2017-04-11 06:50:50,1013.9
2017-04-11 10:51:00,2017-04-11 06:51:38,1013.8
2017-04-11 10:52:00,2017-04-11 06:52:26,1014.0
2017-04-11 10:54:00,2017-04-11 06:53:12,1014.1
2017-04-11 10:54:00,2017-04-11 06:54:02,1014.0
2017-04-11 10:54:00,2017-04-11 06:54:50,1014.0
2017-04-11 10:55:00,2017-04-11 06:55:38,1014.0
2017-04-11 10:56:00,2017-04-11 06:56:26,1014.0
2017-04-11 10:58:00,2017-04-11 06:57:12,1014.2
2017-04-11 10:58:00,2017-04-11 06:58:02,1014.0
2017-04-11 10:58:00,2017-04-11 06:58:50,1014.1
2017-04-11 10:59:00,2017-04-11 06:59:38,1014.0
2017-04-11 11:00:00,2017-04-11 07:00:26,1014.1
2017-04-11 11:01:00,2017-04-11 07:01:14,1018.5
2017-04-11 11:02:00,2017-04-11 07:02:03,1014.1
2017-04-11 11:02:00,2017-04-11 07:02:51,1014.1
2017-04-11 11:03:00,2017-04-11 07:03:39,1013.9
2017-04-11 11:04:00,2017-04-11 07:04:27,1014.2
2017-04-11 11:05:00,2017-04-11 07:05:15,1018.5
2017-04-11 11:06:00,2017-04-11 07:06:03,1014.1
2017-04-11 11:06:00,2017-04-11 07:06:51,1014.1
2017-04-11 11:07:00,2017-04-11 07:07:39,1014.0
2017-04-11 11:08:00,2017-04-11 07:08:27,1014.0
2017-04-11 11:10:00,2017-04-11 07:09:12,1014.1
2017-04-11 11:10:00,2017-04-11 07:10:03,1014.2
2017-04-11 11:10:00,2017-04-11 07:10:51,1014.0
2017-04-11 11:11:00,2017-04-11 07:11:39,1014.0
2017-04-11 11:12:00,2017-04-11 07:12:27,1013.9
2017-04-11 11:13:00,2017-04-11 07:13:15,1013.9
2017-04-11 11:14:00,2017-04-11 07:14:03,1014.1
2017-04-11 11:15:00,2017-04-11 07:15:39,1014.0
2017-04-11 11:16:00,2017-04-11 07:16:27,1014.0
2017-04-11 11:17:00,2017-04-11 07:17:15,1018.5
2017-04-11 11:18:00,2017-04-11 07:18:03,1013.8
2017-04-11 11:18:00,2017-04-11 07:18:51,1013.8
2017-04-11 11:19:00,2017-04-11 07:19:39,1014.0
2017-04-11 11:20:00,2017-04-11 07:20:27,1014.0
2017-04-11 11:22:00,2017-04-11 07:21:12,1013.9
2017-04-11 11:22:00,2017-04-11 07:22:03,1014.0
2017-04-11 11:22:00,2017-04-11 07:22:51,1014.0
2017-04-11 11:23:00,2017-04-11 07:23:39,1013.9
2017-04-11 11:24:00,2017-04-11 07:24:27,1013.9
2017-04-11 11:26:00,2017-04-11 07:25:12,1014.0
2017-04-11 11:26:00,2017-04-11 07:26:03,1014.1
2017-04-11 11:26:00,2017-04-11 07:26:51,1014.0
2017-04-11 11:27:00,2017-04-11 07:27:39,1014.1
2017-04-11 11:28:00,2017-04-11 07:28:48,1014.1
2017-04-11 11:30:00,2017-04-11 07:30:02,1014.1
2017-04-11 11:30:00,2017-04-11 07:30:50,1013.9
2017-04-11 11:31:00,2017-04-11 07:31:38,1014.0
2017-04-11 11:32:00,2017-04-11 07:32:26,1014.0
2017-04-11 11:34:00,2017-04-11 07:33:12,1014.0
2017-04-11 11:34:00,2017-04-11 07:34:02,1014.0
2017-04-11 11:34:00,2017-04-11 07:34:50,1014.0
2017-04-11 11:35:00,2017-04-11 07:35:38,1014.0
2017-04-11 11:36:00,2017-04-11 07:36:26,1013.9
2017-04-11 11:37:00,2017-04-11 07:37:14,1018.7
2017-04-11 11:38:00,2017-04-11 07:38:03,1013.8
2017-04-11 11:38:00,2017-04-11 07:38:51,1013.9
2017-04-11 11:39:00,2017-04-11 07:39:39,1014.0
2017-04-11 11:40:00,2017-04-11 07:40:27,1014.0
2017-04-11 11:41:00,2017-04-11 07:41:15,1014.1
2017-04-11 11:42:00,2017-04-11 07:42:03,1013.9
2017-04-11 11:42:00,2017-04-11 07:42:51,1013.8
2017-04-11 11:43:00,2017-04-11 07:43:39,1013.9
2017-04-11 11:44:00,2017-04-11 07:44:27,1013.9
2017-04-11 11:45:00,2017-04-11 07:45:15,1013.8
2017-04-11 11:46:00,2017-04-11 07:46:03,1013.8
2017-04-11 11:46:00,2017-04-11 07:46:51,1013.8
2017-04-11 11:47:00,2017-04-11 07:47:39,1013.9
2017-04-11 11:48:00,2017-04-11 07:48:27,1013.8
2017-04-11 11:49:00,2017-04-11 07:49:15,1014.0
2017-04-11 11:50:00,2017-04-11 07:50:03,1013.9
2017-04-11 11:50:00,2017-04-11 07:50:51,1013.8
2017-04-11 11:51:00,2017-04-11 07:51:39,1014.1
2017-04-11 11:52:00,2017-04-11 07:52:27,1014.0
2017-04-11 11:53:00,2017-04-11 07:53:15,1013.8
2017-04-11 11:54:00,2017-04-11 07:54:03,1013.9
2017-04-11 11:54:00,2017-04-11 07:54:51,1014.1
2017-04-11 11:55:00,2017-04-11 07:55:39,1013.8
2017-04-11 11:56:00,2017-04-11 07:56:27,1013.9
2017-04-11 11:57:00,2017-04-11 07:57:15,1013.9
2017-04-11 11:58:00,2017-04-11 07:58:03,1013.9
2017-04-11 11:58:00,2017-04-11 07:58:51,1013.9
2017-04-11 12:00:00,2017-04-11 08:00:27,1013.8
2017-04-11 12:02:00,2017-04-11 08:01:12,1014.0
2017-04-11 12:02:00,2017-04-11 08:02:03,1013.9
2017-04-11 12:02:00,2017-04-11 08:02:51,1013.7
2017-04-11 12:03:00,2017-04-11 08:03:39,1013.8
2017-04-11 12:06:00,2017-04-11 08:05:12,1013.9
2017-04-11 12:06:00,2017-04-11 08:06:03,1013.8
2017-04-11 12:06:00,2017-04-11 08:06:51,1013.8
2017-04-11 12:07:00,2017-04-11 08:07:39,1014.0
2017-04-11 12:08:00,2017-04-11 08:08:27,1013.9
2017-04-11 12:10:00,2017-04-11 08:09:12,1013.7
2017-04-11 12:10:00,2017-04-11 08:10:03,1013.8
2017-04-11 12:10:00,2017-04-11 08:10:51,1013.8
2017-04-11 12:11:00,2017-04-11 08:11:39,1013.9
2017-04-11 12:12:00,2017-04-11 08:12:27,1013.6
2017-04-11 12:14:00,2017-04-11 08:13:12,1013.8
2017-04-11 12:14:00,2017-04-11 08:14:03,1013.7
2017-04-11 12:14:00,2017-04-11 08:14:51,1013.8
2017-04-11 12:15:00,2017-04-11 08:15:39,1013.7
2017-04-11 12:16:00,2017-04-11 08:16:27,1013.9
2017-04-11 12:18:00,2017-04-11 08:17:12,1013.7
2017-04-11 12:18:00,2017-04-11 08:18:03,1014.0
2017-04-11 12:18:00,2017-04-11 08:18:51,1013.8
2017-04-11 12:19:00,2017-04-11 08:19:39,1013.7
2017-04-11 12:20:00,2017-04-11 08:20:27,1013.8
2017-04-11 12:22:00,2017-04-11 08:21:12,1014.0
2017-04-11 12:22:00,2017-04-11 08:22:03,1013.7
2017-04-11 12:22:00,2017-04-11 08:22:51,1013.9
2017-04-11 12:23:00,2017-04-11 08:23:39,1013.7
2017-04-11 12:24:00,2017-04-11 08:24:27,1013.9
2017-04-11 12:26:00,2017-04-11 08:25:12,1013.9
2017-04-11 12:26:00,2017-04-11 08:26:03,1013.8
2017-04-11 12:26:00,2017-04-11 08:26:51,1013.8
2017-04-11 12:27:00,2017-04-11 08:27:39,1013.8
2017-04-11 12:28:00,2017-04-11 08:28:27,1013.8
2017-04-11 12:29:00,2017-04-11 08:29:15,1018.8
2017-04-11 12:30:00,2017-04-11 08:30:03,1013.8
2017-04-11 12:30:00,2017-04-11 08:30:51,1013.8
2017-04-11 12:31:00,2017-04-11 08:31:39,1013.9
2017-04-11 12:32:00,2017-04-11 08:32:27,1013.9
2017-04-11 12:34:00,2017-04-11 08:33:12,1013.8
2017-04-11 12:34:00,2017-04-11 08:34:03,1013.8
2017-04-11 12:34:00,2017-04-11 08:34:51,1013.9
2017-04-11 12:35:00,2017-04-11 08:35:39,1013.8
2017-04-11 12:36:00,2017-04-11 08:36:27,1013.9
2017-04-11 12:38:00,2017-04-11 08:37:12,1013.9
2017-04-11 12:38:00,2017-04-11 08:38:03,1014.0
2017-04-11 12:38:00,2017-04-11 08:38:51,1013.7
2017-04-11 12:39:00,2017-04-11 08:39:39,1013.8
2017-04-11 12:40:00,2017-04-11 08:40:27,1013.9
2017-04-11 12:42:00,2017-04-11 08:41:12,1013.8
2017-04-11 12:42:00,2017-04-11 08:42:03,1013.9
2017-04-11 12:42:00,2017-04-11 08:42:51,1013.9
2017-04-11 12:43:00,2017-04-11 08:43:39,1013.8
2017-04-11 12:44:00,2017-04-11 08:44:27,1013.7
2017-04-11 12:46:00,2017-04-11 08:45:12,1013.8
2017-04-11 12:46:00,2017-04-11 08:46:03,1013.8
2017-04-11 12:46:00,2017-04-11 08:46:51,1013.7
2017-04-11 12:47:00,2017-04-11 08:47:39,1013.9
2017-04-11 12:48:00,2017-04-11 08:48:27,1013.7
2017-04-11 12:50:00,2017-04-11 08:49:12,1013.9
2017-04-11 12:50:00,2017-04-11 08:50:03,1013.9
2017-04-11 12:50:00,2017-04-11 08:50:51,1013.8
2017-04-11 12:51:00,2017-04-11 08:51:39,1013.7
2017-04-11 12:52:00,2017-04-11 08:52:27,1013.8
2017-04-11 12:53:00,2017-04-11 08:53:15,1013.7
2017-04-11 12:54:00,2017-04-11 08:54:03,1013.9
2017-04-11 12:54:00,2017-04-11 08:54:51,1013.8
2017-04-11 12:55:00,2017-04-11 08:55:39,1013.8
2017-04-11 12:56:00,2017-04-11 08:56:27,1013.7
2017-04-11 12:58:00,2017-04-11 08:57:12,1013.7
2017-04-11 12:58:00,2017-04-11 08:58:03,1013.7
2017-04-11 12:58:00,2017-04-11 08:58:51,1013.7
2017-04-11 12:59:00,2017-04-11 08:59:39,1013.8
2017-04-11 13:00:00,2017-04-11 09:00:27,1013.8
2017-04-11 13:01:00,2017-04-11 09:01:15,1013.8
2017-04-11 13:02:00,2017-04-11 09:02:03,1014.0
2017-04-11 13:02:00,2017-04-11 09:02:51,1013.8
2017-04-11 13:03:00,2017-04-11 09:03:39,1013.8
2017-04-11 13:04:00,2017-04-11 09:04:27,1013.7
2017-04-11 13:06:00,2017-04-11 09:05:12,1013.8
2017-04-11 13:06:00,2017-04-11 09:06:03,1013.9
2017-04-11 13:06:00,2017-04-11 09:06:51,1013.9
2017-04-11 13:07:00,2017-04-11 09:07:39,1013.9
2017-04-11 13:08:00,2017-04-11 09:08:27,1013.7
2017-04-11 13:09:00,2017-04-11 09:09:15,1013.7
2017-04-11 13:10:00,2017-04-11 09:10:03,1013.8
2017-04-11 13:10:00,2017-04-11 09:10:51,1013.9
2017-04-11 13:11:00,2017-04-11 09:11:39,1013.7
2017-04-11 13:12:00,2017-04-11 09:12:27,1014.0
2017-04-11 13:14:00,2017-04-11 09:13:12,1013.9
2017-04-11 13:14:00,2017-04-11 09:14:03,1013.9
2017-04-11 13:14:00,2017-04-11 09:14:51,1013.9
2017-04-11 13:15:00,2017-04-11 09:15:39,1014.1
2017-04-11 13:16:00,2017-04-11 09:16:27,1013.9
2017-04-11 13:17:00,2017-04-11 09:17:15,1014.0
2017-04-11 13:18:00,2017-04-11 09:18:03,1014.0
2017-04-11 13:18:00,2017-04-11 09:18:51,1013.8
2017-04-11 13:19:00,2017-04-11 09:19:39,1013.9
2017-04-11 13:20:00,2017-04-11 09:20:27,1014.0
2017-04-11 13:21:00,2017-04-11 09:21:15,1014.0
2017-04-11 13:22:00,2017-04-11 09:22:03,1013.9
2017-04-11 13:22:00,2017-04-11 09:22:51,1014.0
2017-04-11 13:23:00,2017-04-11 09:23:39,1014.0
2017-04-11 13:24:00,2017-04-11 09:24:24,1014.0
2017-04-11 13:26:00,2017-04-11 09:25:12,1013.9
2017-04-11 13:26:00,2017-04-11 09:26:03,1013.9
2017-04-11 13:26:00,2017-04-11 09:26:51,1013.9
2017-04-11 13:27:00,2017-04-11 09:27:39,1013.9
2017-04-11 13:28:00,2017-04-11 09:28:27,1014.0
2017-04-11 13:29:00,2017-04-11 09:29:15,1013.8
2017-04-11 13:30:00,2017-04-11 09:30:03,1013.9
2017-04-11 13:30:00,2017-04-11 09:30:51,1013.9
2017-04-11 13:31:00,2017-04-11 09:31:39,1014.0
2017-04-11 13:32:00,2017-04-11 09:32:27,1014.0
2017-04-11 13:33:00,2017-04-11 09:33:15,1014.1
2017-04-11 13:34:00,2017-04-11 09:34:03,1013.9
2017-04-11 13:34:00,2017-04-11 09:34:51,1014.0
2017-04-11 13:35:00,2017-04-11 09:35:39,1014.0
2017-04-11 13:36:00,2017-04-11 09:36:27,1014.1
2017-04-11 13:38:00,2017-04-11 09:37:12,1014.0
2017-04-11 13:38:00,2017-04-11 09:38:03,1014.2
2017-04-11 13:38:00,2017-04-11 09:38:51,1014.1
2017-04-11 13:39:00,2017-04-11 09:39:39,1013.9
2017-04-11 13:40:00,2017-04-11 09:40:27,1014.0
2017-04-11 13:41:00,2017-04-11 09:41:15,1013.8
2017-04-11 13:42:00,2017-04-11 09:42:03,1014.1
2017-04-11 13:42:00,2017-04-11 09:42:51,1014.0
2017-04-11 13:43:00,2017-04-11 09:43:39,1014.0
2017-04-11 13:44:00,2017-04-11 09:44:27,1014.1
2017-04-11 13:46:00,2017-04-11 09:45:12,1014.1
2017-04-11 13:46:00,2017-04-11 09:46:03,1014.0
2017-04-11 13:46:00,2017-04-11 09:46:51,1014.1
2017-04-11 13:47:00,2017-04-11 09:47:39,1013.9
2017-04-11 13:48:00,2017-04-11 09:48:27,1014.1
2017-04-11 13:50:00,2017-04-11 09:49:12,1014.1
2017-04-11 13:50:00,2017-04-11 09:50:03,1014.0
2017-04-11 13:50:00,2017-04-11 09:50:51,1014.1
2017-04-11 13:51:00,2017-04-11 09:51:39,1014.1
2017-04-11 13:52:00,2017-04-11 09:52:27,1014.2
2017-04-11 13:53:00,2017-04-11 09:53:15,1019.2
2017-04-11 13:54:00,2017-04-11 09:54:03,1014.1
2017-04-11 13:54:00,2017-04-11 09:54:51,1014.1
2017-04-11 13:55:00,2017-04-11 09:55:39,1014.2
2017-04-11 13:56:00,2017-04-11 09:56:27,1014.1
2017-04-11 13:58:00,2017-04-11 09:57:12,1014.2
2017-04-11 13:58:00,2017-04-11 09:58:03,1014.2
2017-04-11 13:58:00,2017-04-11 09:58:51,1014.1
2017-04-11 13:59:00,2017-04-11 09:59:39,1014.2
2017-04-11 14:02:00,2017-04-11 10:01:12,1014.2
2017-04-11 14:02:00,2017-04-11 10:02:03,1014.1
2017-04-11 14:02:00,2017-04-11 10:02:51,1014.1
2017-04-11 14:03:00,2017-04-11 10:03:39,1014.1
2017-04-11 14:04:00,2017-04-11 10:04:27,1014.0
2017-04-11 14:06:00,2017-04-11 10:05:12,1014.1
2017-04-11 14:06:00,2017-04-11 10:06:03,1014.1
2017-04-11 14:06:00,2017-04-11 10:06:51,1014.1
2017-04-11 14:07:00,2017-04-11 10:07:39,1014.1
2017-04-11 14:08:00,2017-04-11 10:08:27,1014.1
2017-04-11 14:09:00,2017-04-11 10:09:15,1019.4
2017-04-11 14:10:00,2017-04-11 10:10:03,1014.1
2017-04-11 14:10:00,2017-04-11 10:10:51,1014.2
2017-04-11 14:11:00,2017-04-11 10:11:43,1014.2
2017-04-11 14:12:00,2017-04-11 10:12:26,1014.2
2017-04-11 14:14:00,2017-04-11 10:13:14,1014.1
2017-04-11 14:14:00,2017-04-11 10:14:03,1014.1
2017-04-11 14:14:00,2017-04-11 10:14:51,1014.2
2017-04-11 14:15:00,2017-04-11 10:15:39,1014.1
2017-04-11 14:16:00,2017-04-11 10:16:27,1014.0
2017-04-11 14:17:00,2017-04-11 10:17:15,1019.7
2017-04-11 14:18:00,2017-04-11 10:18:51,1014.2
2017-04-11 14:19:00,2017-04-11 10:19:39,1014.1
2017-04-11 14:20:00,2017-04-11 10:20:27,1014.2
2017-04-11 14:21:00,2017-04-11 10:21:15,1014.1
2017-04-11 14:22:00,2017-04-11 10:22:03,1014.1
2017-04-11 14:22:00,2017-04-11 10:22:51,1014.1
2017-04-11 14:24:00,2017-04-11 10:24:27,1014.2
2017-04-11 14:25:00,2017-04-11 10:25:15,1014.2
2017-04-11 14:26:00,2017-04-11 10:26:04,1014.3
2017-04-11 14:26:00,2017-04-11 10:26:52,1014.1
2017-04-11 14:27:00,2017-04-11 10:27:40,1014.3
2017-04-12 09:19:00,2017-04-12 05:18:20,1015.0
2017-04-12 09:19:00,2017-04-12 05:19:40,1015.2
2017-04-12 09:20:00,2017-04-12 05:20:28,1015.0
2017-04-12 09:21:00,2017-04-12 05:21:16,1015.0
2017-04-12 09:22:00,2017-04-12 05:22:04,1015.0
2017-04-12 09:22:00,2017-04-12 05:22:52,1015.1
2017-04-12 09:23:00,2017-04-12 05:23:40,1015.1
2017-04-12 09:24:00,2017-04-12 05:24:28,1015.0
2017-04-12 09:25:00,2017-04-12 05:25:16,1014.9
2017-04-12 09:26:00,2017-04-12 05:26:44,1014.9
2017-04-12 09:27:00,2017-04-12 05:27:38,1015.0
2017-04-12 09:28:00,2017-04-12 05:28:26,1015.0
2017-04-12 09:29:00,2017-04-12 05:29:14,1015.2
2017-04-12 09:30:00,2017-04-12 05:30:02,1015.1
2017-04-12 09:30:00,2017-04-12 05:30:50,1015.1
2017-04-12 09:31:00,2017-04-12 05:31:38,1015.0
2017-04-12 09:32:00,2017-04-12 05:32:26,1013.2
2017-04-12 09:33:00,2017-04-12 05:33:14,1015.0
2017-04-12 09:34:00,2017-04-12 05:34:02,1015.0
2017-04-12 09:34:00,2017-04-12 05:34:50,1015.0
2017-04-12 09:36:00,2017-04-12 05:36:26,1014.9
2017-04-12 09:37:00,2017-04-12 05:37:14,1014.9
2017-04-12 09:38:00,2017-04-12 05:38:02,1014.8
2017-04-12 09:38:00,2017-04-12 05:38:50,1015.0
2017-04-12 09:39:00,2017-04-12 05:39:38,1014.8
2017-04-12 09:40:00,2017-04-12 05:40:26,1014.8
2017-04-12 09:41:00,2017-04-12 05:41:14,1014.8
2017-04-12 09:42:00,2017-04-12 05:42:02,1014.8
2017-04-12 09:42:00,2017-04-12 05:42:50,1014.8
2017-04-12 09:43:00,2017-04-12 05:43:38,1015.0
2017-04-12 09:44:00,2017-04-12 05:44:26,1014.7
2017-04-12 09:45:00,2017-04-12 05:45:14,1014.8
2017-04-12 09:46:00,2017-04-12 05:46:50,1014.8
2017-04-12 09:47:00,2017-04-12 05:47:38,1014.6
2017-04-12 09:48:00,2017-04-12 05:48:26,1014.8
2017-04-12 09:49:00,2017-04-12 05:49:14,1014.7
2017-04-12 09:50:00,2017-04-12 05:50:02,1014.8
2017-04-12 09:51:00,2017-04-12 05:51:38,1014.7
2017-04-12 09:52:00,2017-04-12 05:52:26,1014.5
2017-04-12 09:53:00,2017-04-12 05:53:14,1014.8
