2017-04-10 08:36:00,2017-04-05 04:30:55,13.5
2017-04-10 08:36:00,2017-04-05 04:32:55,13.5
2017-04-10 08:36:00,2017-04-05 04:33:55,13.5
2017-04-10 08:36:00,2017-04-05 04:34:55,13.5
2017-04-10 08:36:00,2017-04-05 04:35:55,13.5
2017-04-10 08:36:00,2017-04-05 04:36:55,13.5
2017-04-10 08:36:00,2017-04-05 04:37:55,13.5
2017-04-10 08:36:00,2017-04-05 04:38:55,13.3
2017-04-10 08:36:00,2017-04-05 04:39:55,13.3
2017-04-10 08:36:00,2017-04-05 04:41:55,13.2
2017-04-10 08:36:00,2017-04-05 04:42:55,13.2
2017-04-10 08:36:00,2017-04-05 04:43:55,13.2
2017-04-10 08:36:00,2017-04-05 04:45:55,13.4
2017-04-10 08:36:00,2017-04-05 04:46:55,13.5
2017-04-10 08:36:00,2017-04-05 04:47:55,13.5
2017-04-10 08:36:00,2017-04-05 04:48:55,13.5
2017-04-10 08:36:00,2017-04-05 04:49:55,13.5
2017-04-10 08:36:00,2017-04-05 04:50:55,13.5
2017-04-10 08:36:00,2017-04-05 04:51:55,13.5
2017-04-10 08:36:00,2017-04-05 04:53:55,13.3
2017-04-10 08:36:00,2017-04-05 04:54:55,13.3
2017-04-10 08:36:00,2017-04-05 04:55:55,13.2
2017-04-10 08:36:00,2017-04-05 04:57:55,13.1
2017-04-10 08:36:00,2017-04-05 04:58:55,13.1
2017-04-10 08:36:00,2017-04-05 04:59:55,13.2
2017-04-10 08:36:00,2017-04-05 05:02:12,13.2
2017-04-10 08:36:00,2017-04-05 05:03:12,13.3
2017-04-10 08:36:00,2017-04-05 05:04:12,13.3
2017-04-10 08:36:00,2017-04-05 05:07:12,13.3
2017-04-10 08:36:00,2017-04-05 05:08:12,13.2
2017-04-10 08:36:00,2017-04-05 05:09:12,13.3
2017-04-10 08:36:00,2017-04-05 05:12:12,13.4
2017-04-10 08:36:00,2017-04-05 05:14:12,13.4
2017-04-10 08:36:00,2017-04-05 05:15:12,13.8
2017-04-10 08:36:00,2017-04-05 05:19:12,14.3
2017-04-10 08:36:00,2017-04-05 05:20:12,14.3
2017-04-10 08:36:00,2017-04-05 05:39:12,15.8
2017-04-10 08:36:00,2017-04-05 05:40:12,16.0
2017-04-10 08:36:00,2017-04-05 05:42:12,16.3
2017-04-10 08:36:00,2017-04-05 05:43:12,16.3
2017-04-10 08:36:00,2017-04-05 05:44:12,16.4
2017-04-10 08:36:00,2017-04-05 05:46:12,16.7
2017-04-10 08:36:00,2017-04-05 05:47:12,16.7
2017-04-10 08:36:00,2017-04-05 05:48:12,16.8
2017-04-10 08:36:00,2017-04-05 05:50:12,16.7
2017-04-10 08:36:00,2017-04-05 05:51:12,16.7
2017-04-10 08:36:00,2017-04-05 05:52:12,16.7
2017-04-10 08:36:00,2017-04-05 05:53:12,16.4
2017-04-10 08:36:00,2017-04-05 05:54:12,16.4
2017-04-10 08:36:00,2017-04-05 05:55:12,16.3
2017-04-10 08:37:00,2017-04-05 05:56:12,16.2
2017-04-10 08:37:00,2017-04-05 06:03:12,16.0
2017-04-10 08:37:00,2017-04-05 06:04:12,16.0
2017-04-10 08:37:00,2017-04-05 06:07:12,16.3
2017-04-10 08:37:00,2017-04-05 06:21:12,16.4
2017-04-10 08:37:00,2017-04-05 06:25:12,16.3
2017-04-10 08:37:00,2017-04-05 06:35:12,16.1
2017-04-10 08:37:00,2017-04-05 06:37:12,16.1
2017-04-10 08:37:00,2017-04-05 06:38:12,16.1
2017-04-10 08:37:00,2017-04-05 06:39:12,16.1
2017-04-10 08:37:00,2017-04-05 06:56:12,16.1
2017-04-10 08:37:00,2017-04-05 06:57:12,15.8
2017-04-10 08:37:00,2017-04-05 06:58:12,15.9
2017-04-10 08:37:00,2017-04-05 07:01:12,15.9
2017-04-10 08:37:00,2017-04-05 07:02:12,16.2
2017-04-10 08:37:00,2017-04-05 07:03:12,16.3
2017-04-10 08:37:00,2017-04-05 07:05:12,16.3
2017-04-10 08:37:00,2017-04-05 07:29:12,16.9
2017-04-10 08:37:00,2017-04-05 07:30:12,16.9
2017-04-10 08:37:00,2017-04-05 07:31:12,16.9
2017-04-10 08:37:00,2017-04-05 07:32:12,17.0
2017-04-10 08:37:00,2017-04-05 07:33:12,16.9
2017-04-10 08:37:00,2017-04-05 07:34:12,16.9
2017-04-10 08:37:00,2017-04-05 07:35:12,16.9
2017-04-10 08:37:00,2017-04-05 07:46:12,16.6
2017-04-10 08:37:00,2017-04-05 07:47:12,16.6
2017-04-10 08:37:00,2017-04-05 07:48:12,16.5
2017-04-10 08:37:00,2017-04-05 07:49:12,16.5
2017-04-10 08:37:00,2017-04-05 07:50:12,16.5
2017-04-10 08:37:00,2017-04-05 07:56:12,16.4
2017-04-10 08:37:00,2017-04-05 07:57:12,16.4
2017-04-10 08:37:00,2017-04-05 07:58:12,16.4
2017-04-10 08:37:00,2017-04-05 07:59:12,16.4
2017-04-10 08:37:00,2017-04-05 08:00:12,16.4
2017-04-10 08:37:00,2017-04-05 08:01:12,16.4
2017-04-10 08:37:00,2017-04-05 08:02:12,16.4
2017-04-10 08:37:00,2017-04-05 08:03:12,16.4
2017-04-10 08:37:00,2017-04-05 08:04:12,16.4
2017-04-10 08:37:00,2017-04-05 08:05:12,16.4
2017-04-10 08:37:00,2017-04-05 08:06:12,16.5
2017-04-10 08:37:00,2017-04-05 08:07:12,16.5
2017-04-10 08:37:00,2017-04-05 08:08:12,16.5
2017-04-10 08:37:00,2017-04-05 08:09:12,16.5
2017-04-10 08:37:00,2017-04-05 08:10:12,16.5
2017-04-10 08:37:00,2017-04-05 08:11:12,16.5
2017-04-10 08:37:00,2017-04-05 08:13:12,16.3
2017-04-10 08:37:00,2017-04-05 08:15:12,16.0
2017-04-10 08:37:00,2017-04-05 08:16:12,15.9
2017-04-10 08:37:00,2017-04-05 08:17:12,15.9
2017-04-10 08:37:00,2017-04-05 08:18:12,15.9
2017-04-10 10:06:00,2017-04-05 08:21:12,16.9
2017-04-10 10:06:00,2017-04-05 08:22:12,16.9
2017-04-10 10:06:00,2017-04-05 08:23:12,16.9
2017-04-10 10:06:00,2017-04-05 08:24:12,17.0
2017-04-10 10:06:00,2017-04-05 08:25:12,16.9
2017-04-10 10:06:00,2017-04-05 08:26:12,16.9
2017-04-10 10:06:00,2017-04-05 08:27:12,16.9
2017-04-10 10:06:00,2017-04-05 08:38:12,16.6
2017-04-10 10:06:00,2017-04-05 08:39:12,16.6
2017-04-10 10:06:00,2017-04-05 08:40:12,16.5
2017-04-10 10:06:00,2017-04-05 08:41:12,16.5
2017-04-10 10:06:00,2017-04-05 08:42:12,16.5
2017-04-10 10:06:00,2017-04-05 08:48:12,16.4
2017-04-10 10:06:00,2017-04-05 08:49:12,16.4
2017-04-10 10:06:00,2017-04-05 08:50:12,16.4
2017-04-10 10:06:00,2017-04-05 08:51:12,16.4
2017-04-10 10:06:00,2017-04-05 08:52:12,16.4
2017-04-10 10:06:00,2017-04-05 08:53:12,16.4
2017-04-10 10:06:00,2017-04-05 08:54:12,16.4
2017-04-10 10:06:00,2017-04-05 08:55:12,16.4
2017-04-10 10:06:00,2017-04-05 08:56:12,16.4
2017-04-10 10:06:00,2017-04-05 08:57:12,16.4
2017-04-10 10:06:00,2017-04-05 08:58:12,16.5
2017-04-10 10:06:00,2017-04-05 08:59:12,16.5
2017-04-10 10:06:00,2017-04-05 09:00:12,16.5
2017-04-10 10:06:00,2017-04-05 09:01:12,16.5
2017-04-10 10:06:00,2017-04-05 09:02:12,16.5
2017-04-10 10:06:00,2017-04-05 09:03:12,16.5
2017-04-10 10:06:00,2017-04-05 09:05:12,16.3
2017-04-10 10:06:00,2017-04-05 09:07:12,16.0
2017-04-10 10:06:00,2017-04-05 09:08:12,15.9
2017-04-10 10:06:00,2017-04-05 09:09:12,15.9
2017-04-10 10:06:00,2017-04-05 09:10:12,15.9
2017-04-10 10:06:00,2017-04-05 09:15:12,16.5
2017-04-10 10:06:00,2017-04-05 09:16:12,16.5
2017-04-10 10:06:00,2017-04-05 09:17:12,16.5
2017-04-10 10:06:00,2017-04-05 09:18:12,16.5
2017-04-10 10:06:00,2017-04-05 09:19:12,16.5
2017-04-10 10:06:00,2017-04-05 09:20:12,16.5
2017-04-10 10:06:00,2017-04-05 09:21:12,16.5
2017-04-10 10:06:00,2017-04-05 09:22:12,16.3
2017-04-10 10:06:00,2017-04-05 09:26:12,16.3
2017-04-10 10:06:00,2017-04-05 09:43:12,16.3
2017-04-10 10:06:00,2017-04-05 10:07:12,17.6
2017-04-10 10:06:00,2017-04-05 10:09:12,17.8
2017-04-10 10:06:00,2017-04-05 10:10:12,18.0
2017-04-10 10:06:00,2017-04-05 10:23:12,18.0
2017-04-10 10:06:00,2017-04-05 10:26:12,19.0
2017-04-10 10:06:00,2017-04-05 10:28:12,18.9
2017-04-10 10:06:00,2017-04-05 10:29:12,19.0
2017-04-10 10:07:00,2017-04-05 10:30:12,19.0
2017-04-10 10:07:00,2017-04-05 10:31:12,19.0
2017-04-10 10:07:00,2017-04-05 10:32:12,18.8
2017-04-10 10:07:00,2017-04-05 10:34:12,18.8
2017-04-10 10:07:00,2017-04-05 10:35:12,18.7
2017-04-10 10:07:00,2017-04-05 10:36:12,18.7
2017-04-10 10:07:00,2017-04-05 10:37:12,18.7
2017-04-10 10:07:00,2017-04-05 10:38:12,18.8
2017-04-10 10:07:00,2017-04-05 10:39:12,18.8
2017-04-10 10:07:00,2017-04-05 10:41:12,19.0
2017-04-10 10:07:00,2017-04-05 10:42:12,19.1
2017-04-10 10:07:00,2017-04-05 10:43:12,19.1
2017-04-10 10:07:00,2017-04-05 10:45:12,19.7
2017-04-10 10:07:00,2017-04-05 10:46:12,19.8
2017-04-10 10:07:00,2017-04-05 10:47:12,19.9
2017-04-10 10:07:00,2017-04-05 10:48:12,20.1
2017-04-10 10:07:00,2017-04-05 10:49:12,20.2
2017-04-10 10:07:00,2017-04-05 10:50:12,20.1
2017-04-10 10:07:00,2017-04-05 10:51:12,20.0
2017-04-10 10:07:00,2017-04-05 10:52:12,19.7
2017-04-10 10:07:00,2017-04-05 10:53:12,19.4
2017-04-10 10:07:00,2017-04-05 10:54:12,19.3
2017-04-10 10:07:00,2017-04-05 10:55:12,19.3
2017-04-10 10:07:00,2017-04-05 10:56:12,19.3
2017-04-10 10:07:00,2017-04-05 10:57:12,19.4
2017-04-10 10:07:00,2017-04-05 10:58:12,19.4
2017-04-10 10:07:00,2017-04-05 10:59:12,19.4
2017-04-10 10:07:00,2017-04-05 11:00:12,19.4
2017-04-10 10:07:00,2017-04-05 11:01:12,19.4
2017-04-10 10:07:00,2017-04-05 11:02:12,19.6
2017-04-10 10:07:00,2017-04-05 11:03:12,19.6
2017-04-10 10:07:00,2017-04-05 11:04:12,20.1
2017-04-10 10:07:00,2017-04-05 11:05:12,20.1
2017-04-10 10:07:00,2017-04-05 11:06:12,20.1
2017-04-10 10:07:00,2017-04-05 11:07:12,20.1
2017-04-10 10:07:00,2017-04-05 11:08:12,20.0
2017-04-10 10:07:00,2017-04-05 11:09:12,20.0
2017-04-10 10:07:00,2017-04-05 11:10:12,19.9
2017-04-10 10:07:00,2017-04-05 11:11:12,19.9
2017-04-10 10:07:00,2017-04-05 11:12:12,19.5
2017-04-10 10:07:00,2017-04-05 11:13:12,19.5
2017-04-10 10:07:00,2017-04-05 11:14:12,19.5
2017-04-10 10:07:00,2017-04-05 11:15:12,19.4
2017-04-10 10:07:00,2017-04-05 11:16:12,19.1
2017-04-10 10:07:00,2017-04-05 11:17:12,19.1
2017-04-10 10:07:00,2017-04-05 11:18:12,19.2
2017-04-10 10:07:00,2017-04-05 11:19:12,19.2
2017-04-10 10:07:00,2017-04-05 11:20:12,19.2
2017-04-10 10:07:00,2017-04-05 11:21:12,19.2
2017-04-10 10:07:00,2017-04-05 11:22:12,19.2
2017-04-10 10:07:00,2017-04-05 11:23:12,19.6
2017-04-10 10:07:00,2017-04-05 11:24:12,19.4
2017-04-10 10:07:00,2017-04-05 11:25:12,19.4
2017-04-10 10:07:00,2017-04-05 11:26:12,18.8
2017-04-10 10:07:00,2017-04-05 11:27:12,18.8
2017-04-10 10:07:00,2017-04-05 11:28:12,18.6
2017-04-10 10:07:00,2017-04-05 11:29:12,18.5
2017-04-10 10:07:00,2017-04-05 11:30:12,18.5
2017-04-10 10:07:00,2017-04-05 11:31:12,18.5
2017-04-10 10:07:00,2017-04-05 11:33:12,18.8
2017-04-10 10:07:00,2017-04-05 11:34:12,18.9
2017-04-10 10:07:00,2017-04-05 11:35:12,19.1
2017-04-10 10:07:00,2017-04-05 11:37:12,19.3
2017-04-10 10:07:00,2017-04-05 11:38:12,19.6
2017-04-10 10:07:00,2017-04-05 11:39:12,19.7
2017-04-10 10:07:00,2017-04-05 11:40:12,20.0
2017-04-10 10:07:00,2017-04-05 11:41:12,20.0
2017-04-10 10:07:00,2017-04-05 11:42:12,20.0
2017-04-10 10:07:00,2017-04-05 11:43:12,20.0
2017-04-10 10:07:00,2017-04-05 11:45:12,20.0
2017-04-10 10:07:00,2017-04-05 11:46:12,20.0
2017-04-10 10:07:00,2017-04-05 11:47:12,20.0
2017-04-10 10:07:00,2017-04-05 11:49:12,20.0
2017-04-10 10:07:00,2017-04-05 11:50:12,20.1
2017-04-10 10:07:00,2017-04-05 11:51:12,20.1
2017-04-10 10:07:00,2017-04-05 11:53:12,21.1
2017-04-10 10:07:00,2017-04-05 11:54:12,21.1
2017-04-10 10:07:00,2017-04-05 11:55:12,21.2
2017-04-10 10:07:00,2017-04-05 11:56:12,20.9
2017-04-10 10:07:00,2017-04-05 11:57:12,20.9
2017-04-10 10:07:00,2017-04-05 11:58:12,20.2
2017-04-10 10:07:00,2017-04-05 11:59:12,20.2
2017-04-10 10:07:00,2017-04-05 12:00:12,20.2
2017-04-10 10:07:00,2017-04-05 12:01:12,20.2
2017-04-10 10:07:00,2017-04-05 12:02:12,20.2
2017-04-10 10:07:00,2017-04-05 12:03:12,20.2
2017-04-10 10:07:00,2017-04-05 12:04:12,20.2
2017-04-10 10:07:00,2017-04-05 12:05:12,20.2
2017-04-10 10:07:00,2017-04-05 12:06:12,20.0
2017-04-10 10:07:00,2017-04-05 12:07:12,20.0
2017-04-10 10:07:00,2017-04-05 12:09:12,20.8
2017-04-10 10:07:00,2017-04-05 12:10:12,20.9
2017-04-10 10:07:00,2017-04-05 12:12:12,20.8
2017-04-10 10:07:00,2017-04-05 12:13:12,20.8
2017-04-10 10:07:00,2017-04-05 12:14:12,20.8
2017-04-10 10:07:00,2017-04-05 12:15:12,20.8
2017-04-10 10:07:00,2017-04-05 12:16:12,20.9
2017-04-10 10:07:00,2017-04-05 12:17:12,20.9
2017-04-10 10:07:00,2017-04-05 12:18:12,21.1
2017-04-10 10:07:00,2017-04-05 12:19:12,21.1
2017-04-10 10:08:00,2017-04-05 12:21:12,21.1
2017-04-10 10:08:00,2017-04-05 12:22:12,21.1
2017-04-10 10:08:00,2017-04-05 12:23:12,20.1
2017-04-10 10:08:00,2017-04-05 12:24:12,20.8
2017-04-10 10:08:00,2017-04-05 12:25:12,20.9
2017-04-10 10:08:00,2017-04-05 12:26:12,20.9
2017-04-10 10:08:00,2017-04-05 12:27:12,20.9
2017-04-10 10:08:00,2017-04-05 12:28:12,20.0
2017-04-10 10:08:00,2017-04-05 12:29:12,20.0
2017-04-10 10:08:00,2017-04-05 12:30:12,20.0
2017-04-10 10:08:00,2017-04-05 12:31:12,20.0
2017-04-10 10:08:00,2017-04-05 12:32:12,20.0
2017-04-10 10:08:00,2017-04-05 12:34:12,20.0
2017-04-10 10:08:00,2017-04-05 12:35:12,20.0
2017-04-10 10:08:00,2017-04-05 12:37:12,20.0
2017-04-10 10:08:00,2017-04-05 12:38:12,20.0
2017-04-10 10:08:00,2017-04-05 12:39:12,20.0
2017-04-10 10:08:00,2017-04-05 12:40:12,20.0
2017-04-10 10:08:00,2017-04-05 12:41:12,20.0
2017-04-10 10:08:00,2017-04-05 12:42:12,20.0
2017-04-10 10:08:00,2017-04-05 12:43:12,20.8
2017-04-10 10:08:00,2017-04-05 12:53:12,20.0
2017-04-10 10:08:00,2017-04-05 12:54:12,20.0
2017-04-10 10:08:00,2017-04-05 12:55:12,20.0
2017-04-10 10:08:00,2017-04-05 12:56:12,20.0
2017-04-10 10:08:00,2017-04-05 12:57:12,20.0
2017-04-10 10:08:00,2017-04-05 12:58:12,20.0
2017-04-10 10:08:00,2017-04-05 12:59:12,20.0
2017-04-10 10:08:00,2017-04-05 13:02:12,20.0
2017-04-10 10:08:00,2017-04-05 13:03:12,20.0
2017-04-10 10:08:00,2017-04-05 13:04:12,19.3
2017-04-10 10:08:00,2017-04-05 13:05:12,19.2
2017-04-10 10:08:00,2017-04-05 13:06:12,19.1
2017-04-10 10:08:00,2017-04-05 13:08:12,18.8
2017-04-10 10:08:00,2017-04-05 13:09:12,18.5
2017-04-10 10:08:00,2017-04-05 13:11:12,18.0
2017-04-10 10:08:00,2017-04-05 13:12:12,17.5
2017-04-10 10:08:00,2017-04-05 13:13:12,17.5
2017-04-10 10:08:00,2017-04-05 13:14:12,17.1
2017-04-10 10:08:00,2017-04-10 04:34:15,11.1
2017-04-10 10:08:00,2017-04-10 04:35:15,11.1
2017-04-10 10:08:00,2017-04-10 04:36:15,11.3
2017-04-10 10:08:00,2017-04-10 04:37:15,11.3
2017-04-10 10:08:00,2017-04-10 05:11:20,
2017-04-10 10:08:00,2017-04-10 05:12:20,11.1
2017-04-10 10:08:00,2017-04-10 05:13:20,11.1
2017-04-10 10:08:00,2017-04-10 05:14:20,11.3
2017-04-10 10:08:00,2017-04-10 05:15:20,11.3
2017-04-10 10:08:00,2017-04-10 05:18:20,13.9
2017-04-10 10:08:00,2017-04-10 05:19:20,14.0
2017-04-10 10:09:00,2017-04-10 05:21:20,14.0
2017-04-10 10:09:00,2017-04-10 05:24:20,14.0
2017-04-10 10:09:00,2017-04-10 05:36:20,15.0
2017-04-10 10:09:00,2017-04-10 05:38:20,15.0
2017-04-10 10:09:00,2017-04-10 05:41:20,15.4
2017-04-10 10:09:00,2017-04-10 05:42:20,15.6
2017-04-10 10:09:00,2017-04-10 05:43:20,15.7
2017-04-10 10:09:00,2017-04-10 05:54:20,16.5
2017-04-10 10:09:00,2017-04-10 05:55:20,16.7
2017-04-10 10:09:00,2017-04-10 06:04:20,16.7
2017-04-10 10:09:00,2017-04-10 06:05:20,16.7
2017-04-10 10:09:00,2017-04-10 06:06:20,18.2
2017-04-10 10:09:00,2017-04-10 06:07:20,18.3
2017-04-10 10:09:00,2017-04-10 06:08:20,18.4
2017-04-10 10:09:00,2017-04-10 06:09:18,18.4
2017-04-10 10:10:00,2017-04-10 06:10:06,18.2
2017-04-10 10:10:00,2017-04-10 06:10:54,18.2
2017-04-10 10:11:00,2017-04-10 06:11:42,18.2
2017-04-10 10:12:00,2017-04-10 06:12:30,18.2
2017-04-10 10:13:00,2017-04-10 06:13:18,18.2
2017-04-10 10:14:00,2017-04-10 06:14:06,18.1
2017-04-10 10:14:00,2017-04-10 06:14:54,18.1
2017-04-10 10:15:00,2017-04-10 06:15:42,18.2
2017-04-10 10:16:00,2017-04-10 06:16:30,18.2
2017-04-10 10:17:00,2017-04-10 06:17:18,18.3
2017-04-10 10:18:00,2017-04-10 06:18:06,18.4
2017-04-10 10:18:00,2017-04-10 06:18:54,18.6
2017-04-10 10:19:00,2017-04-10 06:19:42,18.6
2017-04-10 10:20:00,2017-04-10 06:20:30,18.6
2017-04-10 10:22:00,2017-04-10 06:22:06,18.7
2017-04-10 11:01:00,2017-04-10 06:23:20,18.7
2017-04-10 11:01:00,2017-04-10 07:01:18,18.5
2017-04-10 11:02:00,2017-04-10 07:02:06,18.5
2017-04-10 11:05:00,2017-04-10 07:03:20,18.5
2017-04-10 11:05:00,2017-04-10 07:05:03,18.5
2017-04-10 11:06:00,2017-04-10 07:06:05,19.6
2017-04-10 12:16:00,2017-04-10 07:07:20,19.6
2017-04-10 12:16:00,2017-04-10 08:10:44,
2017-04-10 12:16:00,2017-04-10 08:11:44,18.2
2017-04-10 12:16:00,2017-04-10 08:12:44,18.2
2017-04-10 12:16:00,2017-04-10 08:13:44,18.2
2017-04-10 12:16:00,2017-04-10 08:14:44,18.2
2017-04-10 12:16:00,2017-04-10 08:16:22,18.3
2017-04-10 12:17:00,2017-04-10 08:17:10,18.3
2017-04-10 12:18:00,2017-04-10 08:17:58,18.2
2017-04-10 12:18:00,2017-04-10 08:18:46,15.0
2017-04-10 12:19:00,2017-04-10 08:19:34,18.3
2017-04-10 12:20:00,2017-04-10 08:20:22,18.3
2017-04-10 12:21:00,2017-04-10 08:21:10,18.3
2017-04-10 12:22:00,2017-04-10 08:21:58,18.8
2017-04-10 12:23:00,2017-04-10 08:22:44,18.8
2017-04-10 12:23:00,2017-04-10 08:23:34,18.8
2017-04-10 12:25:00,2017-04-10 08:25:10,18.9
2017-04-10 12:26:00,2017-04-10 08:25:58,19.0
2017-04-10 12:27:00,2017-04-10 08:26:44,19.0
2017-04-10 12:27:00,2017-04-10 08:27:34,19.6
2017-04-10 12:28:00,2017-04-10 08:28:22,19.6
2017-04-10 12:29:00,2017-04-10 08:29:10,19.7
2017-04-10 12:30:00,2017-04-10 08:29:58,19.7
2017-04-10 12:31:00,2017-04-10 08:30:44,19.7
2017-04-10 12:31:00,2017-04-10 08:31:34,19.8
2017-04-10 12:32:00,2017-04-10 08:32:22,19.8
2017-04-10 12:33:00,2017-04-10 08:33:10,19.8
2017-04-10 12:34:00,2017-04-10 08:33:58,19.8
2017-04-10 12:34:00,2017-04-10 08:34:46,19.9
2017-04-10 12:35:00,2017-04-10 08:35:34,20.0
2017-04-10 12:36:00,2017-04-10 08:36:22,20.0
2017-04-10 12:37:00,2017-04-10 08:37:10,20.8
2017-04-10 12:38:00,2017-04-10 08:37:58,20.9
2017-04-10 12:39:00,2017-04-10 08:38:44,20.9
2017-04-10 12:39:00,2017-04-10 08:39:34,21.1
2017-04-10 12:40:00,2017-04-10 08:40:22,21.1
2017-04-10 12:41:00,2017-04-10 08:41:10,21.1
2017-04-10 12:42:00,2017-04-10 08:41:58,21.2
2017-04-10 12:43:00,2017-04-10 08:42:44,21.2
2017-04-10 12:43:00,2017-04-10 08:43:34,20.9
2017-04-10 12:44:00,2017-04-10 08:44:22,20.8
2017-04-10 12:45:00,2017-04-10 08:45:10,20.0
2017-04-10 12:46:00,2017-04-10 08:45:58,20.0
2017-04-10 12:47:00,2017-04-10 08:46:44,20.0
2017-04-10 12:47:00,2017-04-10 08:47:34,20.0
2017-04-10 12:48:00,2017-04-10 08:48:22,20.0
2017-04-10 12:49:00,2017-04-10 08:49:10,20.0
2017-04-10 12:50:00,2017-04-10 08:49:58,20.8
2017-04-10 12:50:00,2017-04-10 08:50:46,18.6
2017-04-10 12:51:00,2017-04-10 08:51:34,20.8
2017-04-10 12:52:00,2017-04-10 08:52:22,21.0
2017-04-10 12:53:00,2017-04-10 08:53:10,21.2
2017-04-10 12:54:00,2017-04-10 08:53:58,21.4
2017-04-10 12:54:00,2017-04-10 08:54:46,21.4
2017-04-10 12:55:00,2017-04-10 08:55:34,21.3
2017-04-10 12:56:00,2017-04-10 08:56:22,21.2
2017-04-10 12:57:00,2017-04-10 08:57:10,20.8
2017-04-10 12:58:00,2017-04-10 08:57:58,20.8
2017-04-10 12:58:00,2017-04-10 08:58:46,20.0
2017-04-10 12:59:00,2017-04-10 08:59:34,20.8
2017-04-10 13:00:00,2017-04-10 09:00:22,20.8
2017-04-10 13:01:00,2017-04-10 09:01:10,20.8
2017-04-10 13:02:00,2017-04-10 09:01:58,20.8
2017-04-10 13:02:00,2017-04-10 09:02:46,20.8
2017-04-10 13:03:00,2017-04-10 09:03:34,20.0
2017-04-10 13:04:00,2017-04-10 09:04:22,20.0
2017-04-10 13:05:00,2017-04-10 09:05:10,20.0
2017-04-10 13:06:00,2017-04-10 09:05:58,20.0
2017-04-10 13:07:00,2017-04-10 09:06:44,20.0
2017-04-10 13:07:00,2017-04-10 09:07:34,20.0
2017-04-10 13:08:00,2017-04-10 09:08:22,19.9
2017-04-10 13:09:00,2017-04-10 09:09:10,19.9
2017-04-10 13:10:00,2017-04-10 09:09:58,19.9
2017-04-10 13:11:00,2017-04-10 09:10:44,19.9
2017-04-10 13:11:00,2017-04-10 09:11:34,19.7
2017-04-10 13:12:00,2017-04-10 09:12:22,19.7
2017-04-10 13:13:00,2017-04-10 09:13:10,19.7
2017-04-10 13:14:00,2017-04-10 09:13:58,19.7
2017-04-10 13:14:00,2017-04-10 09:14:46,19.6
2017-04-10 13:15:00,2017-04-10 09:15:34,19.6
2017-04-10 13:16:00,2017-04-10 09:16:22,19.3
2017-04-10 13:17:00,2017-04-10 09:17:10,19.3
2017-04-10 13:18:00,2017-04-10 09:17:58,19.3
2017-04-10 13:19:00,2017-04-10 09:18:44,19.3
2017-04-10 13:19:00,2017-04-10 09:19:34,19.3
2017-04-10 13:20:00,2017-04-10 09:20:22,19.7
2017-04-10 13:21:00,2017-04-10 09:21:10,19.7
2017-04-10 13:21:00,2017-04-10 09:21:57,19.7
2017-04-10 13:22:00,2017-04-10 09:22:50,19.8
2017-04-10 13:23:00,2017-04-10 09:23:38,19.8
2017-04-10 13:24:00,2017-04-10 09:24:26,19.8
2017-04-10 13:26:00,2017-04-10 09:26:02,19.8
2017-04-10 13:27:00,2017-04-10 09:26:44,19.8
2017-04-10 13:27:00,2017-04-10 09:27:38,19.8
2017-04-10 13:28:00,2017-04-10 09:28:26,19.8
2017-04-10 13:29:00,2017-04-10 09:29:14,19.8
2017-04-10 13:31:00,2017-04-10 09:30:44,19.7
2017-04-10 13:31:00,2017-04-10 09:31:34,19.7
2017-04-10 13:32:00,2017-04-10 09:32:22,19.7
2017-04-10 13:33:00,2017-04-10 09:33:10,19.8
2017-04-10 13:34:00,2017-04-10 09:33:58,19.8
2017-04-10 13:34:00,2017-04-10 09:34:46,19.9
2017-04-10 13:35:00,2017-04-10 09:35:34,19.9
2017-04-10 13:36:00,2017-04-10 09:36:22,19.9
2017-04-10 13:37:00,2017-04-10 09:37:10,19.9
2017-04-10 13:38:00,2017-04-10 09:37:58,19.9
2017-04-10 13:39:00,2017-04-10 09:38:44,19.9
2017-04-10 13:39:00,2017-04-10 09:39:34,19.9
2017-04-10 13:40:00,2017-04-10 09:40:22,19.9
2017-04-10 13:41:00,2017-04-10 09:41:10,19.9
2017-04-10 13:42:00,2017-04-10 09:41:58,19.9
2017-04-10 13:47:00,2017-04-10 09:42:44,19.9
2017-04-10 13:47:00,2017-04-10 09:43:44,19.9
2017-04-10 13:47:00,2017-04-10 09:44:44,19.9
2017-04-10 13:47:00,2017-04-10 09:45:44,19.9
2017-04-10 13:47:00,2017-04-10 09:46:44,
2017-04-10 13:47:00,2017-04-10 09:47:34,
2017-04-10 13:48:00,2017-04-10 09:48:22,
2017-04-10 13:50:00,2017-04-10 09:49:58,
2017-04-10 14:02:00,2017-04-10 10:01:58,20.8
2017-04-10 14:02:00,2017-04-10 10:02:46,20.8
2017-04-10 14:03:00,2017-04-10 10:03:34,20.8
2017-04-10 14:04:00,2017-04-10 10:04:22,20.8
2017-04-10 14:05:00,2017-04-10 10:05:10,20.8
2017-04-10 14:06:00,2017-04-10 10:05:58,20.8
2017-04-10 14:06:00,2017-04-10 10:06:46,20.8
2017-04-10 14:07:00,2017-04-10 10:07:34,20.9
2017-04-10 14:08:00,2017-04-10 10:08:22,21.0
2017-04-10 14:09:00,2017-04-10 10:09:10,21.1
2017-04-10 14:10:00,2017-04-10 10:09:58,21.1
2017-04-10 14:10:00,2017-04-10 10:10:46,21.0
2017-04-10 14:11:00,2017-04-10 10:11:34,20.8
2017-04-10 14:12:00,2017-04-10 10:12:22,20.8
2017-04-10 14:13:00,2017-04-10 10:13:10,20.8
2017-04-10 14:14:00,2017-04-10 10:13:58,20.8
2017-04-10 14:14:00,2017-04-10 10:14:46,20.0
2017-04-10 14:15:00,2017-04-10 10:15:34,20.8
2017-04-10 14:16:00,2017-04-10 10:16:22,20.8
2017-04-10 14:17:00,2017-04-10 10:17:10,20.8
2017-04-10 14:18:00,2017-04-10 10:17:58,20.8
2017-04-10 14:18:00,2017-04-10 10:18:46,20.8
2017-04-10 14:19:00,2017-04-10 10:19:34,20.8
2017-04-10 14:20:00,2017-04-10 10:20:22,20.0
2017-04-10 14:21:00,2017-04-10 10:21:10,20.8
2017-04-10 14:22:00,2017-04-10 10:22:46,20.8
2017-04-10 14:23:00,2017-04-10 10:23:34,20.8
2017-04-10 14:24:00,2017-04-10 10:24:22,20.8
2017-04-10 14:25:00,2017-04-10 10:25:10,20.8
2017-04-10 14:26:00,2017-04-10 10:25:58,20.8
2017-04-10 14:26:00,2017-04-10 10:26:46,20.9
2017-04-10 14:27:00,2017-04-10 10:27:34,21.1
2017-04-10 14:28:00,2017-04-10 10:28:22,21.2
2017-04-10 14:29:00,2017-04-10 10:29:10,21.5
2017-04-10 14:30:00,2017-04-10 10:29:58,21.5
2017-04-10 14:30:00,2017-04-10 10:30:46,22.1
2017-04-10 14:31:00,2017-04-10 10:31:34,22.4
2017-04-10 14:32:00,2017-04-10 10:32:22,22.5
2017-04-10 14:33:00,2017-04-10 10:33:10,22.4
2017-04-10 14:34:00,2017-04-10 10:33:58,22.1
2017-04-10 14:34:00,2017-04-10 10:34:46,21.5
2017-04-10 14:35:00,2017-04-10 10:35:34,21.4
2017-04-10 14:36:00,2017-04-10 10:36:22,21.3
2017-04-10 14:37:00,2017-04-10 10:37:10,21.0
2017-04-10 14:38:00,2017-04-10 10:37:58,21.0
2017-04-10 14:38:00,2017-04-10 10:38:46,20.8
2017-04-10 14:39:00,2017-04-10 10:39:34,20.8
2017-04-10 14:40:00,2017-04-10 10:40:22,20.8
2017-04-10 14:42:00,2017-04-10 10:41:12,20.8
2017-04-10 14:42:00,2017-04-10 10:41:58,20.8
2017-04-10 14:42:00,2017-04-10 10:42:46,20.8
2017-04-10 14:43:00,2017-04-10 10:43:34,20.8
2017-04-10 14:44:00,2017-04-10 10:44:22,20.0
2017-04-10 14:45:00,2017-04-10 10:45:10,20.8
2017-04-10 14:46:00,2017-04-10 10:45:58,20.8
2017-04-10 14:46:00,2017-04-10 10:46:46,20.8
2017-04-10 14:47:00,2017-04-10 10:47:34,20.9
2017-04-10 14:48:00,2017-04-10 10:48:22,21.1
2017-04-10 14:49:00,2017-04-10 10:49:10,21.3
2017-04-10 14:50:00,2017-04-10 10:49:58,21.5
2017-04-10 14:50:00,2017-04-10 10:50:46,21.9
2017-04-10 14:51:00,2017-04-10 10:51:34,22.1
2017-04-10 14:52:00,2017-04-10 10:52:22,22.2
2017-04-10 14:53:00,2017-04-10 10:53:10,22.5
2017-04-10 14:54:00,2017-04-10 10:53:58,22.7
2017-04-10 14:54:00,2017-04-10 10:54:46,22.8
2017-04-10 14:55:00,2017-04-10 10:55:34,22.8
2017-04-10 14:56:00,2017-04-10 10:56:22,22.9
2017-04-10 14:57:00,2017-04-10 10:57:10,22.9
2017-04-10 14:58:00,2017-04-10 10:57:58,22.7
2017-04-10 14:58:00,2017-04-10 10:58:46,22.7
2017-04-10 14:59:00,2017-04-10 10:59:34,22.5
2017-04-10 15:00:00,2017-04-10 11:00:22,22.7
2017-04-10 15:01:00,2017-04-10 11:01:10,22.5
2017-04-10 15:02:00,2017-04-10 11:01:58,22.1
2017-04-10 15:02:00,2017-04-10 11:02:46,22.1
2017-04-10 15:03:00,2017-04-10 11:03:34,22.0
2017-04-10 15:04:00,2017-04-10 11:04:22,22.1
2017-04-10 15:05:00,2017-04-10 11:05:10,22.1
2017-04-10 15:06:00,2017-04-10 11:05:58,22.0
2017-04-10 15:06:00,2017-04-10 11:06:46,22.0
2017-04-10 15:07:00,2017-04-10 11:07:34,21.9
2017-04-10 15:08:00,2017-04-10 11:08:22,21.9
2017-04-10 15:09:00,2017-04-10 11:09:10,21.9
2017-04-10 15:10:00,2017-04-10 11:09:58,21.9
2017-04-10 15:10:00,2017-04-10 11:10:46,21.9
2017-04-10 15:11:00,2017-04-10 11:11:34,21.9
2017-04-10 15:12:00,2017-04-10 11:12:22,22.1
2017-04-10 15:13:00,2017-04-10 11:13:10,22.3
2017-04-10 15:14:00,2017-04-10 11:13:58,22.4
2017-04-10 15:14:00,2017-04-10 11:14:46,22.7
2017-04-10 15:15:00,2017-04-10 11:15:34,22.7
2017-04-10 15:16:00,2017-04-10 11:16:22,22.9
2017-04-10 15:17:00,2017-04-10 11:17:10,23.2
2017-04-10 15:18:00,2017-04-10 11:17:58,23.6
2017-04-10 15:18:00,2017-04-10 11:18:46,23.9
2017-04-10 15:19:00,2017-04-10 11:19:34,23.9
2017-04-10 15:20:00,2017-04-10 11:20:22,23.8
2017-04-10 15:21:00,2017-04-10 11:21:10,23.7
2017-04-10 15:22:00,2017-04-10 11:21:58,23.7
2017-04-10 15:22:00,2017-04-10 11:22:46,23.8
2017-04-10 15:23:00,2017-04-10 11:23:34,23.9
2017-04-10 15:24:00,2017-04-10 11:24:22,23.8
2017-04-10 15:25:00,2017-04-10 11:25:10,23.5
2017-04-10 15:26:00,2017-04-10 11:25:58,23.2
2017-04-10 15:26:00,2017-04-10 11:26:46,22.8
2017-04-10 15:27:00,2017-04-10 11:27:34,22.5
2017-04-10 15:28:00,2017-04-10 11:28:22,22.7
2017-04-10 15:29:00,2017-04-10 11:29:10,22.7
2017-04-10 15:30:00,2017-04-10 11:29:58,22.9
2017-04-10 15:30:00,2017-04-10 11:30:46,23.0
2017-04-10 15:31:00,2017-04-10 11:31:34,23.1
2017-04-10 15:32:00,2017-04-10 11:32:22,22.9
2017-04-10 15:33:00,2017-04-10 11:33:10,22.7
2017-04-10 15:34:00,2017-04-10 11:33:58,22.7
2017-04-10 15:34:00,2017-04-10 11:34:46,22.7
2017-04-10 15:35:00,2017-04-10 11:35:34,23.0
2017-04-10 15:36:00,2017-04-10 11:36:22,23.3
2017-04-10 15:37:00,2017-04-10 11:37:10,23.5
2017-04-10 15:38:00,2017-04-10 11:37:58,23.7
2017-04-10 15:38:00,2017-04-10 11:38:46,24.0
2017-04-10 15:39:00,2017-04-10 11:39:34,24.0
2017-04-10 15:40:00,2017-04-10 11:40:22,23.9
2017-04-10 15:41:00,2017-04-10 11:41:10,23.5
2017-04-10 15:42:00,2017-04-10 11:41:58,23.2
2017-04-10 15:42:00,2017-04-10 11:42:46,23.0
2017-04-10 15:43:00,2017-04-10 11:43:34,22.8
2017-04-10 15:44:00,2017-04-10 11:44:22,22.7
2017-04-10 15:45:00,2017-04-10 11:45:10,22.3
2017-04-10 15:46:00,2017-04-10 11:45:58,22.1
2017-04-10 15:46:00,2017-04-10 11:46:46,21.6
2017-04-10 15:47:00,2017-04-10 11:47:34,21.4
2017-04-10 15:48:00,2017-04-10 11:48:22,21.4
2017-04-10 15:49:00,2017-04-10 11:49:10,21.4
2017-04-10 15:50:00,2017-04-10 11:49:58,21.4
2017-04-10 15:50:00,2017-04-10 11:50:46,21.4
2017-04-10 15:51:00,2017-04-10 11:51:34,21.4
2017-04-10 15:52:00,2017-04-10 11:52:22,21.4
2017-04-10 15:53:00,2017-04-10 11:53:10,21.5
2017-04-10 15:54:00,2017-04-10 11:53:58,21.9
2017-04-10 15:54:00,2017-04-10 11:54:46,22.0
2017-04-10 15:55:00,2017-04-10 11:55:34,22.1
2017-04-10 15:56:00,2017-04-10 11:56:22,22.1
2017-04-10 15:57:00,2017-04-10 11:57:10,22.3
2017-04-10 15:58:00,2017-04-10 11:57:58,22.5
2017-04-10 15:59:00,2017-04-10 11:59:34,22.5
2017-04-10 16:00:00,2017-04-10 12:00:22,22.5
2017-04-10 16:03:00,2017-04-10 12:01:12,22.5
2017-04-10 16:03:00,2017-04-10 12:02:12,22.5
2017-04-10 16:03:00,2017-04-10 12:03:34,22.5
2017-04-10 16:04:00,2017-04-10 12:04:22,22.5
2017-04-10 16:05:00,2017-04-10 12:05:10,21.5
2017-04-10 16:06:00,2017-04-10 12:05:58,21.5
2017-04-10 16:06:00,2017-04-10 12:06:46,21.5
2017-04-10 16:07:00,2017-04-10 12:07:34,21.5
2017-04-10 16:08:00,2017-04-10 12:08:22,21.9
2017-04-10 16:09:00,2017-04-10 12:09:10,21.9
2017-04-10 16:10:00,2017-04-10 12:09:58,21.9
2017-04-10 16:10:00,2017-04-10 12:10:46,22.0
2017-04-10 16:11:00,2017-04-10 12:11:34,22.1
2017-04-10 16:12:00,2017-04-10 12:12:22,22.3
2017-04-10 16:13:00,2017-04-10 12:13:10,22.3
2017-04-10 16:14:00,2017-04-10 12:13:58,22.4
2017-04-10 16:14:00,2017-04-10 12:14:46,22.4
2017-04-10 16:15:00,2017-04-10 12:15:34,22.4
2017-04-10 16:16:00,2017-04-10 12:16:22,22.7
2017-04-10 16:17:00,2017-04-10 12:17:10,22.7
2017-04-10 16:18:00,2017-04-10 12:17:58,22.9
2017-04-10 16:18:00,2017-04-10 12:18:46,22.9
2017-04-10 16:19:00,2017-04-10 12:19:34,23.0
2017-04-10 16:20:00,2017-04-10 12:20:22,23.0
2017-04-10 16:21:00,2017-04-10 12:21:10,23.0
2017-04-10 16:22:00,2017-04-10 12:21:58,23.0
2017-04-10 16:22:00,2017-04-10 12:22:46,23.1
2017-04-10 16:23:00,2017-04-10 12:23:34,23.3
2017-04-10 16:24:00,2017-04-10 12:24:22,23.3
2017-04-10 16:25:00,2017-04-10 12:25:10,23.3
2017-04-10 16:26:00,2017-04-10 12:25:58,23.3
2017-04-10 16:26:00,2017-04-10 12:26:46,23.3
2017-04-10 16:27:00,2017-04-10 12:27:34,23.0
2017-04-10 16:28:00,2017-04-10 12:28:22,23.0
2017-04-10 16:29:00,2017-04-10 12:29:10,23.1
2017-04-10 16:30:00,2017-04-10 12:29:58,23.3
2017-04-10 16:30:00,2017-04-10 12:30:46,23.4
2017-04-10 16:31:00,2017-04-10 12:31:34,23.7
2017-04-10 16:32:00,2017-04-10 12:32:22,23.4
2017-04-10 16:33:00,2017-04-10 12:33:10,23.4
2017-04-10 16:34:00,2017-04-10 12:33:58,23.3
2017-04-10 16:34:00,2017-04-10 12:34:46,23.4
2017-04-10 16:35:00,2017-04-10 12:35:34,23.4
2017-04-10 16:36:00,2017-04-10 12:36:22,23.7
2017-04-10 16:37:00,2017-04-10 12:37:10,23.7
2017-04-10 16:38:00,2017-04-10 12:37:58,23.7
2017-04-10 16:38:00,2017-04-10 12:38:46,23.4
2017-04-10 16:39:00,2017-04-10 12:39:34,23.4
2017-04-10 16:40:00,2017-04-10 12:40:22,23.2
2017-04-10 16:41:00,2017-04-10 12:41:10,23.1
2017-04-10 16:42:00,2017-04-10 12:41:58,23.0
2017-04-10 16:42:00,2017-04-10 12:42:46,23.0
2017-04-10 16:43:00,2017-04-10 12:43:34,23.0
2017-04-10 16:44:00,2017-04-10 12:44:22,23.1
2017-04-10 16:45:00,2017-04-10 12:45:10,23.2
2017-04-10 16:46:00,2017-04-10 12:45:58,23.2
2017-04-10 16:46:00,2017-04-10 12:46:46,23.1
2017-04-10 16:47:00,2017-04-10 12:47:34,23.0
2017-04-10 16:48:00,2017-04-10 12:48:22,23.0
2017-04-10 16:49:00,2017-04-10 12:49:10,23.0
2017-04-10 16:50:00,2017-04-10 12:49:58,23.0
2017-04-10 16:50:00,2017-04-10 12:50:46,23.0
2017-04-10 16:51:00,2017-04-10 12:51:34,23.0
2017-04-10 16:52:00,2017-04-10 12:52:22,23.2
2017-04-10 16:53:00,2017-04-10 12:53:10,23.4
2017-04-10 16:54:00,2017-04-10 12:53:58,23.5
2017-04-10 16:54:00,2017-04-10 12:54:46,23.5
2017-04-10 16:55:00,2017-04-10 12:55:34,23.5
2017-04-10 16:56:00,2017-04-10 12:56:22,23.4
2017-04-10 16:57:00,2017-04-10 12:57:10,23.4
2017-04-10 16:58:00,2017-04-10 12:57:58,23.5
2017-04-10 16:58:00,2017-04-10 12:58:46,23.6
2017-04-10 16:59:00,2017-04-10 12:59:34,23.7
2017-04-10 17:00:00,2017-04-10 13:00:22,23.8
2017-04-10 17:01:00,2017-04-10 13:01:10,23.8
2017-04-10 17:02:00,2017-04-10 13:01:58,23.7
2017-04-10 17:02:00,2017-04-10 13:02:46,23.4
2017-04-10 17:03:00,2017-04-10 13:03:34,23.3
2017-04-10 17:04:00,2017-04-10 13:04:22,23.2
2017-04-10 17:05:00,2017-04-10 13:05:10,23.1
2017-04-10 17:06:00,2017-04-10 13:05:58,23.1
2017-04-10 17:06:00,2017-04-10 13:06:46,23.1
2017-04-10 17:07:00,2017-04-10 13:07:34,23.2
2017-04-10 17:08:00,2017-04-10 13:08:22,23.2
2017-04-10 17:09:00,2017-04-10 13:09:10,23.3
2017-04-10 17:10:00,2017-04-10 13:09:58,23.3
2017-04-10 17:10:00,2017-04-10 13:10:46,23.3
2017-04-10 17:11:00,2017-04-10 13:11:34,23.2
2017-04-10 17:12:00,2017-04-10 13:12:22,23.2
2017-04-10 17:13:00,2017-04-10 13:13:10,23.2
2017-04-10 17:14:00,2017-04-10 13:13:58,23.3
2017-04-10 17:14:00,2017-04-10 13:14:46,23.5
2017-04-10 17:15:00,2017-04-10 13:15:34,23.6
2017-04-10 17:16:00,2017-04-10 13:16:22,23.6
2017-04-10 17:17:00,2017-04-10 13:17:10,23.6
2017-04-10 17:18:00,2017-04-10 13:17:58,23.6
2017-04-10 17:18:00,2017-04-10 13:18:46,23.6
2017-04-10 17:19:00,2017-04-10 13:19:34,23.5
2017-04-10 17:20:00,2017-04-10 13:20:22,23.4
2017-04-10 17:21:00,2017-04-10 13:21:10,23.2
2017-04-10 17:22:00,2017-04-10 13:21:58,23.2
2017-04-10 17:22:00,2017-04-10 13:22:46,23.3
2017-04-10 17:23:00,2017-04-10 13:23:34,23.4
2017-04-10 17:24:00,2017-04-10 13:24:22,23.6
2017-04-10 17:25:00,2017-04-10 13:25:10,23.7
2017-04-10 17:26:00,2017-04-10 13:25:58,23.8
2017-04-10 17:26:00,2017-04-10 13:26:46,23.7
2017-04-10 17:27:00,2017-04-10 13:27:34,23.6
2017-04-10 17:28:00,2017-04-10 13:28:22,23.5
2017-04-10 17:29:00,2017-04-10 13:29:10,23.5
2017-04-10 17:30:00,2017-04-10 13:29:58,23.4
2017-04-10 17:30:00,2017-04-10 13:30:46,23.3
2017-04-10 17:31:00,2017-04-10 13:31:34,23.2
2017-04-10 17:32:00,2017-04-10 13:32:22,23.1
2017-04-10 17:33:00,2017-04-10 13:33:10,23.1
2017-04-10 17:34:00,2017-04-10 13:33:58,23.1
2017-04-10 17:34:00,2017-04-10 13:34:46,23.0
2017-04-10 17:35:00,2017-04-10 13:35:34,23.0
2017-04-10 17:36:00,2017-04-10 13:36:22,23.0
2017-04-10 17:37:00,2017-04-10 13:37:10,22.9
2017-04-10 17:38:00,2017-04-10 13:37:58,22.8
2017-04-10 17:38:00,2017-04-10 13:38:46,22.7
2017-04-10 17:39:00,2017-04-10 13:39:34,22.6
2017-04-10 17:40:00,2017-04-10 13:40:22,22.6
2017-04-10 17:41:00,2017-04-10 13:41:10,22.6
2017-04-10 17:42:00,2017-04-10 13:41:58,22.7
2017-04-10 17:42:00,2017-04-10 13:42:46,22.8
2017-04-10 17:43:00,2017-04-10 13:43:34,22.9
2017-04-10 17:44:00,2017-04-10 13:44:22,22.9
2017-04-10 17:45:00,2017-04-10 13:45:10,22.9
2017-04-10 17:46:00,2017-04-10 13:45:58,22.9
2017-04-10 17:46:00,2017-04-10 13:46:46,22.9
2017-04-10 17:47:00,2017-04-10 13:47:34,22.8
2017-04-10 17:48:00,2017-04-10 13:48:22,22.8
2017-04-10 17:49:00,2017-04-10 13:49:10,22.9
2017-04-10 17:50:00,2017-04-10 13:49:58,22.8
2017-04-10 17:50:00,2017-04-10 13:50:46,22.9
2017-04-10 17:51:00,2017-04-10 13:51:34,22.9
2017-04-10 17:52:00,2017-04-10 13:52:22,22.7
2017-04-10 17:53:00,2017-04-10 13:53:10,22.6
2017-04-10 17:54:00,2017-04-10 13:53:58,22.6
2017-04-10 17:54:00,2017-04-10 13:54:46,22.4
2017-04-10 17:55:00,2017-04-10 13:55:34,22.4
2017-04-10 17:56:00,2017-04-10 13:56:22,22.2
2017-04-10 17:57:00,2017-04-10 13:57:10,22.0
2017-04-10 17:58:00,2017-04-10 13:57:58,21.9
2017-04-10 17:58:00,2017-04-10 13:58:46,21.9
2017-04-10 17:59:00,2017-04-10 13:59:34,21.9
2017-04-10 18:00:00,2017-04-10 14:00:22,21.9
2017-04-10 18:02:00,2017-04-10 14:01:58,21.9
2017-04-10 18:02:00,2017-04-10 14:02:46,21.9
2017-04-10 18:04:00,2017-04-10 14:04:22,21.9
2017-04-10 18:05:00,2017-04-10 14:05:10,22.2
2017-04-10 18:06:00,2017-04-10 14:05:58,22.2
2017-04-10 18:06:00,2017-04-10 14:06:46,22.2
2017-04-10 18:07:00,2017-04-10 14:07:34,22.2
2017-04-10 18:08:00,2017-04-10 14:08:22,22.2
2017-04-10 18:09:00,2017-04-10 14:09:10,22.2
2017-04-10 18:10:00,2017-04-10 14:09:58,22.2
2017-04-10 18:10:00,2017-04-10 14:10:46,22.2
2017-04-10 18:11:00,2017-04-10 14:11:34,22.2
2017-04-10 18:12:00,2017-04-10 14:12:22,22.2
2017-04-10 18:13:00,2017-04-10 14:13:10,22.2
2017-04-10 18:14:00,2017-04-10 14:13:58,22.2
2017-04-10 18:14:00,2017-04-10 14:14:46,22.3
2017-04-10 18:15:00,2017-04-10 14:15:34,22.3
2017-04-10 18:16:00,2017-04-10 14:16:22,22.2
2017-04-10 18:17:00,2017-04-10 14:17:10,22.2
2017-04-10 18:18:00,2017-04-10 14:17:58,22.2
2017-04-10 18:18:00,2017-04-10 14:18:46,22.2
2017-04-10 18:19:00,2017-04-10 14:19:34,22.2
2017-04-10 18:20:00,2017-04-10 14:20:22,22.2
2017-04-10 18:21:00,2017-04-10 14:21:10,22.2
2017-04-10 18:22:00,2017-04-10 14:21:58,22.2
2017-04-10 18:22:00,2017-04-10 14:22:46,22.1
2017-04-10 18:23:00,2017-04-10 14:23:34,22.1
2017-04-10 18:24:00,2017-04-10 14:24:22,22.1
2017-04-10 18:25:00,2017-04-10 14:25:10,22.1
2017-04-10 18:26:00,2017-04-10 14:25:58,22.1
2017-04-10 18:26:00,2017-04-10 14:26:46,22.2
2017-04-10 18:27:00,2017-04-10 14:27:34,22.2
2017-04-10 18:28:00,2017-04-10 14:28:22,22.2
2017-04-10 18:29:00,2017-04-10 14:29:10,22.2
2017-04-10 18:30:00,2017-04-10 14:29:58,22.2
2017-04-10 18:30:00,2017-04-10 14:30:46,22.2
2017-04-10 18:31:00,2017-04-10 14:31:34,22.1
2017-04-10 18:32:00,2017-04-10 14:32:22,22.1
2017-04-10 18:33:00,2017-04-10 14:33:10,22.1
2017-04-10 18:34:00,2017-04-10 14:33:58,22.1
2017-04-10 18:34:00,2017-04-10 14:34:46,22.1
2017-04-10 18:35:00,2017-04-10 14:35:34,22.1
2017-04-10 18:36:00,2017-04-10 14:36:22,22.0
2017-04-10 18:37:00,2017-04-10 14:37:10,22.0
2017-04-10 18:38:00,2017-04-10 14:37:58,22.0
2017-04-10 18:38:00,2017-04-10 14:38:46,22.0
2017-04-10 18:39:00,2017-04-10 14:39:34,21.9
2017-04-10 18:40:00,2017-04-10 14:40:22,21.9
2017-04-10 18:41:00,2017-04-10 14:41:10,21.5
2017-04-10 18:42:00,2017-04-10 14:41:58,21.5
2017-04-10 18:42:00,2017-04-10 14:42:46,21.5
2017-04-10 18:43:00,2017-04-10 14:43:34,21.4
2017-04-10 18:44:00,2017-04-10 14:44:22,21.4
2017-04-10 18:45:00,2017-04-10 14:45:10,21.4
2017-04-10 18:46:00,2017-04-10 14:45:58,21.3
2017-04-10 18:46:00,2017-04-10 14:46:46,21.3
2017-04-10 18:47:00,2017-04-10 14:47:34,21.3
2017-04-10 18:48:00,2017-04-10 14:48:22,21.2
2017-04-10 18:49:00,2017-04-10 14:49:10,21.2
2017-04-10 18:50:00,2017-04-10 14:49:58,21.1
2017-04-10 18:50:00,2017-04-10 14:50:46,21.0
2017-04-10 18:51:00,2017-04-10 14:51:34,20.9
2017-04-10 18:52:00,2017-04-10 14:52:22,20.8
2017-04-10 18:53:00,2017-04-10 14:53:10,20.8
2017-04-10 18:54:00,2017-04-10 14:53:58,20.8
2017-04-10 18:54:00,2017-04-10 14:54:46,20.8
2017-04-10 18:55:00,2017-04-10 14:55:34,20.8
2017-04-10 18:56:00,2017-04-10 14:56:22,20.8
2017-04-10 18:57:00,2017-04-10 14:57:10,20.8
2017-04-10 18:58:00,2017-04-10 14:58:46,20.8
2017-04-10 18:59:00,2017-04-10 14:59:34,20.1
2017-04-10 19:00:00,2017-04-10 15:00:22,20.1
2017-04-10 19:01:00,2017-04-10 15:01:10,20.1
2017-04-10 19:02:00,2017-04-10 15:01:58,20.1
2017-04-10 19:02:00,2017-04-10 15:02:46,20.0
2017-04-10 19:03:00,2017-04-10 15:03:34,20.0
2017-04-10 19:04:00,2017-04-10 15:04:22,20.0
2017-04-10 19:05:00,2017-04-10 15:05:10,20.0
2017-04-10 19:06:00,2017-04-10 15:05:58,20.0
2017-04-10 19:06:00,2017-04-10 15:06:46,20.0
2017-04-10 19:07:00,2017-04-10 15:07:34,20.0
2017-04-10 19:08:00,2017-04-10 15:08:22,20.0
2017-04-10 19:09:00,2017-04-10 15:09:10,20.0
2017-04-10 19:10:00,2017-04-10 15:09:58,19.9
2017-04-10 19:10:00,2017-04-10 15:10:46,19.8
2017-04-10 19:11:00,2017-04-10 15:11:34,19.7
2017-04-10 19:12:00,2017-04-10 15:12:22,19.6
2017-04-10 19:13:00,2017-04-10 15:13:10,19.5
2017-04-10 19:14:00,2017-04-10 15:13:58,19.3
2017-04-10 19:14:00,2017-04-10 15:14:46,19.2
2017-04-10 19:15:00,2017-04-10 15:15:34,19.1
2017-04-10 19:16:00,2017-04-10 15:16:22,18.9
2017-04-10 19:17:00,2017-04-10 15:17:10,18.7
2017-04-10 19:18:00,2017-04-10 15:17:58,18.6
2017-04-10 19:18:00,2017-04-10 15:18:46,18.5
2017-04-10 19:19:00,2017-04-10 15:19:34,18.5
2017-04-10 19:20:00,2017-04-10 15:20:22,18.4
2017-04-10 19:21:00,2017-04-10 15:21:10,18.4
2017-04-10 19:22:00,2017-04-10 15:21:58,18.4
2017-04-10 19:22:00,2017-04-10 15:22:46,18.4
2017-04-10 19:23:00,2017-04-10 15:23:34,18.3
2017-04-10 19:24:00,2017-04-10 15:24:22,18.3
2017-04-10 19:25:00,2017-04-10 15:25:10,18.3
2017-04-10 19:26:00,2017-04-10 15:25:58,18.2
2017-04-10 19:26:00,2017-04-10 15:26:46,18.2
2017-04-10 19:27:00,2017-04-10 15:27:37,18.2
2017-04-10 19:28:00,2017-04-10 15:28:25,18.1
2017-04-10 19:29:00,2017-04-10 15:29:13,18.1
2017-04-10 19:30:00,2017-04-10 15:30:01,18.1
2017-04-10 19:30:00,2017-04-10 15:30:49,18.1
2017-04-10 19:31:00,2017-04-10 15:31:37,18.1
2017-04-10 19:32:00,2017-04-10 15:32:25,18.1
2017-04-10 19:33:00,2017-04-10 15:33:13,18.1
2017-04-10 19:34:00,2017-04-10 15:34:01,18.1
2017-04-10 19:34:00,2017-04-10 15:34:49,18.1
2017-04-10 19:35:00,2017-04-10 15:35:37,18.1
2017-04-10 19:36:00,2017-04-10 15:36:25,18.1
2017-04-10 19:37:00,2017-04-10 15:37:13,18.1
2017-04-10 19:38:00,2017-04-10 15:38:01,18.1
2017-04-10 19:38:00,2017-04-10 15:38:49,18.1
2017-04-10 19:39:00,2017-04-10 15:39:37,18.0
2017-04-10 19:40:00,2017-04-10 15:40:25,18.0
2017-04-10 19:41:00,2017-04-10 15:41:13,18.0
2017-04-10 19:42:00,2017-04-10 15:42:01,18.0
2017-04-10 19:42:00,2017-04-10 15:42:49,17.9
2017-04-10 19:43:00,2017-04-10 15:43:37,17.9
2017-04-10 19:44:00,2017-04-10 15:44:25,17.9
2017-04-10 19:45:00,2017-04-10 15:45:13,17.9
2017-04-10 19:46:00,2017-04-10 15:46:01,17.9
2017-04-10 19:46:00,2017-04-10 15:46:49,17.9
2017-04-10 19:47:00,2017-04-10 15:47:37,17.9
2017-04-10 19:48:00,2017-04-10 15:48:25,17.9
2017-04-10 19:49:00,2017-04-10 15:49:13,17.9
2017-04-10 19:50:00,2017-04-10 15:50:01,17.9
2017-04-10 19:50:00,2017-04-10 15:50:49,17.9
2017-04-10 19:51:00,2017-04-10 15:51:37,17.9
2017-04-10 19:52:00,2017-04-10 15:52:25,17.9
2017-04-10 19:53:00,2017-04-10 15:53:13,17.9
2017-04-10 19:54:00,2017-04-10 15:54:01,17.9
2017-04-10 19:54:00,2017-04-10 15:54:49,17.9
2017-04-10 19:55:00,2017-04-10 15:55:37,17.7
2017-04-10 19:56:00,2017-04-10 15:56:25,17.6
2017-04-10 19:57:00,2017-04-10 15:57:13,17.6
2017-04-10 19:58:00,2017-04-10 15:58:01,17.5
2017-04-10 19:58:00,2017-04-10 15:58:49,17.5
2017-04-10 19:59:00,2017-04-10 15:59:37,17.5
2017-04-10 20:00:00,2017-04-10 16:00:25,17.5
2017-04-10 20:02:00,2017-04-10 16:02:01,17.5
2017-04-10 20:05:00,2017-04-10 16:03:12,17.5
2017-04-10 20:05:00,2017-04-10 16:04:12,17.5
2017-04-10 20:05:00,2017-04-10 16:05:13,17.4
2017-04-10 20:06:00,2017-04-10 16:06:01,17.4
2017-04-10 20:06:00,2017-04-10 16:06:49,17.4
2017-04-10 20:07:00,2017-04-10 16:07:37,17.3
2017-04-10 20:08:00,2017-04-10 16:08:25,17.3
2017-04-10 20:09:00,2017-04-10 16:09:13,17.3
2017-04-10 20:10:00,2017-04-10 16:10:01,17.3
2017-04-10 20:10:00,2017-04-10 16:10:49,17.3
2017-04-10 20:11:00,2017-04-10 16:11:37,17.2
2017-04-10 20:12:00,2017-04-10 16:12:25,17.2
2017-04-10 20:13:00,2017-04-10 16:13:13,17.0
2017-04-10 20:14:00,2017-04-10 16:14:49,17.0
2017-04-10 20:15:00,2017-04-10 16:15:37,16.9
2017-04-10 20:16:00,2017-04-10 16:16:25,16.9
2017-04-10 20:18:00,2017-04-10 16:17:12,16.9
2017-04-10 20:18:00,2017-04-10 16:18:01,16.9
2017-04-10 20:18:00,2017-04-10 16:18:49,16.8
2017-04-10 20:19:00,2017-04-10 16:19:37,16.8
2017-04-10 20:20:00,2017-04-10 16:20:25,16.8
2017-04-10 20:21:00,2017-04-10 16:21:13,16.8
2017-04-10 20:22:00,2017-04-10 16:22:01,16.8
2017-04-10 20:22:00,2017-04-10 16:22:49,16.8
2017-04-10 20:23:00,2017-04-10 16:23:37,16.8
2017-04-10 20:24:00,2017-04-10 16:24:25,16.9
2017-04-10 20:25:00,2017-04-10 16:25:13,16.9
2017-04-10 20:26:00,2017-04-10 16:26:01,16.8
2017-04-10 20:26:00,2017-04-10 16:26:49,16.8
2017-04-10 20:27:00,2017-04-10 16:27:37,16.8
2017-04-10 20:28:00,2017-04-10 16:28:25,16.8
2017-04-10 20:29:00,2017-04-10 16:29:13,16.8
2017-04-10 20:30:00,2017-04-10 16:30:01,16.8
2017-04-10 20:30:00,2017-04-10 16:30:49,16.8
2017-04-10 20:31:00,2017-04-10 16:31:37,16.7
2017-04-10 20:32:00,2017-04-10 16:32:25,16.7
2017-04-10 20:34:00,2017-04-10 16:33:12,16.7
2017-04-10 20:34:00,2017-04-10 16:34:01,16.6
2017-04-10 20:34:00,2017-04-10 16:34:49,16.6
2017-04-10 20:35:00,2017-04-10 16:35:37,16.5
2017-04-10 20:36:00,2017-04-10 16:36:25,16.4
2017-04-10 20:37:00,2017-04-10 16:37:13,16.4
2017-04-10 20:38:00,2017-04-10 16:38:01,16.4
2017-04-10 20:38:00,2017-04-10 16:38:49,16.4
2017-04-10 20:39:00,2017-04-10 16:39:37,16.4
2017-04-10 20:40:00,2017-04-10 16:40:25,16.4
2017-04-10 20:41:00,2017-04-10 16:41:13,16.4
2017-04-10 20:42:00,2017-04-10 16:42:01,16.4
2017-04-10 20:42:00,2017-04-10 16:42:49,16.5
2017-04-10 20:43:00,2017-04-10 16:43:37,16.5
2017-04-10 20:44:00,2017-04-10 16:44:25,16.6
2017-04-10 20:45:00,2017-04-10 16:45:13,16.6
2017-04-10 20:46:00,2017-04-10 16:46:01,16.6
2017-04-10 20:46:00,2017-04-10 16:46:49,16.5
2017-04-10 20:47:00,2017-04-10 16:47:37,16.4
2017-04-10 20:48:00,2017-04-10 16:48:25,16.4
2017-04-10 20:49:00,2017-04-10 16:49:13,16.4
2017-04-10 20:50:00,2017-04-10 16:50:01,16.3
2017-04-10 20:50:00,2017-04-10 16:50:49,16.3
2017-04-10 20:51:00,2017-04-10 16:51:37,16.3
2017-04-10 20:52:00,2017-04-10 16:52:25,16.3
2017-04-10 20:53:00,2017-04-10 16:53:13,16.2
2017-04-10 20:54:00,2017-04-10 16:54:01,16.1
2017-04-10 20:54:00,2017-04-10 16:54:49,16.1
2017-04-10 20:55:00,2017-04-10 16:55:37,16.1
2017-04-10 20:56:00,2017-04-10 16:56:25,16.0
2017-04-10 20:57:00,2017-04-10 16:57:13,16.0
2017-04-10 20:58:00,2017-04-10 16:58:01,16.0
2017-04-10 20:58:00,2017-04-10 16:58:49,15.9
2017-04-10 20:59:00,2017-04-10 16:59:37,15.8
2017-04-10 21:00:00,2017-04-10 17:00:25,15.7
2017-04-10 21:01:00,2017-04-10 17:01:13,15.6
2017-04-10 21:02:00,2017-04-10 17:02:01,15.6
2017-04-10 21:02:00,2017-04-10 17:02:49,15.6
2017-04-10 21:03:00,2017-04-10 17:03:37,15.6
2017-04-10 21:04:00,2017-04-10 17:04:25,15.6
2017-04-10 21:05:00,2017-04-10 17:05:13,15.6
2017-04-10 21:06:00,2017-04-10 17:06:01,15.5
2017-04-10 21:06:00,2017-04-10 17:06:49,15.3
2017-04-10 21:07:00,2017-04-10 17:07:37,15.2
2017-04-10 21:08:00,2017-04-10 17:08:25,15.1
2017-04-10 21:09:00,2017-04-10 17:09:13,15.0
2017-04-10 21:10:00,2017-04-10 17:10:01,15.0
2017-04-10 21:10:00,2017-04-10 17:10:49,15.0
2017-04-10 21:11:00,2017-04-10 17:11:37,14.8
2017-04-10 21:12:00,2017-04-10 17:12:25,14.9
2017-04-10 21:13:00,2017-04-10 17:13:13,14.9
2017-04-10 21:14:00,2017-04-10 17:14:01,15.0
2017-04-10 21:14:00,2017-04-10 17:14:49,15.1
2017-04-10 21:15:00,2017-04-10 17:15:37,15.2
2017-04-10 21:16:00,2017-04-10 17:16:25,15.3
2017-04-10 21:17:00,2017-04-10 17:17:13,15.3
2017-04-10 21:18:00,2017-04-10 17:18:01,15.5
2017-04-10 21:18:00,2017-04-10 17:18:49,15.5
2017-04-10 21:19:00,2017-04-10 17:19:37,15.8
2017-04-10 21:20:00,2017-04-10 17:20:25,15.9
2017-04-10 21:21:00,2017-04-10 17:21:13,16.0
2017-04-10 21:22:00,2017-04-10 17:22:01,16.0
2017-04-10 21:22:00,2017-04-10 17:22:49,15.9
2017-04-10 21:23:00,2017-04-10 17:23:37,15.8
2017-04-10 21:24:00,2017-04-10 17:24:25,15.6
2017-04-10 21:25:00,2017-04-10 17:25:13,15.6
2017-04-10 21:26:00,2017-04-10 17:26:01,15.6
2017-04-10 21:26:00,2017-04-10 17:26:49,15.5
2017-04-10 21:27:00,2017-04-10 17:27:37,15.5
2017-04-10 21:28:00,2017-04-10 17:28:25,15.5
2017-04-10 21:29:00,2017-04-10 17:29:13,15.6
2017-04-10 21:30:00,2017-04-10 17:30:01,15.6
2017-04-10 21:30:00,2017-04-10 17:30:49,15.6
2017-04-10 21:31:00,2017-04-10 17:31:37,15.6
2017-04-10 21:32:00,2017-04-10 17:32:25,15.7
2017-04-10 21:33:00,2017-04-10 17:33:13,15.7
2017-04-10 21:34:00,2017-04-10 17:34:01,15.7
2017-04-10 21:34:00,2017-04-10 17:34:49,15.7
2017-04-10 21:35:00,2017-04-10 17:35:37,15.6
2017-04-10 21:36:00,2017-04-10 17:36:25,15.6
2017-04-10 21:37:00,2017-04-10 17:37:13,15.6
2017-04-10 21:38:00,2017-04-10 17:38:01,15.6
2017-04-10 21:38:00,2017-04-10 17:38:49,15.5
2017-04-10 21:39:00,2017-04-10 17:39:37,15.5
2017-04-10 21:40:00,2017-04-10 17:40:22,15.5
2017-04-10 21:41:00,2017-04-10 17:41:59,15.3
2017-04-10 21:42:00,2017-04-10 17:42:47,15.2
2017-04-10 21:43:00,2017-04-10 17:43:35,15.1
2017-04-10 21:44:00,2017-04-10 17:44:23,15.1
2017-04-10 21:45:00,2017-04-10 17:45:11,15.0
2017-04-10 21:46:00,2017-04-10 17:45:59,15.0
2017-04-10 21:46:00,2017-04-10 17:46:47,14.8
2017-04-10 21:47:00,2017-04-10 17:47:35,14.8
2017-04-10 21:48:00,2017-04-10 17:48:23,14.7
2017-04-10 21:49:00,2017-04-10 17:49:11,14.6
2017-04-10 21:50:00,2017-04-10 17:49:59,14.5
2017-04-10 21:50:00,2017-04-10 17:50:47,14.3
2017-04-10 21:51:00,2017-04-10 17:51:35,14.3
2017-04-10 21:52:00,2017-04-10 17:52:23,14.3
2017-04-10 21:53:00,2017-04-10 17:53:11,14.3
2017-04-10 21:54:00,2017-04-10 17:53:59,14.3
2017-04-10 21:54:00,2017-04-10 17:54:47,14.3
2017-04-10 21:55:00,2017-04-10 17:55:35,14.3
2017-04-10 21:56:00,2017-04-10 17:56:23,14.2
2017-04-10 21:57:00,2017-04-10 17:57:11,14.2
2017-04-10 21:58:00,2017-04-10 17:57:59,14.2
2017-04-10 21:58:00,2017-04-10 17:58:47,14.2
2017-04-10 21:59:00,2017-04-10 17:59:35,14.2
2017-04-10 22:00:00,2017-04-10 18:00:48,14.2
2017-04-10 22:02:00,2017-04-10 18:02:00,14.2
2017-04-10 22:02:00,2017-04-10 18:02:48,14.2
2017-04-10 22:03:00,2017-04-10 18:03:36,14.2
2017-04-10 22:04:00,2017-04-10 18:04:24,14.2
2017-04-10 22:05:00,2017-04-10 18:05:12,14.0
2017-04-10 22:06:00,2017-04-10 18:06:00,14.0
2017-04-10 22:07:00,2017-04-10 18:07:36,13.9
2017-04-10 22:08:00,2017-04-10 18:08:24,13.9
2017-04-10 22:09:00,2017-04-10 18:09:12,13.6
2017-04-10 22:10:00,2017-04-10 18:10:00,13.6
2017-04-10 22:10:00,2017-04-10 18:10:48,13.6
2017-04-10 22:11:00,2017-04-10 18:11:36,13.6
2017-04-10 22:12:00,2017-04-10 18:12:24,13.6
2017-04-10 22:13:00,2017-04-10 18:13:12,13.6
2017-04-10 22:14:00,2017-04-10 18:14:00,13.6
2017-04-10 22:14:00,2017-04-10 18:14:48,13.6
2017-04-10 22:15:00,2017-04-10 18:15:36,13.6
2017-04-10 22:16:00,2017-04-10 18:16:24,13.7
2017-04-10 22:17:00,2017-04-10 18:17:12,13.6
2017-04-10 22:18:00,2017-04-10 18:18:00,13.6
2017-04-10 22:18:00,2017-04-10 18:18:48,13.6
2017-04-10 22:19:00,2017-04-10 18:19:36,13.6
2017-04-10 22:20:00,2017-04-10 18:20:24,13.6
2017-04-10 22:21:00,2017-04-10 18:21:12,13.6
2017-04-10 22:22:00,2017-04-10 18:22:00,13.6
2017-04-10 22:22:00,2017-04-10 18:22:48,13.6
2017-04-10 22:23:00,2017-04-10 18:23:36,13.5
2017-04-10 22:24:00,2017-04-10 18:24:24,13.5
2017-04-10 22:25:00,2017-04-10 18:25:12,13.4
2017-04-10 22:26:00,2017-04-10 18:26:00,13.3
2017-04-10 22:26:00,2017-04-10 18:26:48,13.3
2017-04-10 22:27:00,2017-04-10 18:27:36,13.3
2017-04-10 22:28:00,2017-04-10 18:28:24,13.3
2017-04-10 22:29:00,2017-04-10 18:29:12,13.3
2017-04-10 22:30:00,2017-04-10 18:30:00,13.2
2017-04-10 22:30:00,2017-04-10 18:30:48,13.2
2017-04-10 22:31:00,2017-04-10 18:31:36,13.2
2017-04-10 22:32:00,2017-04-10 18:32:24,13.2
2017-04-10 22:33:00,2017-04-10 18:33:12,13.2
2017-04-10 22:34:00,2017-04-10 18:34:00,13.3
2017-04-10 22:34:00,2017-04-10 18:34:48,13.3
2017-04-10 22:35:00,2017-04-10 18:35:36,13.2
2017-04-10 22:36:00,2017-04-10 18:36:24,13.2
2017-04-10 22:37:00,2017-04-10 18:37:12,13.2
2017-04-10 22:38:00,2017-04-10 18:38:00,13.2
2017-04-10 22:38:00,2017-04-10 18:38:48,13.2
2017-04-10 22:39:00,2017-04-10 18:39:36,13.2
2017-04-10 22:40:00,2017-04-10 18:40:24,13.2
2017-04-10 22:41:00,2017-04-10 18:41:12,13.2
2017-04-10 22:42:00,2017-04-10 18:42:00,13.2
2017-04-10 22:42:00,2017-04-10 18:42:48,13.2
2017-04-10 22:46:00,2017-04-10 18:46:00,13.1
2017-04-10 22:46:00,2017-04-10 18:46:48,13.1
2017-04-10 22:47:00,2017-04-10 18:47:36,13.0
2017-04-10 22:48:00,2017-04-10 18:48:24,13.0
2017-04-10 22:49:00,2017-04-10 18:49:12,13.0
2017-04-10 22:50:00,2017-04-10 18:50:00,13.0
2017-04-10 22:50:00,2017-04-10 18:50:48,12.9
2017-04-10 22:51:00,2017-04-10 18:51:36,12.9
2017-04-10 22:52:00,2017-04-10 18:52:24,12.9
2017-04-10 22:53:00,2017-04-10 18:53:12,12.8
2017-04-10 22:54:00,2017-04-10 18:54:00,12.8
2017-04-10 22:54:00,2017-04-10 18:54:48,12.8
2017-04-10 22:55:00,2017-04-10 18:55:36,12.8
2017-04-10 22:57:00,2017-04-10 18:57:12,12.8
2017-04-10 22:58:00,2017-04-10 18:58:00,12.8
2017-04-10 22:58:00,2017-04-10 18:58:48,12.8
2017-04-10 22:59:00,2017-04-10 18:59:36,12.8
2017-04-10 23:00:00,2017-04-10 19:00:24,12.8
2017-04-10 23:01:00,2017-04-10 19:01:12,12.9
2017-04-11 00:02:00,2017-04-10 19:06:12,13.1
2017-04-11 00:02:00,2017-04-10 19:07:12,13.1
2017-04-11 00:02:00,2017-04-10 19:08:12,13.1
2017-04-11 00:02:00,2017-04-10 19:22:12,12.6
2017-04-11 00:02:00,2017-04-10 19:24:12,12.6
2017-04-11 00:02:00,2017-04-10 19:28:12,12.5
2017-04-11 00:02:00,2017-04-10 19:36:12,12.1
2017-04-11 00:02:00,2017-04-10 19:39:12,11.9
2017-04-11 00:02:00,2017-04-10 19:40:12,12.0
2017-04-11 00:02:00,2017-04-10 19:42:12,12.2
2017-04-11 00:02:00,2017-04-10 19:43:12,12.2
2017-04-11 00:02:00,2017-04-10 19:44:12,12.1
2017-04-11 00:02:00,2017-04-10 19:46:12,12.0
2017-04-11 00:02:00,2017-04-10 19:47:12,11.9
2017-04-11 00:02:00,2017-04-10 19:48:12,11.9
2017-04-11 00:02:00,2017-04-10 19:51:12,11.9
2017-04-11 00:02:00,2017-04-10 19:56:12,11.9
2017-04-11 00:02:00,2017-04-10 19:58:12,11.9
2017-04-11 00:02:00,2017-04-10 19:59:12,11.9
2017-04-11 00:02:00,2017-04-10 20:00:12,11.9
2017-04-11 00:02:00,2017-04-10 20:01:12,11.9
2017-04-11 00:02:00,2017-04-10 20:02:48,11.9
2017-04-11 00:03:00,2017-04-10 20:03:36,11.9
2017-04-11 00:04:00,2017-04-10 20:04:24,11.9
2017-04-11 00:05:00,2017-04-10 20:05:12,11.9
2017-04-11 00:06:00,2017-04-10 20:06:00,11.9
2017-04-11 00:07:00,2017-04-10 20:07:36,11.4
2017-04-11 00:08:00,2017-04-10 20:08:24,11.5
2017-04-11 00:09:00,2017-04-10 20:09:12,11.6
2017-04-11 00:10:00,2017-04-10 20:10:00,11.6
2017-04-11 00:10:00,2017-04-10 20:10:48,11.7
2017-04-11 00:11:00,2017-04-10 20:11:36,11.7
2017-04-11 00:12:00,2017-04-10 20:12:24,11.8
2017-04-11 00:13:00,2017-04-10 20:13:12,11.8
2017-04-11 00:14:00,2017-04-10 20:14:00,11.8
2017-04-11 00:14:00,2017-04-10 20:14:48,11.8
2017-04-11 00:15:00,2017-04-10 20:15:36,11.8
2017-04-11 00:16:00,2017-04-10 20:16:24,11.8
2017-04-11 00:17:00,2017-04-10 20:17:12,11.8
2017-04-11 00:18:00,2017-04-10 20:18:00,11.8
2017-04-11 00:18:00,2017-04-10 20:18:48,11.8
2017-04-11 00:19:00,2017-04-10 20:19:36,11.7
2017-04-11 00:20:00,2017-04-10 20:20:24,11.7
2017-04-11 00:21:00,2017-04-10 20:21:12,11.7
2017-04-11 00:22:00,2017-04-10 20:22:00,11.8
2017-04-11 00:22:00,2017-04-10 20:22:48,11.8
2017-04-11 00:23:00,2017-04-10 20:23:36,11.7
2017-04-11 00:24:00,2017-04-10 20:24:24,11.7
2017-04-11 00:25:00,2017-04-10 20:25:12,11.7
2017-04-11 00:26:00,2017-04-10 20:26:00,11.7
2017-04-11 00:26:00,2017-04-10 20:26:48,11.8
2017-04-11 00:27:00,2017-04-10 20:27:36,11.8
2017-04-11 00:28:00,2017-04-10 20:28:24,11.8
2017-04-11 00:29:00,2017-04-10 20:29:12,11.8
2017-04-11 00:30:00,2017-04-10 20:30:00,11.8
2017-04-11 01:01:00,2017-04-10 21:01:12,11.7
2017-04-11 01:02:00,2017-04-10 21:02:00,11.7
2017-04-11 01:02:00,2017-04-10 21:02:48,11.7
2017-04-11 01:03:00,2017-04-10 21:03:36,11.7
2017-04-11 01:04:00,2017-04-10 21:04:24,11.6
2017-04-11 01:05:00,2017-04-10 21:05:12,11.6
2017-04-11 01:06:00,2017-04-10 21:06:00,11.6
2017-04-11 01:06:00,2017-04-10 21:06:48,11.7
2017-04-11 01:07:00,2017-04-10 21:07:36,11.8
2017-04-11 01:08:00,2017-04-10 21:08:24,12.0
2017-04-11 01:09:00,2017-04-10 21:09:12,12.2
2017-04-11 01:10:00,2017-04-10 21:10:00,12.2
2017-04-11 01:10:00,2017-04-10 21:10:48,12.2
2017-04-11 01:11:00,2017-04-10 21:11:36,12.2
2017-04-11 01:12:00,2017-04-10 21:12:24,12.0
2017-04-11 01:13:00,2017-04-10 21:13:12,12.0
2017-04-11 01:14:00,2017-04-10 21:14:00,12.0
2017-04-11 01:14:00,2017-04-10 21:14:48,12.0
2017-04-11 01:15:00,2017-04-10 21:15:36,12.0
2017-04-11 01:16:00,2017-04-10 21:16:24,12.0
2017-04-11 01:17:00,2017-04-10 21:17:12,12.1
2017-04-11 01:18:00,2017-04-10 21:18:00,12.0
2017-04-11 01:18:00,2017-04-10 21:18:48,12.0
2017-04-11 01:19:00,2017-04-10 21:19:36,12.0
2017-04-11 01:20:00,2017-04-10 21:20:24,12.0
2017-04-11 01:21:00,2017-04-10 21:21:12,12.0
2017-04-11 01:22:00,2017-04-10 21:22:00,12.0
2017-04-11 01:22:00,2017-04-10 21:22:48,12.0
2017-04-11 01:23:00,2017-04-10 21:23:36,12.0
2017-04-11 01:24:00,2017-04-10 21:24:24,12.0
2017-04-11 01:25:00,2017-04-10 21:25:12,12.0
2017-04-11 01:26:00,2017-04-10 21:26:00,12.0
2017-04-11 01:26:00,2017-04-10 21:26:48,11.9
2017-04-11 01:27:00,2017-04-10 21:27:36,11.9
2017-04-11 01:28:00,2017-04-10 21:28:24,11.8
2017-04-11 01:29:00,2017-04-10 21:29:12,11.8
2017-04-11 01:30:00,2017-04-10 21:30:00,11.7
2017-04-11 01:30:00,2017-04-10 21:30:48,11.7
2017-04-11 01:31:00,2017-04-10 21:31:36,11.7
2017-04-11 01:32:00,2017-04-10 21:32:24,11.8
2017-04-11 01:33:00,2017-04-10 21:33:12,11.9
2017-04-11 01:34:00,2017-04-10 21:34:48,11.9
2017-04-11 01:35:00,2017-04-10 21:35:36,11.9
2017-04-11 01:36:00,2017-04-10 21:36:24,11.9
2017-04-11 01:37:00,2017-04-10 21:37:12,11.8
2017-04-11 01:38:00,2017-04-10 21:38:00,11.7
2017-04-11 01:38:00,2017-04-10 21:38:48,11.7
2017-04-11 01:39:00,2017-04-10 21:39:36,11.6
2017-04-11 01:40:00,2017-04-10 21:40:24,11.5
2017-04-11 01:41:00,2017-04-10 21:41:12,11.4
2017-04-11 01:42:00,2017-04-10 21:42:00,11.4
2017-04-11 01:42:00,2017-04-10 21:42:48,11.3
2017-04-11 01:43:00,2017-04-10 21:43:36,11.3
2017-04-11 01:44:00,2017-04-10 21:44:24,11.2
2017-04-11 01:45:00,2017-04-10 21:45:12,11.1
2017-04-11 01:46:00,2017-04-10 21:46:00,11.1
2017-04-11 01:46:00,2017-04-10 21:46:48,11.1
2017-04-11 01:47:00,2017-04-10 21:47:36,11.1
2017-04-11 01:48:00,2017-04-10 21:48:24,11.1
2017-04-11 01:49:00,2017-04-10 21:49:12,11.1
2017-04-11 01:50:00,2017-04-10 21:50:00,11.1
2017-04-11 01:50:00,2017-04-10 21:50:48,11.1
2017-04-11 01:51:00,2017-04-10 21:51:36,11.1
2017-04-11 01:52:00,2017-04-10 21:52:24,11.1
2017-04-11 01:53:00,2017-04-10 21:53:12,11.0
2017-04-11 01:54:00,2017-04-10 21:54:00,11.0
2017-04-11 01:54:00,2017-04-10 21:54:48,11.0
2017-04-11 01:55:00,2017-04-10 21:55:36,11.0
2017-04-11 01:56:00,2017-04-10 21:56:24,10.9
2017-04-11 01:57:00,2017-04-10 21:57:12,10.8
2017-04-11 01:58:00,2017-04-10 21:58:00,10.8
2017-04-11 01:59:00,2017-04-10 21:59:36,10.8
2017-04-11 02:00:00,2017-04-10 22:00:24,10.8
2017-04-11 02:02:00,2017-04-10 22:01:12,10.8
2017-04-11 02:02:00,2017-04-10 22:02:48,10.8
2017-04-11 02:03:00,2017-04-10 22:03:36,10.8
2017-04-11 02:04:00,2017-04-10 22:04:24,10.8
2017-04-11 02:05:00,2017-04-10 22:05:12,11.2
2017-04-11 02:06:00,2017-04-10 22:06:00,11.4
2017-04-11 02:06:00,2017-04-10 22:06:48,11.6
2017-04-11 02:07:00,2017-04-10 22:07:36,11.8
2017-04-11 02:08:00,2017-04-10 22:08:24,11.9
2017-04-11 02:09:00,2017-04-10 22:09:12,11.9
2017-04-11 02:10:00,2017-04-10 22:10:00,12.0
2017-04-11 02:10:00,2017-04-10 22:10:48,12.0
2017-04-11 02:11:00,2017-04-10 22:11:36,12.1
2017-04-11 02:12:00,2017-04-10 22:12:24,12.1
2017-04-11 02:13:00,2017-04-10 22:13:12,12.2
2017-04-11 02:14:00,2017-04-10 22:14:00,12.3
2017-04-11 02:14:00,2017-04-10 22:14:48,12.4
2017-04-11 02:15:00,2017-04-10 22:15:36,12.4
2017-04-11 02:16:00,2017-04-10 22:16:24,12.5
2017-04-11 02:17:00,2017-04-10 22:17:12,12.5
2017-04-11 02:18:00,2017-04-10 22:18:48,12.5
2017-04-11 02:19:00,2017-04-10 22:19:36,12.5
2017-04-11 02:20:00,2017-04-10 22:20:24,12.6
2017-04-11 02:21:00,2017-04-10 22:21:12,12.7
2017-04-11 02:22:00,2017-04-10 22:22:00,12.7
2017-04-11 02:22:00,2017-04-10 22:22:48,12.8
2017-04-11 02:23:00,2017-04-10 22:23:36,12.8
2017-04-11 02:24:00,2017-04-10 22:24:24,12.8
2017-04-11 02:25:00,2017-04-10 22:25:12,12.9
2017-04-11 02:26:00,2017-04-10 22:26:00,12.9
2017-04-11 02:26:00,2017-04-10 22:26:48,12.9
2017-04-11 02:27:00,2017-04-10 22:27:36,12.9
2017-04-11 02:28:00,2017-04-10 22:28:24,13.0
2017-04-11 02:29:00,2017-04-10 22:29:12,13.0
2017-04-11 02:30:00,2017-04-10 22:30:00,13.0
2017-04-11 02:30:00,2017-04-10 22:30:48,13.0
2017-04-11 02:31:00,2017-04-10 22:31:36,13.0
2017-04-11 02:32:00,2017-04-10 22:32:24,13.0
2017-04-11 03:01:00,2017-04-10 23:01:12,12.7
2017-04-11 03:02:00,2017-04-10 23:02:00,12.8
2017-04-11 03:02:00,2017-04-10 23:02:48,12.8
2017-04-11 03:03:00,2017-04-10 23:03:36,12.8
2017-04-11 03:04:00,2017-04-10 23:04:24,12.8
2017-04-11 03:05:00,2017-04-10 23:05:12,12.8
2017-04-11 03:06:00,2017-04-10 23:06:00,12.8
2017-04-11 03:06:00,2017-04-10 23:06:48,12.9
2017-04-11 03:07:00,2017-04-10 23:07:36,12.9
2017-04-11 03:08:00,2017-04-10 23:08:24,12.8
2017-04-11 03:09:00,2017-04-10 23:09:12,12.8
2017-04-11 03:10:00,2017-04-10 23:10:00,12.8
2017-04-11 03:10:00,2017-04-10 23:10:48,12.8
2017-04-11 03:11:00,2017-04-10 23:11:36,12.8
2017-04-11 03:12:00,2017-04-10 23:12:24,12.8
2017-04-11 03:13:00,2017-04-10 23:13:12,12.9
2017-04-11 03:14:00,2017-04-10 23:14:00,13.0
2017-04-11 03:14:00,2017-04-10 23:14:48,13.0
2017-04-11 03:15:00,2017-04-10 23:15:36,13.0
2017-04-11 03:16:00,2017-04-10 23:16:24,13.0
2017-04-11 03:17:00,2017-04-10 23:17:12,13.0
2017-04-11 03:18:00,2017-04-10 23:18:00,13.0
2017-04-11 03:18:00,2017-04-10 23:18:48,13.0
2017-04-11 03:19:00,2017-04-10 23:19:36,13.0
2017-04-11 03:20:00,2017-04-10 23:20:24,13.0
2017-04-11 03:22:00,2017-04-10 23:22:00,13.0
2017-04-11 03:22:00,2017-04-10 23:22:48,13.0
2017-04-11 04:02:00,2017-04-10 23:26:12,13.0
2017-04-11 04:02:00,2017-04-10 23:27:12,13.0
2017-04-11 04:02:00,2017-04-10 23:28:12,13.0
2017-04-11 04:02:00,2017-04-10 23:30:12,12.9
2017-04-11 04:02:00,2017-04-10 23:31:12,12.9
2017-04-11 04:02:00,2017-04-10 23:32:12,12.9
2017-04-11 04:02:00,2017-04-10 23:34:12,12.8
2017-04-11 04:02:00,2017-04-10 23:35:12,12.8
2017-04-11 04:02:00,2017-04-10 23:36:12,12.8
2017-04-11 04:02:00,2017-04-10 23:38:12,12.8
2017-04-11 04:02:00,2017-04-10 23:39:12,12.8
2017-04-11 04:02:00,2017-04-10 23:40:12,12.8
2017-04-11 04:02:00,2017-04-10 23:42:12,12.7
2017-04-11 04:02:00,2017-04-10 23:43:12,12.7
2017-04-11 04:02:00,2017-04-10 23:44:12,12.6
2017-04-11 04:02:00,2017-04-10 23:46:12,12.5
2017-04-11 04:02:00,2017-04-10 23:47:12,12.5
2017-04-11 04:02:00,2017-04-10 23:48:12,12.5
2017-04-11 04:02:00,2017-04-10 23:50:12,12.4
2017-04-11 04:02:00,2017-04-10 23:51:12,12.4
2017-04-11 04:02:00,2017-04-10 23:52:12,12.4
2017-04-11 04:02:00,2017-04-10 23:54:12,12.4
2017-04-11 04:02:00,2017-04-10 23:55:12,12.4
2017-04-11 04:02:00,2017-04-10 23:56:12,12.4
2017-04-11 04:02:00,2017-04-10 23:58:12,12.4
2017-04-11 04:02:00,2017-04-10 23:59:12,12.4
2017-04-11 04:02:00,2017-04-11 00:00:12,12.4
2017-04-11 04:02:00,2017-04-11 00:01:12,12.4
2017-04-11 04:02:00,2017-04-11 00:02:00,12.4
2017-04-11 04:02:00,2017-04-11 00:02:48,12.4
2017-04-11 04:03:00,2017-04-11 00:03:36,12.4
2017-04-11 04:06:00,2017-04-11 00:05:12,12.4
2017-04-11 04:06:00,2017-04-11 00:06:00,12.4
2017-04-11 04:06:00,2017-04-11 00:06:48,12.4
2017-04-11 04:07:00,2017-04-11 00:07:36,12.4
2017-04-11 04:08:00,2017-04-11 00:08:24,12.4
2017-04-11 04:10:00,2017-04-11 00:09:12,12.4
2017-04-11 04:10:00,2017-04-11 00:10:48,12.4
2017-04-11 04:11:00,2017-04-11 00:11:36,12.3
2017-04-11 04:12:00,2017-04-11 00:12:24,12.3
2017-04-11 04:15:00,2017-04-11 00:13:12,12.3
2017-04-11 04:15:00,2017-04-11 00:14:12,12.3
2017-04-11 04:15:00,2017-04-11 00:15:36,12.3
2017-04-11 04:18:00,2017-04-11 00:17:12,12.3
2017-04-11 04:18:00,2017-04-11 00:18:00,12.3
2017-04-11 04:18:00,2017-04-11 00:18:48,12.3
2017-04-11 04:19:00,2017-04-11 00:19:36,12.3
2017-04-11 04:20:00,2017-04-11 00:20:24,12.3
2017-04-11 04:22:00,2017-04-11 00:21:12,12.3
2017-04-11 04:22:00,2017-04-11 00:22:48,12.3
2017-04-11 04:23:00,2017-04-11 00:23:36,12.2
2017-04-11 04:24:00,2017-04-11 00:24:24,12.2
2017-04-11 04:26:00,2017-04-11 00:25:12,12.2
2017-04-11 04:26:00,2017-04-11 00:26:00,12.2
2017-04-11 04:26:00,2017-04-11 00:26:48,12.2
2017-04-11 04:27:00,2017-04-11 00:27:36,12.1
2017-04-11 04:28:00,2017-04-11 00:28:24,12.2
2017-04-11 04:30:00,2017-04-11 00:29:12,12.2
2017-04-11 04:30:00,2017-04-11 00:30:00,12.2
2017-04-11 04:30:00,2017-04-11 00:30:48,12.1
2017-04-11 04:31:00,2017-04-11 00:31:36,12.1
2017-04-11 04:32:00,2017-04-11 00:32:24,12.1
2017-04-11 04:34:00,2017-04-11 00:33:12,12.1
2017-04-11 04:34:00,2017-04-11 00:34:00,12.1
2017-04-11 04:34:00,2017-04-11 00:34:48,12.1
2017-04-11 04:35:00,2017-04-11 00:35:36,12.1
2017-04-11 04:36:00,2017-04-11 00:36:24,12.2
2017-04-11 04:38:00,2017-04-11 00:37:12,12.2
2017-04-11 04:38:00,2017-04-11 00:38:00,12.1
2017-04-11 04:38:00,2017-04-11 00:38:48,12.3
2017-04-11 04:39:00,2017-04-11 00:39:36,12.3
2017-04-11 04:40:00,2017-04-11 00:40:24,12.3
2017-04-11 04:42:00,2017-04-11 00:41:12,12.3
2017-04-11 04:42:00,2017-04-11 00:42:00,12.3
2017-04-11 04:42:00,2017-04-11 00:42:48,12.3
2017-04-11 04:43:00,2017-04-11 00:43:36,12.3
2017-04-11 04:44:00,2017-04-11 00:44:24,12.3
2017-04-11 04:45:00,2017-04-11 00:45:12,12.3
2017-04-11 04:46:00,2017-04-11 00:46:00,12.3
2017-04-11 04:46:00,2017-04-11 00:46:48,12.1
2017-04-11 04:47:00,2017-04-11 00:47:36,12.1
2017-04-11 04:48:00,2017-04-11 00:48:24,12.1
2017-04-11 04:50:00,2017-04-11 00:49:12,12.1
2017-04-11 04:50:00,2017-04-11 00:50:00,12.1
2017-04-11 04:50:00,2017-04-11 00:50:48,12.1
2017-04-11 04:51:00,2017-04-11 00:51:36,12.1
2017-04-11 04:52:00,2017-04-11 00:52:24,12.1
2017-04-11 04:54:00,2017-04-11 00:53:12,12.1
2017-04-11 04:54:00,2017-04-11 00:54:00,12.1
2017-04-11 04:54:00,2017-04-11 00:54:48,12.1
2017-04-11 04:55:00,2017-04-11 00:55:36,12.0
2017-04-11 04:56:00,2017-04-11 00:56:24,12.0
2017-04-11 04:58:00,2017-04-11 00:57:12,12.0
2017-04-11 04:58:00,2017-04-11 00:58:00,11.9
2017-04-11 04:58:00,2017-04-11 00:58:48,11.9
2017-04-11 04:59:00,2017-04-11 00:59:36,11.9
2017-04-11 05:00:00,2017-04-11 01:00:24,11.9
2017-04-11 05:02:00,2017-04-11 01:01:12,11.9
2017-04-11 05:02:00,2017-04-11 01:02:00,11.9
2017-04-11 05:02:00,2017-04-11 01:02:48,11.9
2017-04-11 05:04:00,2017-04-11 01:04:24,11.9
2017-04-11 05:06:00,2017-04-11 01:05:12,11.9
2017-04-11 05:06:00,2017-04-11 01:06:00,11.9
2017-04-11 05:07:00,2017-04-11 01:07:36,11.9
2017-04-11 05:08:00,2017-04-11 01:08:24,11.9
2017-04-11 05:10:00,2017-04-11 01:09:12,11.9
2017-04-11 05:10:00,2017-04-11 01:10:00,11.9
2017-04-11 05:10:00,2017-04-11 01:10:48,11.9
2017-04-11 05:11:00,2017-04-11 01:11:36,11.8
2017-04-11 05:12:00,2017-04-11 01:12:24,11.8
2017-04-11 05:14:00,2017-04-11 01:13:12,11.8
2017-04-11 05:14:00,2017-04-11 01:14:00,11.7
2017-04-11 05:14:00,2017-04-11 01:14:48,11.7
2017-04-11 05:15:00,2017-04-11 01:15:36,11.7
2017-04-11 05:16:00,2017-04-11 01:16:24,11.7
2017-04-11 05:18:00,2017-04-11 01:17:12,11.7
2017-04-11 05:18:00,2017-04-11 01:18:00,11.7
2017-04-11 05:18:00,2017-04-11 01:18:48,11.6
2017-04-11 05:19:00,2017-04-11 01:19:36,11.6
2017-04-11 05:20:00,2017-04-11 01:20:24,11.6
2017-04-11 05:22:00,2017-04-11 01:21:12,11.6
2017-04-11 05:22:00,2017-04-11 01:22:00,11.6
2017-04-11 05:22:00,2017-04-11 01:22:48,11.6
2017-04-11 05:23:00,2017-04-11 01:23:36,11.6
2017-04-11 05:24:00,2017-04-11 01:24:24,11.6
2017-04-11 05:26:00,2017-04-11 01:25:12,11.6
2017-04-11 05:26:00,2017-04-11 01:26:00,11.6
2017-04-11 05:26:00,2017-04-11 01:26:48,11.6
2017-04-11 05:27:00,2017-04-11 01:27:36,11.6
2017-04-11 05:28:00,2017-04-11 01:28:24,11.6
2017-04-11 05:30:00,2017-04-11 01:29:12,11.6
2017-04-11 05:30:00,2017-04-11 01:30:00,11.6
2017-04-11 05:30:00,2017-04-11 01:30:48,11.6
2017-04-11 05:31:00,2017-04-11 01:31:36,11.5
2017-04-11 05:32:00,2017-04-11 01:32:24,11.5
2017-04-11 05:34:00,2017-04-11 01:33:12,11.5
2017-04-11 05:34:00,2017-04-11 01:34:00,11.5
2017-04-11 05:34:00,2017-04-11 01:34:48,11.5
2017-04-11 05:36:00,2017-04-11 01:36:24,11.5
2017-04-11 05:37:00,2017-04-11 01:37:12,11.6
2017-04-11 05:38:00,2017-04-11 01:38:02,11.4
2017-04-11 05:38:00,2017-04-11 01:38:50,11.4
2017-04-11 05:39:00,2017-04-11 01:39:38,11.4
2017-04-11 05:40:00,2017-04-11 01:40:26,11.4
2017-04-11 05:42:00,2017-04-11 01:41:12,11.4
2017-04-11 05:42:00,2017-04-11 01:42:02,11.4
2017-04-11 05:43:00,2017-04-11 01:43:38,11.3
2017-04-11 05:44:00,2017-04-11 01:44:26,11.3
2017-04-11 05:46:00,2017-04-11 01:45:12,11.3
2017-04-11 05:46:00,2017-04-11 01:46:02,11.3
2017-04-11 05:46:00,2017-04-11 01:46:50,11.3
2017-04-11 05:50:00,2017-04-11 01:48:12,11.3
2017-04-11 05:50:00,2017-04-11 01:49:12,11.3
2017-04-11 05:50:00,2017-04-11 01:50:02,11.3
2017-04-11 05:50:00,2017-04-11 01:50:50,11.3
2017-04-11 05:51:00,2017-04-11 01:51:38,11.3
2017-04-11 05:52:00,2017-04-11 01:52:26,11.3
2017-04-11 05:54:00,2017-04-11 01:53:12,11.3
2017-04-11 05:54:00,2017-04-11 01:54:02,11.3
2017-04-11 05:54:00,2017-04-11 01:54:50,11.2
2017-04-11 05:55:00,2017-04-11 01:55:38,11.2
2017-04-11 05:56:00,2017-04-11 01:56:26,11.3
2017-04-11 05:58:00,2017-04-11 01:57:12,11.3
2017-04-11 05:58:00,2017-04-11 01:58:02,11.3
2017-04-11 05:59:00,2017-04-11 01:59:38,11.3
2017-04-11 06:00:00,2017-04-11 02:00:26,11.3
2017-04-11 06:02:00,2017-04-11 02:01:12,11.3
2017-04-11 06:02:00,2017-04-11 02:02:02,11.3
2017-04-11 06:03:00,2017-04-11 02:03:38,11.3
2017-04-11 06:04:00,2017-04-11 02:04:26,11.3
2017-04-11 06:06:00,2017-04-11 02:05:12,11.3
2017-04-11 06:06:00,2017-04-11 02:06:02,11.2
2017-04-11 06:06:00,2017-04-11 02:06:50,11.2
2017-04-11 06:07:00,2017-04-11 02:07:38,11.2
2017-04-11 06:08:00,2017-04-11 02:08:26,11.3
2017-04-11 06:10:00,2017-04-11 02:09:12,11.3
2017-04-11 06:10:00,2017-04-11 02:10:02,11.3
2017-04-11 06:10:00,2017-04-11 02:10:50,11.3
2017-04-11 06:11:00,2017-04-11 02:11:38,11.3
2017-04-11 06:12:00,2017-04-11 02:12:26,11.3
2017-04-11 06:13:00,2017-04-11 02:13:14,11.3
2017-04-11 06:14:00,2017-04-11 02:14:02,11.3
2017-04-11 06:14:00,2017-04-11 02:14:50,11.3
2017-04-11 06:15:00,2017-04-11 02:15:38,11.4
2017-04-11 06:16:00,2017-04-11 02:16:26,11.4
2017-04-11 06:18:00,2017-04-11 02:17:12,11.4
2017-04-11 06:18:00,2017-04-11 02:18:02,11.5
2017-04-11 06:18:00,2017-04-11 02:18:50,11.5
2017-04-11 06:19:00,2017-04-11 02:19:38,11.6
2017-04-11 06:20:00,2017-04-11 02:20:26,11.7
2017-04-11 06:21:00,2017-04-11 02:21:14,11.7
2017-04-11 06:22:00,2017-04-11 02:22:02,11.7
2017-04-11 06:22:00,2017-04-11 02:22:50,11.7
2017-04-11 06:23:00,2017-04-11 02:23:38,11.8
2017-04-11 06:24:00,2017-04-11 02:24:26,11.8
2017-04-11 06:26:00,2017-04-11 02:25:12,11.8
2017-04-11 06:26:00,2017-04-11 02:26:02,11.8
2017-04-11 06:26:00,2017-04-11 02:26:50,11.8
2017-04-11 06:27:00,2017-04-11 02:27:38,11.8
2017-04-11 06:28:00,2017-04-11 02:28:26,11.8
2017-04-11 06:29:00,2017-04-11 02:29:14,11.8
2017-04-11 06:30:00,2017-04-11 02:30:02,11.8
2017-04-11 06:30:00,2017-04-11 02:30:50,11.8
2017-04-11 06:31:00,2017-04-11 02:31:38,11.7
2017-04-11 06:32:00,2017-04-11 02:32:26,11.7
2017-04-11 06:34:00,2017-04-11 02:33:12,11.7
2017-04-11 06:34:00,2017-04-11 02:34:02,11.6
2017-04-11 06:34:00,2017-04-11 02:34:50,11.5
2017-04-11 06:35:00,2017-04-11 02:35:38,11.4
2017-04-11 06:36:00,2017-04-11 02:36:26,11.4
2017-04-11 06:37:00,2017-04-11 02:37:14,11.3
2017-04-11 06:38:00,2017-04-11 02:38:02,11.3
2017-04-11 06:38:00,2017-04-11 02:38:50,11.2
2017-04-11 06:39:00,2017-04-11 02:39:38,11.1
2017-04-11 06:40:00,2017-04-11 02:40:26,11.0
2017-04-11 06:42:00,2017-04-11 02:41:12,11.0
2017-04-11 06:42:00,2017-04-11 02:42:02,10.6
2017-04-11 06:42:00,2017-04-11 02:42:50,10.5
2017-04-11 06:43:00,2017-04-11 02:43:38,10.5
2017-04-11 06:44:00,2017-04-11 02:44:26,10.4
2017-04-11 06:46:00,2017-04-11 02:45:12,10.4
2017-04-11 06:46:00,2017-04-11 02:46:02,10.3
2017-04-11 06:46:00,2017-04-11 02:46:50,10.2
2017-04-11 06:47:00,2017-04-11 02:47:38,10.2
2017-04-11 06:48:00,2017-04-11 02:48:26,10.0
2017-04-11 06:50:00,2017-04-11 02:49:12,10.0
2017-04-11 06:50:00,2017-04-11 02:50:02,10.0
2017-04-11 06:50:00,2017-04-11 02:50:50,10.0
2017-04-11 06:51:00,2017-04-11 02:51:38,9.9
2017-04-11 06:52:00,2017-04-11 02:52:26,9.9
2017-04-11 06:54:00,2017-04-11 02:53:12,9.9
2017-04-11 06:54:00,2017-04-11 02:54:02,9.9
2017-04-11 06:54:00,2017-04-11 02:54:50,9.9
2017-04-11 06:55:00,2017-04-11 02:55:38,9.8
2017-04-11 06:56:00,2017-04-11 02:56:26,9.6
2017-04-11 06:57:00,2017-04-11 02:57:14,9.6
2017-04-11 06:58:00,2017-04-11 02:58:02,9.1
2017-04-11 06:58:00,2017-04-11 02:58:50,9.0
2017-04-11 06:59:00,2017-04-11 02:59:38,9.1
2017-04-11 07:00:00,2017-04-11 03:00:26,8.8
2017-04-11 07:01:00,2017-04-11 03:01:14,8.8
2017-04-11 07:02:00,2017-04-11 03:02:02,8.7
2017-04-11 07:02:00,2017-04-11 03:02:50,8.6
2017-04-11 07:03:00,2017-04-11 03:03:38,8.5
2017-04-11 07:04:00,2017-04-11 03:04:26,8.5
2017-04-11 07:05:00,2017-04-11 03:05:14,8.4
2017-04-11 07:06:00,2017-04-11 03:06:02,8.3
2017-04-11 07:06:00,2017-04-11 03:06:50,8.2
2017-04-11 07:07:00,2017-04-11 03:07:38,8.2
2017-04-11 07:08:00,2017-04-11 03:08:26,8.1
2017-04-11 07:10:00,2017-04-11 03:09:12,8.1
2017-04-11 07:10:00,2017-04-11 03:10:02,8.1
2017-04-11 07:10:00,2017-04-11 03:10:50,8.0
2017-04-11 07:11:00,2017-04-11 03:11:38,8.0
2017-04-11 07:12:00,2017-04-11 03:12:26,7.9
2017-04-11 07:14:00,2017-04-11 03:13:12,7.9
2017-04-11 07:14:00,2017-04-11 03:14:02,7.9
2017-04-11 07:14:00,2017-04-11 03:14:50,7.9
2017-04-11 07:15:00,2017-04-11 03:15:38,7.8
2017-04-11 07:16:00,2017-04-11 03:16:26,7.8
2017-04-11 07:18:00,2017-04-11 03:17:12,7.8
2017-04-11 07:18:00,2017-04-11 03:18:02,7.7
2017-04-11 07:18:00,2017-04-11 03:18:50,7.7
2017-04-11 07:19:00,2017-04-11 03:19:38,7.7
2017-04-11 07:20:00,2017-04-11 03:20:25,7.7
2017-04-11 07:22:00,2017-04-11 03:21:12,7.7
2017-04-11 07:22:00,2017-04-11 03:22:02,7.7
2017-04-11 07:22:00,2017-04-11 03:22:50,7.7
2017-04-11 07:23:00,2017-04-11 03:23:38,7.7
2017-04-11 07:24:00,2017-04-11 03:24:26,7.7
2017-04-11 07:26:00,2017-04-11 03:25:12,7.7
2017-04-11 07:26:00,2017-04-11 03:26:02,7.5
2017-04-11 07:26:00,2017-04-11 03:26:50,7.5
2017-04-11 07:27:00,2017-04-11 03:27:38,7.5
2017-04-11 07:28:00,2017-04-11 03:28:26,7.5
2017-04-11 07:30:00,2017-04-11 03:29:12,7.5
2017-04-11 07:30:00,2017-04-11 03:30:02,7.5
2017-04-11 07:30:00,2017-04-11 03:30:50,7.5
2017-04-11 07:31:00,2017-04-11 03:31:38,7.5
2017-04-11 07:32:00,2017-04-11 03:32:26,7.5
2017-04-11 07:34:00,2017-04-11 03:33:12,7.5
2017-04-11 07:34:00,2017-04-11 03:34:02,7.5
2017-04-11 07:34:00,2017-04-11 03:34:50,7.5
2017-04-11 07:35:00,2017-04-11 03:35:38,7.5
2017-04-11 07:36:00,2017-04-11 03:36:26,7.5
2017-04-11 07:38:00,2017-04-11 03:37:12,7.5
2017-04-11 07:38:00,2017-04-11 03:38:02,7.5
2017-04-11 07:38:00,2017-04-11 03:38:50,7.5
2017-04-11 07:39:00,2017-04-11 03:39:38,7.5
2017-04-11 07:40:00,2017-04-11 03:40:26,7.5
2017-04-11 07:41:00,2017-04-11 03:41:14,7.5
2017-04-11 07:42:00,2017-04-11 03:42:02,7.5
2017-04-11 07:42:00,2017-04-11 03:42:50,7.5
2017-04-11 07:43:00,2017-04-11 03:43:38,7.4
2017-04-11 07:44:00,2017-04-11 03:44:26,7.4
2017-04-11 07:46:00,2017-04-11 03:45:12,7.4
2017-04-11 07:46:00,2017-04-11 03:46:02,7.3
2017-04-11 07:46:00,2017-04-11 03:46:50,7.3
2017-04-11 07:47:00,2017-04-11 03:47:38,7.3
2017-04-11 07:48:00,2017-04-11 03:48:26,7.2
2017-04-11 07:49:00,2017-04-11 03:49:14,7.2
2017-04-11 07:50:00,2017-04-11 03:50:02,7.2
2017-04-11 07:50:00,2017-04-11 03:50:50,7.2
2017-04-11 07:51:00,2017-04-11 03:51:38,7.2
2017-04-11 07:52:00,2017-04-11 03:52:26,7.1
2017-04-11 07:53:00,2017-04-11 03:53:14,7.1
2017-04-11 07:54:00,2017-04-11 03:54:02,7.1
2017-04-11 07:54:00,2017-04-11 03:54:50,7.1
2017-04-11 07:55:00,2017-04-11 03:55:38,7.1
2017-04-11 07:56:00,2017-04-11 03:56:26,7.1
2017-04-11 07:57:00,2017-04-11 03:57:14,7.1
2017-04-11 07:58:00,2017-04-11 03:58:02,7.1
2017-04-11 08:02:00,2017-04-11 03:59:12,7.1
2017-04-11 08:02:00,2017-04-11 04:00:12,7.1
2017-04-11 08:02:00,2017-04-11 04:01:12,7.1
2017-04-11 08:02:00,2017-04-11 04:02:02,7.1
2017-04-11 08:03:00,2017-04-11 04:03:38,7.1
2017-04-11 08:04:00,2017-04-11 04:04:26,7.1
2017-04-11 08:05:00,2017-04-11 04:05:14,7.1
2017-04-11 08:06:00,2017-04-11 04:06:02,7.0
2017-04-11 08:06:00,2017-04-11 04:06:50,7.0
2017-04-11 08:07:00,2017-04-11 04:07:38,7.0
2017-04-11 08:08:00,2017-04-11 04:08:26,7.0
2017-04-11 08:10:00,2017-04-11 04:09:12,7.0
2017-04-11 08:10:00,2017-04-11 04:10:02,7.0
2017-04-11 08:10:00,2017-04-11 04:10:50,7.0
2017-04-11 08:11:00,2017-04-11 04:11:38,7.0
2017-04-11 08:12:00,2017-04-11 04:12:26,7.0
2017-04-11 08:13:00,2017-04-11 04:13:14,7.0
2017-04-11 08:14:00,2017-04-11 04:14:02,7.0
2017-04-11 08:14:00,2017-04-11 04:14:50,7.0
2017-04-11 08:15:00,2017-04-11 04:15:38,7.0
2017-04-11 08:16:00,2017-04-11 04:16:26,7.0
2017-04-11 08:17:00,2017-04-11 04:17:14,10.7
2017-04-11 08:18:00,2017-04-11 04:18:02,7.0
2017-04-11 08:18:00,2017-04-11 04:18:50,7.0
2017-04-11 09:02:00,2017-04-11 04:20:12,7.0
2017-04-11 09:02:00,2017-04-11 04:25:12,7.0
2017-04-11 09:02:00,2017-04-11 04:26:12,7.0
2017-04-11 09:02:00,2017-04-11 04:32:12,7.0
2017-04-11 09:02:00,2017-04-11 04:41:12,7.0
2017-04-11 09:02:00,2017-04-11 04:43:12,7.1
2017-04-11 09:02:00,2017-04-11 04:44:12,7.1
2017-04-11 09:02:00,2017-04-11 04:45:12,7.1
2017-04-11 09:02:00,2017-04-11 04:47:12,7.1
2017-04-11 09:02:00,2017-04-11 04:48:12,7.1
2017-04-11 09:02:00,2017-04-11 04:49:12,7.1
2017-04-11 09:02:00,2017-04-11 04:50:12,7.1
2017-04-11 09:02:00,2017-04-11 04:51:12,7.2
2017-04-11 09:02:00,2017-04-11 04:52:12,7.2
2017-04-11 09:02:00,2017-04-11 04:53:12,7.2
2017-04-11 09:02:00,2017-04-11 04:54:12,7.2
2017-04-11 09:02:00,2017-04-11 04:55:12,7.2
2017-04-11 09:02:00,2017-04-11 04:56:12,7.2
2017-04-11 09:02:00,2017-04-11 04:57:12,7.3
2017-04-11 09:02:00,2017-04-11 04:58:12,7.3
2017-04-11 09:02:00,2017-04-11 04:59:12,7.3
2017-04-11 09:02:00,2017-04-11 05:00:12,7.3
2017-04-11 09:02:00,2017-04-11 05:01:12,7.3
2017-04-11 09:02:00,2017-04-11 05:02:02,7.3
2017-04-11 09:02:00,2017-04-11 05:02:50,7.3
2017-04-11 09:03:00,2017-04-11 05:03:38,7.3
2017-04-11 09:04:00,2017-04-11 05:04:26,7.3
2017-04-11 09:05:00,2017-04-11 05:05:14,7.3
2017-04-11 09:06:00,2017-04-11 05:06:50,7.3
2017-04-11 09:07:00,2017-04-11 05:07:38,7.3
2017-04-11 09:08:00,2017-04-11 05:08:26,7.3
2017-04-11 09:09:00,2017-04-11 05:09:14,7.3
2017-04-11 09:10:00,2017-04-11 05:10:02,7.3
2017-04-11 09:10:00,2017-04-11 05:10:50,7.3
2017-04-11 09:11:00,2017-04-11 05:11:38,7.3
2017-04-11 09:12:00,2017-04-11 05:12:26,7.3
2017-04-11 09:14:00,2017-04-11 05:13:12,7.3
2017-04-11 09:14:00,2017-04-11 05:14:02,7.3
2017-04-11 09:14:00,2017-04-11 05:14:50,7.3
2017-04-11 09:15:00,2017-04-11 05:15:38,7.3
2017-04-11 09:16:00,2017-04-11 05:16:26,7.3
2017-04-11 09:18:00,2017-04-11 05:17:12,7.3
2017-04-11 09:18:00,2017-04-11 05:18:02,7.3
2017-04-11 09:18:00,2017-04-11 05:18:50,7.3
2017-04-11 09:19:00,2017-04-11 05:19:38,7.2
2017-04-11 09:20:00,2017-04-11 05:20:26,7.2
2017-04-11 09:21:00,2017-04-11 05:21:14,7.1
2017-04-11 09:22:00,2017-04-11 05:22:02,7.2
2017-04-11 09:22:00,2017-04-11 05:22:50,7.2
2017-04-11 09:23:00,2017-04-11 05:23:38,7.2
2017-04-11 09:24:00,2017-04-11 05:24:26,7.2
2017-04-11 09:25:00,2017-04-11 05:25:14,10.6
2017-04-11 09:26:00,2017-04-11 05:26:02,7.2
2017-04-11 09:26:00,2017-04-11 05:26:50,7.2
2017-04-11 09:27:00,2017-04-11 05:27:38,7.2
2017-04-11 09:28:00,2017-04-11 05:28:26,7.2
2017-04-11 09:30:00,2017-04-11 05:29:12,7.2
2017-04-11 09:30:00,2017-04-11 05:30:02,7.1
2017-04-11 09:30:00,2017-04-11 05:30:50,7.1
2017-04-11 09:31:00,2017-04-11 05:31:38,7.1
2017-04-11 09:32:00,2017-04-11 05:32:26,7.0
2017-04-11 09:34:00,2017-04-11 05:33:12,7.0
2017-04-11 09:34:00,2017-04-11 05:34:02,7.0
2017-04-11 09:34:00,2017-04-11 05:34:50,7.0
2017-04-11 09:36:00,2017-04-11 05:36:56,7.0
2017-04-11 09:38:00,2017-04-11 05:38:50,6.9
2017-04-11 09:39:00,2017-04-11 05:39:38,6.9
2017-04-11 09:40:00,2017-04-11 05:40:26,6.8
2017-04-11 09:41:00,2017-04-11 05:41:14,6.7
2017-04-11 09:42:00,2017-04-11 05:42:02,6.7
2017-04-11 09:42:00,2017-04-11 05:42:50,6.7
2017-04-11 09:43:00,2017-04-11 05:43:38,6.7
2017-04-11 09:44:00,2017-04-11 05:44:26,6.7
2017-04-11 09:46:00,2017-04-11 05:45:12,6.7
2017-04-11 09:46:00,2017-04-11 05:46:02,6.7
2017-04-11 10:02:00,2017-04-11 06:02:02,6.7
2017-04-11 10:02:00,2017-04-11 06:02:51,6.7
2017-04-11 10:03:00,2017-04-11 06:03:39,6.7
2017-04-11 10:04:00,2017-04-11 06:04:27,6.7
2017-04-11 10:06:00,2017-04-11 06:05:12,6.7
2017-04-11 10:06:00,2017-04-11 06:06:03,7.0
2017-04-11 10:06:00,2017-04-11 06:06:51,7.0
2017-04-11 10:07:00,2017-04-11 06:07:39,7.0
2017-04-11 10:08:00,2017-04-11 06:08:27,7.0
2017-04-11 10:09:00,2017-04-11 06:09:15,10.4
2017-04-11 10:10:00,2017-04-11 06:10:03,7.0
2017-04-11 10:10:00,2017-04-11 06:10:51,7.0
2017-04-11 10:11:00,2017-04-11 06:11:39,7.0
2017-04-11 10:12:00,2017-04-11 06:12:27,7.0
2017-04-11 10:13:00,2017-04-11 06:13:15,10.4
2017-04-11 10:14:00,2017-04-11 06:14:02,7.0
2017-04-11 10:14:00,2017-04-11 06:14:50,7.0
2017-04-11 10:15:00,2017-04-11 06:15:38,7.0
2017-04-11 10:16:00,2017-04-11 06:16:26,7.0
2017-04-11 10:17:00,2017-04-11 06:17:14,10.4
2017-04-11 10:18:00,2017-04-11 06:18:03,7.0
2017-04-11 10:18:00,2017-04-11 06:18:51,7.0
2017-04-11 10:19:00,2017-04-11 06:19:39,7.0
2017-04-11 10:20:00,2017-04-11 06:20:27,7.0
2017-04-11 10:21:00,2017-04-11 06:21:15,7.0
2017-04-11 10:22:00,2017-04-11 06:22:03,7.0
2017-04-11 10:22:00,2017-04-11 06:22:51,7.0
2017-04-11 10:23:00,2017-04-11 06:23:39,7.0
2017-04-11 10:24:00,2017-04-11 06:24:27,6.9
2017-04-11 10:25:00,2017-04-11 06:25:15,6.8
2017-04-11 10:26:00,2017-04-11 06:26:03,6.8
2017-04-11 10:26:00,2017-04-11 06:26:51,6.8
2017-04-11 10:27:00,2017-04-11 06:27:39,6.8
2017-04-11 10:28:00,2017-04-11 06:28:27,6.8
2017-04-11 10:30:00,2017-04-11 06:29:12,6.8
2017-04-11 10:30:00,2017-04-11 06:30:03,6.7
2017-04-11 10:30:00,2017-04-11 06:30:51,6.7
2017-04-11 10:31:00,2017-04-11 06:31:39,6.7
2017-04-11 10:32:00,2017-04-11 06:32:27,6.7
2017-04-11 10:34:00,2017-04-11 06:33:12,6.7
2017-04-11 10:34:00,2017-04-11 06:34:03,6.7
2017-04-11 10:34:00,2017-04-11 06:34:51,6.7
2017-04-11 10:35:00,2017-04-11 06:35:39,6.8
2017-04-11 10:36:00,2017-04-11 06:36:27,6.8
2017-04-11 10:38:00,2017-04-11 06:37:12,6.8
2017-04-11 10:38:00,2017-04-11 06:38:03,6.8
2017-04-11 10:38:00,2017-04-11 06:38:51,6.8
2017-04-11 10:39:00,2017-04-11 06:39:39,6.8
2017-04-11 10:40:00,2017-04-11 06:40:27,6.8
2017-04-11 10:41:00,2017-04-11 06:41:15,10.2
2017-04-11 10:42:00,2017-04-11 06:42:03,6.9
2017-04-11 10:42:00,2017-04-11 06:42:51,7.0
2017-04-11 10:43:00,2017-04-11 06:43:39,7.0
2017-04-11 10:44:00,2017-04-11 06:44:43,7.0
2017-04-11 10:45:00,2017-04-11 06:45:34,7.0
2017-04-11 10:46:00,2017-04-11 06:46:50,7.1
2017-04-11 10:47:00,2017-04-11 06:47:38,7.0
2017-04-11 10:48:00,2017-04-11 06:48:26,7.0
2017-04-11 10:50:00,2017-04-11 06:49:12,7.0
2017-04-11 10:50:00,2017-04-11 06:50:02,7.0
2017-04-11 10:50:00,2017-04-11 06:50:50,7.1
2017-04-11 10:51:00,2017-04-11 06:51:38,7.1
2017-04-11 10:52:00,2017-04-11 06:52:26,7.1
2017-04-11 10:54:00,2017-04-11 06:53:12,7.1
2017-04-11 10:54:00,2017-04-11 06:54:02,7.1
2017-04-11 10:54:00,2017-04-11 06:54:50,7.1
2017-04-11 10:55:00,2017-04-11 06:55:38,7.1
2017-04-11 10:56:00,2017-04-11 06:56:26,7.1
2017-04-11 10:58:00,2017-04-11 06:57:12,7.1
2017-04-11 10:58:00,2017-04-11 06:58:02,7.1
2017-04-11 10:58:00,2017-04-11 06:58:50,7.1
2017-04-11 10:59:00,2017-04-11 06:59:38,7.1
2017-04-11 11:00:00,2017-04-11 07:00:26,7.1
2017-04-11 11:01:00,2017-04-11 07:01:14,10.1
2017-04-11 11:02:00,2017-04-11 07:02:03,7.1
2017-04-11 11:02:00,2017-04-11 07:02:51,7.1
2017-04-11 11:03:00,2017-04-11 07:03:39,7.1
2017-04-11 11:04:00,2017-04-11 07:04:27,7.1
2017-04-11 11:05:00,2017-04-11 07:05:15,9.9
2017-04-11 11:06:00,2017-04-11 07:06:03,7.1
2017-04-11 11:06:00,2017-04-11 07:06:51,7.1
2017-04-11 11:07:00,2017-04-11 07:07:39,7.1
2017-04-11 11:08:00,2017-04-11 07:08:27,7.1
2017-04-11 11:10:00,2017-04-11 07:09:12,7.1
2017-04-11 11:10:00,2017-04-11 07:10:03,7.1
2017-04-11 11:10:00,2017-04-11 07:10:51,7.1
2017-04-11 11:11:00,2017-04-11 07:11:39,7.1
2017-04-11 11:12:00,2017-04-11 07:12:27,7.0
2017-04-11 11:13:00,2017-04-11 07:13:15,7.1
2017-04-11 11:14:00,2017-04-11 07:14:03,7.1
2017-04-11 11:15:00,2017-04-11 07:15:39,7.1
2017-04-11 11:16:00,2017-04-11 07:16:27,7.2
2017-04-11 11:17:00,2017-04-11 07:17:15,9.8
2017-04-11 11:18:00,2017-04-11 07:18:03,7.2
2017-04-11 11:18:00,2017-04-11 07:18:51,7.2
2017-04-11 11:19:00,2017-04-11 07:19:39,7.2
2017-04-11 11:20:00,2017-04-11 07:20:27,7.2
2017-04-11 11:22:00,2017-04-11 07:21:12,7.2
2017-04-11 11:22:00,2017-04-11 07:22:03,7.3
2017-04-11 11:22:00,2017-04-11 07:22:51,7.3
2017-04-11 11:23:00,2017-04-11 07:23:39,7.3
2017-04-11 11:24:00,2017-04-11 07:24:27,7.3
2017-04-11 11:26:00,2017-04-11 07:25:12,7.3
2017-04-11 11:26:00,2017-04-11 07:26:03,7.4
2017-04-11 11:26:00,2017-04-11 07:26:51,7.5
2017-04-11 11:27:00,2017-04-11 07:27:39,7.5
2017-04-11 11:28:00,2017-04-11 07:28:48,7.5
2017-04-11 11:30:00,2017-04-11 07:30:02,7.7
2017-04-11 11:30:00,2017-04-11 07:30:50,7.7
2017-04-11 11:31:00,2017-04-11 07:31:38,7.7
2017-04-11 11:32:00,2017-04-11 07:32:26,7.7
2017-04-11 11:34:00,2017-04-11 07:33:12,7.7
2017-04-11 11:34:00,2017-04-11 07:34:02,7.8
2017-04-11 11:34:00,2017-04-11 07:34:50,7.8
2017-04-11 11:35:00,2017-04-11 07:35:38,7.7
2017-04-11 11:36:00,2017-04-11 07:36:26,7.7
2017-04-11 11:37:00,2017-04-11 07:37:14,9.7
2017-04-11 11:38:00,2017-04-11 07:38:03,7.7
2017-04-11 11:38:00,2017-04-11 07:38:51,7.7
2017-04-11 11:39:00,2017-04-11 07:39:39,7.7
2017-04-11 11:40:00,2017-04-11 07:40:27,7.7
2017-04-11 11:41:00,2017-04-11 07:41:15,7.8
2017-04-11 11:42:00,2017-04-11 07:42:03,7.8
2017-04-11 11:42:00,2017-04-11 07:42:51,7.8
2017-04-11 11:43:00,2017-04-11 07:43:39,7.8
2017-04-11 11:44:00,2017-04-11 07:44:27,7.8
2017-04-11 11:45:00,2017-04-11 07:45:15,7.8
2017-04-11 11:46:00,2017-04-11 07:46:03,7.9
2017-04-11 11:46:00,2017-04-11 07:46:51,7.9
2017-04-11 11:47:00,2017-04-11 07:47:39,7.9
2017-04-11 11:48:00,2017-04-11 07:48:27,8.0
2017-04-11 11:49:00,2017-04-11 07:49:15,8.1
2017-04-11 11:50:00,2017-04-11 07:50:03,8.2
2017-04-11 11:50:00,2017-04-11 07:50:51,8.3
2017-04-11 11:51:00,2017-04-11 07:51:39,8.4
2017-04-11 11:52:00,2017-04-11 07:52:27,8.4
2017-04-11 11:53:00,2017-04-11 07:53:15,8.5
2017-04-11 11:54:00,2017-04-11 07:54:03,8.6
2017-04-11 11:54:00,2017-04-11 07:54:51,8.6
2017-04-11 11:55:00,2017-04-11 07:55:39,8.7
2017-04-11 11:56:00,2017-04-11 07:56:27,8.7
2017-04-11 11:57:00,2017-04-11 07:57:15,8.7
2017-04-11 11:58:00,2017-04-11 07:58:03,8.7
2017-04-11 11:58:00,2017-04-11 07:58:51,8.7
2017-04-11 12:00:00,2017-04-11 08:00:27,8.7
2017-04-11 12:02:00,2017-04-11 08:01:12,8.7
2017-04-11 12:02:00,2017-04-11 08:02:03,8.7
2017-04-11 12:02:00,2017-04-11 08:02:51,8.7
2017-04-11 12:03:00,2017-04-11 08:03:39,8.7
2017-04-11 12:06:00,2017-04-11 08:05:12,8.7
2017-04-11 12:06:00,2017-04-11 08:06:03,8.8
2017-04-11 12:06:00,2017-04-11 08:06:51,8.8
2017-04-11 12:07:00,2017-04-11 08:07:39,8.8
2017-04-11 12:08:00,2017-04-11 08:08:27,8.8
2017-04-11 12:10:00,2017-04-11 08:09:12,8.8
2017-04-11 12:10:00,2017-04-11 08:10:03,8.8
2017-04-11 12:10:00,2017-04-11 08:10:51,8.8
2017-04-11 12:11:00,2017-04-11 08:11:39,8.8
2017-04-11 12:12:00,2017-04-11 08:12:27,8.8
2017-04-11 12:14:00,2017-04-11 08:13:12,8.8
2017-04-11 12:14:00,2017-04-11 08:14:03,8.8
2017-04-11 12:14:00,2017-04-11 08:14:51,8.8
2017-04-11 12:15:00,2017-04-11 08:15:39,8.8
2017-04-11 12:16:00,2017-04-11 08:16:27,8.8
2017-04-11 12:18:00,2017-04-11 08:17:12,8.8
2017-04-11 12:18:00,2017-04-11 08:18:03,8.8
2017-04-11 12:18:00,2017-04-11 08:18:51,8.8
2017-04-11 12:19:00,2017-04-11 08:19:39,8.8
2017-04-11 12:20:00,2017-04-11 08:20:27,8.8
2017-04-11 12:22:00,2017-04-11 08:21:12,8.8
2017-04-11 12:22:00,2017-04-11 08:22:03,8.8
2017-04-11 12:22:00,2017-04-11 08:22:51,8.8
2017-04-11 12:23:00,2017-04-11 08:23:39,8.8
2017-04-11 12:24:00,2017-04-11 08:24:27,8.8
2017-04-11 12:26:00,2017-04-11 08:25:12,8.8
2017-04-11 12:26:00,2017-04-11 08:26:03,8.8
2017-04-11 12:26:00,2017-04-11 08:26:51,8.8
2017-04-11 12:27:00,2017-04-11 08:27:39,8.8
2017-04-11 12:28:00,2017-04-11 08:28:27,8.8
2017-04-11 12:29:00,2017-04-11 08:29:15,9.5
2017-04-11 12:30:00,2017-04-11 08:30:03,9.3
2017-04-11 12:30:00,2017-04-11 08:30:51,9.4
2017-04-11 12:31:00,2017-04-11 08:31:39,9.4
2017-04-11 12:32:00,2017-04-11 08:32:27,9.8
2017-04-11 12:34:00,2017-04-11 08:33:12,9.8
2017-04-11 12:34:00,2017-04-11 08:34:03,10.2
2017-04-11 12:34:00,2017-04-11 08:34:51,10.2
2017-04-11 12:35:00,2017-04-11 08:35:39,10.2
2017-04-11 12:36:00,2017-04-11 08:36:27,10.2
2017-04-11 12:38:00,2017-04-11 08:37:12,10.2
2017-04-11 12:38:00,2017-04-11 08:38:03,10.1
2017-04-11 12:38:00,2017-04-11 08:38:51,10.1
2017-04-11 12:39:00,2017-04-11 08:39:39,10.1
2017-04-11 12:40:00,2017-04-11 08:40:27,9.9
2017-04-11 12:42:00,2017-04-11 08:41:12,9.9
2017-04-11 12:42:00,2017-04-11 08:42:03,9.6
2017-04-11 12:42:00,2017-04-11 08:42:51,9.6
2017-04-11 12:43:00,2017-04-11 08:43:39,9.6
2017-04-11 12:44:00,2017-04-11 08:44:27,9.6
2017-04-11 12:46:00,2017-04-11 08:45:12,9.6
2017-04-11 12:46:00,2017-04-11 08:46:03,9.5
2017-04-11 12:46:00,2017-04-11 08:46:51,9.5
2017-04-11 12:47:00,2017-04-11 08:47:39,9.5
2017-04-11 12:48:00,2017-04-11 08:48:27,9.6
2017-04-11 12:50:00,2017-04-11 08:49:12,9.6
2017-04-11 12:50:00,2017-04-11 08:50:03,9.6
2017-04-11 12:50:00,2017-04-11 08:50:51,9.6
2017-04-11 12:51:00,2017-04-11 08:51:39,9.6
2017-04-11 12:52:00,2017-04-11 08:52:27,9.7
2017-04-11 12:53:00,2017-04-11 08:53:15,9.8
2017-04-11 12:54:00,2017-04-11 08:54:03,10.1
2017-04-11 12:54:00,2017-04-11 08:54:51,10.1
2017-04-11 12:55:00,2017-04-11 08:55:39,10.1
2017-04-11 12:56:00,2017-04-11 08:56:27,9.8
2017-04-11 12:58:00,2017-04-11 08:57:12,9.8
2017-04-11 12:58:00,2017-04-11 08:58:03,9.6
2017-04-11 12:58:00,2017-04-11 08:58:51,9.6
2017-04-11 12:59:00,2017-04-11 08:59:39,9.6
2017-04-11 13:00:00,2017-04-11 09:00:27,9.8
2017-04-11 13:01:00,2017-04-11 09:01:15,10.1
2017-04-11 13:02:00,2017-04-11 09:02:03,10.2
2017-04-11 13:02:00,2017-04-11 09:02:51,10.2
2017-04-11 13:03:00,2017-04-11 09:03:39,10.2
2017-04-11 13:04:00,2017-04-11 09:04:27,10.2
2017-04-11 13:06:00,2017-04-11 09:05:12,10.2
2017-04-11 13:06:00,2017-04-11 09:06:03,10.1
2017-04-11 13:06:00,2017-04-11 09:06:51,10.1
2017-04-11 13:07:00,2017-04-11 09:07:39,10.1
2017-04-11 13:08:00,2017-04-11 09:08:27,10.0
2017-04-11 13:09:00,2017-04-11 09:09:15,9.8
2017-04-11 13:10:00,2017-04-11 09:10:03,9.7
2017-04-11 13:10:00,2017-04-11 09:10:51,9.7
2017-04-11 13:11:00,2017-04-11 09:11:39,9.6
2017-04-11 13:12:00,2017-04-11 09:12:27,9.6
2017-04-11 13:14:00,2017-04-11 09:13:12,9.6
2017-04-11 13:14:00,2017-04-11 09:14:03,9.6
2017-04-11 13:14:00,2017-04-11 09:14:51,9.5
2017-04-11 13:15:00,2017-04-11 09:15:39,9.5
2017-04-11 13:16:00,2017-04-11 09:16:27,9.4
2017-04-11 13:17:00,2017-04-11 09:17:15,9.4
2017-04-11 13:18:00,2017-04-11 09:18:03,9.3
2017-04-11 13:18:00,2017-04-11 09:18:51,9.3
2017-04-11 13:19:00,2017-04-11 09:19:39,9.3
2017-04-11 13:20:00,2017-04-11 09:20:27,9.3
2017-04-11 13:21:00,2017-04-11 09:21:15,9.3
2017-04-11 13:22:00,2017-04-11 09:22:03,9.3
2017-04-11 13:22:00,2017-04-11 09:22:51,9.3
2017-04-11 13:23:00,2017-04-11 09:23:39,9.3
2017-04-11 13:24:00,2017-04-11 09:24:24,9.3
2017-04-11 13:26:00,2017-04-11 09:25:12,9.3
2017-04-11 13:26:00,2017-04-11 09:26:03,9.4
2017-04-11 13:26:00,2017-04-11 09:26:51,9.4
2017-04-11 13:27:00,2017-04-11 09:27:39,9.5
2017-04-11 13:28:00,2017-04-11 09:28:27,9.5
2017-04-11 13:29:00,2017-04-11 09:29:15,9.5
2017-04-11 13:30:00,2017-04-11 09:30:03,9.6
2017-04-11 13:30:00,2017-04-11 09:30:51,9.6
2017-04-11 13:31:00,2017-04-11 09:31:39,9.5
2017-04-11 13:32:00,2017-04-11 09:32:27,9.5
2017-04-11 13:33:00,2017-04-11 09:33:15,9.4
2017-04-11 13:34:00,2017-04-11 09:34:03,9.3
2017-04-11 13:34:00,2017-04-11 09:34:51,9.3
2017-04-11 13:35:00,2017-04-11 09:35:39,9.3
2017-04-11 13:36:00,2017-04-11 09:36:27,9.3
2017-04-11 13:38:00,2017-04-11 09:37:12,9.3
2017-04-11 13:38:00,2017-04-11 09:38:03,9.3
2017-04-11 13:38:00,2017-04-11 09:38:51,9.3
2017-04-11 13:39:00,2017-04-11 09:39:39,9.3
2017-04-11 13:40:00,2017-04-11 09:40:27,9.3
2017-04-11 13:41:00,2017-04-11 09:41:15,9.3
2017-04-11 13:42:00,2017-04-11 09:42:03,9.3
2017-04-11 13:42:00,2017-04-11 09:42:51,9.3
2017-04-11 13:43:00,2017-04-11 09:43:39,9.3
2017-04-11 13:44:00,2017-04-11 09:44:27,9.4
2017-04-11 13:46:00,2017-04-11 09:45:12,9.4
2017-04-11 13:46:00,2017-04-11 09:46:03,9.4
2017-04-11 13:46:00,2017-04-11 09:46:51,9.4
2017-04-11 13:47:00,2017-04-11 09:47:39,9.3
2017-04-11 13:48:00,2017-04-11 09:48:27,9.3
2017-04-11 13:50:00,2017-04-11 09:49:12,9.3
2017-04-11 13:50:00,2017-04-11 09:50:03,9.3
2017-04-11 13:50:00,2017-04-11 09:50:51,9.3
2017-04-11 13:51:00,2017-04-11 09:51:39,9.3
2017-04-11 13:52:00,2017-04-11 09:52:27,9.3
2017-04-11 13:53:00,2017-04-11 09:53:15,9.6
2017-04-11 13:54:00,2017-04-11 09:54:03,9.3
2017-04-11 13:54:00,2017-04-11 09:54:51,9.3
2017-04-11 13:55:00,2017-04-11 09:55:39,9.3
2017-04-11 13:56:00,2017-04-11 09:56:27,9.3
2017-04-11 13:58:00,2017-04-11 09:57:12,9.3
2017-04-11 13:58:00,2017-04-11 09:58:03,9.4
2017-04-11 13:58:00,2017-04-11 09:58:51,9.4
2017-04-11 13:59:00,2017-04-11 09:59:39,9.4
2017-04-11 14:02:00,2017-04-11 10:01:12,9.4
2017-04-11 14:02:00,2017-04-11 10:02:03,9.4
2017-04-11 14:02:00,2017-04-11 10:02:51,9.4
2017-04-11 14:03:00,2017-04-11 10:03:39,9.4
2017-04-11 14:04:00,2017-04-11 10:04:27,9.4
2017-04-11 14:06:00,2017-04-11 10:05:12,9.4
2017-04-11 14:06:00,2017-04-11 10:06:03,9.4
2017-04-11 14:06:00,2017-04-11 10:06:51,9.3
2017-04-11 14:07:00,2017-04-11 10:07:39,9.3
2017-04-11 14:08:00,2017-04-11 10:08:27,9.3
2017-04-11 14:09:00,2017-04-11 10:09:15,9.5
2017-04-11 14:10:00,2017-04-11 10:10:03,9.4
2017-04-11 14:10:00,2017-04-11 10:10:51,9.4
2017-04-11 14:11:00,2017-04-11 10:11:43,9.4
2017-04-11 14:12:00,2017-04-11 10:12:26,9.4
2017-04-11 14:14:00,2017-04-11 10:13:14,9.5
2017-04-11 14:14:00,2017-04-11 10:14:03,9.5
2017-04-11 14:14:00,2017-04-11 10:14:51,9.6
2017-04-11 14:15:00,2017-04-11 10:15:39,9.6
2017-04-11 14:16:00,2017-04-11 10:16:27,9.7
2017-04-11 14:17:00,2017-04-11 10:17:15,9.5
2017-04-11 14:18:00,2017-04-11 10:18:51,9.8
2017-04-11 14:19:00,2017-04-11 10:19:39,9.6
2017-04-11 14:20:00,2017-04-11 10:20:27,9.5
2017-04-11 14:21:00,2017-04-11 10:21:15,9.5
2017-04-11 14:22:00,2017-04-11 10:22:03,9.5
2017-04-11 14:22:00,2017-04-11 10:22:51,9.5
2017-04-11 14:24:00,2017-04-11 10:24:27,9.6
2017-04-11 14:25:00,2017-04-11 10:25:15,9.7
2017-04-11 14:26:00,2017-04-11 10:26:04,9.7
2017-04-11 14:26:00,2017-04-11 10:26:52,9.7
2017-04-11 14:27:00,2017-04-11 10:27:40,9.7
2017-04-12 09:19:00,2017-04-12 05:18:20,8.8
2017-04-12 09:19:00,2017-04-12 05:19:40,8.8
2017-04-12 09:20:00,2017-04-12 05:20:28,8.8
2017-04-12 09:21:00,2017-04-12 05:21:16,8.8
2017-04-12 09:22:00,2017-04-12 05:22:04,8.8
2017-04-12 09:22:00,2017-04-12 05:22:52,8.8
2017-04-12 09:23:00,2017-04-12 05:23:40,8.8
2017-04-12 09:24:00,2017-04-12 05:24:28,8.8
2017-04-12 09:25:00,2017-04-12 05:25:16,8.8
2017-04-12 09:26:00,2017-04-12 05:26:44,8.8
2017-04-12 09:27:00,2017-04-12 05:27:38,9.3
2017-04-12 09:28:00,2017-04-12 05:28:26,9.3
2017-04-12 09:29:00,2017-04-12 05:29:14,9.3
2017-04-12 09:30:00,2017-04-12 05:30:02,9.3
2017-04-12 09:30:00,2017-04-12 05:30:50,9.4
2017-04-12 09:31:00,2017-04-12 05:31:38,9.4
2017-04-12 09:32:00,2017-04-12 05:32:26,20.8
2017-04-12 09:33:00,2017-04-12 05:33:14,9.6
2017-04-12 09:34:00,2017-04-12 05:34:02,9.7
2017-04-12 09:34:00,2017-04-12 05:34:50,9.7
2017-04-12 09:36:00,2017-04-12 05:36:26,9.8
2017-04-12 09:37:00,2017-04-12 05:37:14,10.0
2017-04-12 09:38:00,2017-04-12 05:38:02,10.0
2017-04-12 09:38:00,2017-04-12 05:38:50,10.0
2017-04-12 09:39:00,2017-04-12 05:39:38,10.0
2017-04-12 09:40:00,2017-04-12 05:40:26,10.0
2017-04-12 09:41:00,2017-04-12 05:41:14,10.0
2017-04-12 09:42:00,2017-04-12 05:42:02,10.0
2017-04-12 09:42:00,2017-04-12 05:42:50,10.0
2017-04-12 09:43:00,2017-04-12 05:43:38,10.1
2017-04-12 09:44:00,2017-04-12 05:44:26,10.1
2017-04-12 09:45:00,2017-04-12 05:45:14,10.3
2017-04-12 09:46:00,2017-04-12 05:46:50,10.4
2017-04-12 09:47:00,2017-04-12 05:47:38,10.4
2017-04-12 09:48:00,2017-04-12 05:48:26,10.5
2017-04-12 09:49:00,2017-04-12 05:49:14,10.5
2017-04-12 09:50:00,2017-04-12 05:50:02,10.4
2017-04-12 09:51:00,2017-04-12 05:51:38,10.4
2017-04-12 09:52:00,2017-04-12 05:52:26,10.4
2017-04-12 09:53:00,2017-04-12 05:53:14,10.4
